{"alpha": 0.9943820797282499, "alpha_std": 0.022123140368441697, "Lambda": 506.9707816312751, "Lambda_std": 53.83557747096293, "D": 0.04816215044356473, "D_std": 0.005045081634386616, "xmin": 1.0000000000000003e-05, "xmin_std": 1.6940658945086007e-21, "V": 0.080578577824044, "V_std": 0.008229848974983243, "Asquare": 5.218072949381538, "Asquare_std": 1.1085946904985795, "Kappa": 1.0002581027464255, "Kappa_std": 0.0005303738993032382}