{"alpha": 0.5038869208532386, "alpha_std": 0.0375323767579078, "Lambda": 4585.932717582634, "Lambda_std": 224.69206430459727, "D": 0.03567090244193975, "D_std": 0.005483335470322523, "xmin": 1.0000000000000003e-05, "xmin_std": 1.6940658945086007e-21, "V": 0.061893148550042194, "V_std": 0.008134741173477374, "Asquare": 2.8330011432843314, "Asquare_std": 0.8236479587451918, "Kappa": 1.0038200926928917, "Kappa_std": 0.0005796633301209098}