{"alpha": 0.5093523864219914, "alpha_std": 0.03572467461724934, "Lambda": 3989.71461177661, "Lambda_std": 187.0862664623343, "D": 0.03250812368178772, "D_std": 0.004537605510798955, "xmin": 1.0000000000000003e-05, "xmin_std": 1.6940658945086007e-21, "V": 0.058127583736249384, "V_std": 0.007708008592390178, "Asquare": 2.5081718966066147, "Asquare_std": 0.7549386102109581, "Kappa": 1.0040407993414042, "Kappa_std": 0.0006350973169454361}