{"alpha": 0.9221655701385976, "alpha_std": 0.025093034686196725, "Lambda": 1099.7338672741473, "Lambda_std": 89.32482995279507, "D": 0.020028580446764057, "D_std": 0.00427202669325325, "xmin": 1.0000000000000003e-05, "xmin_std": 1.6940658945086007e-21, "V": 0.03656336584659843, "V_std": 0.007249954769328885, "Asquare": 0.6687385409577276, "Asquare_std": 0.3194331729257102, "Kappa": 0.9999603448220918, "Kappa_std": 0.00040436884617853604}