{"alpha": 1.020454551217972, "alpha_std": 0.021999859830164396, "Lambda": 413.4882719033757, "Lambda_std": 47.592210405499095, "D": 0.049927994563896176, "D_std": 0.005077891238466115, "xmin": 1.0000000000000003e-05, "xmin_std": 1.6940658945086007e-21, "V": 0.08318642896317174, "V_std": 0.008661063783697699, "Asquare": 5.5005960456288046, "Asquare_std": 1.1490630631417327, "Kappa": 1.0011324223919311, "Kappa_std": 0.0004954633685616632}