{"alpha": 0.7883944470032511, "alpha_std": 0.050638591538598926, "Lambda": 1309.0744190333905, "Lambda_std": 208.0522717237938, "D": 0.05725905724874556, "D_std": 0.009212783840701573, "xmin": 1.0000000000000003e-05, "xmin_std": 1.6940658945086007e-21, "V": 0.09468636021326732, "V_std": 0.014016051808026146, "Asquare": 76162.63732021222, "Asquare_std": 162294.52181138558, "Kappa": 1.0006658208695212, "Kappa_std": 0.0008885714011031587}