{"alpha": 1.0178556203059441, "alpha_std": 0.02229137043926882, "Lambda": 562.5852125656957, "Lambda_std": 57.917679824332204, "D": 0.028931930875241277, "D_std": 0.004695783754784413, "xmin": 1.0000000000000003e-05, "xmin_std": 1.6940658945086007e-21, "V": 0.05296530487482887, "V_std": 0.008199772327568267, "Asquare": 6.567726312048042, "Asquare_std": 9.752745671133194, "Kappa": 1.0006659895155816, "Kappa_std": 0.0004767965601584016}