{"alpha": 1.003576654607519, "alpha_std": 0.021349145174985505, "Lambda": 462.8798286997003, "Lambda_std": 51.092526539585336, "D": 0.047014943382203814, "D_std": 0.005188765510885681, "xmin": 1.0000000000000003e-05, "xmin_std": 1.6940658945086007e-21, "V": 0.08334005924628664, "V_std": 0.009410882215447442, "Asquare": 5.531580780257516, "Asquare_std": 1.6776794230024472, "Kappa": 1.0002289880419086, "Kappa_std": 0.000551017412147374}