{"alpha": 1.0404527567755284, "alpha_std": 0.02324675483564542, "Lambda": 458.3973276488984, "Lambda_std": 55.183097028797704, "D": 0.0387553766377326, "D_std": 0.004924705549672849, "xmin": 1.0000000000000003e-05, "xmin_std": 1.6940658945086007e-21, "V": 0.06955817008289204, "V_std": 0.008452425530199013, "Asquare": 4.172694316880312, "Asquare_std": 1.020680262592253, "Kappa": 1.0014188574238665, "Kappa_std": 0.0004887758237392207}