{"alpha": 0.5047807092837572, "alpha_std": 0.03692856427185698, "Lambda": 3704.2188751545445, "Lambda_std": 184.79928079497563, "D": 0.03558764444997831, "D_std": 0.005160228360092025, "xmin": 1.0000000000000003e-05, "xmin_std": 1.6940658945086007e-21, "V": 0.06608234513187833, "V_std": 0.00907880164884451, "Asquare": 2.1790029181983264, "Asquare_std": 0.6862671588704897, "Kappa": 1.0043557025304752, "Kappa_std": 0.0007304204631671496}