{"alpha": 0.788334578564547, "alpha_std": 0.04733141867957292, "Lambda": 1323.535821345521, "Lambda_std": 193.29971906801964, "D": 0.045657695478670976, "D_std": 0.008471193008045629, "xmin": 1.0000000000000003e-05, "xmin_std": 1.6940658945086007e-21, "V": 0.07932665723074724, "V_std": 0.014299570761355938, "Asquare": 12012.864883834807, "Asquare_std": 42692.66233884146, "Kappa": 1.0008309368310673, "Kappa_std": 0.0007270153833812149}