{"alpha": 0.9207578571361704, "alpha_std": 0.03484953120471976, "Lambda": 704.4468887754585, "Lambda_std": 105.66325063003865, "D": 0.059556157667623975, "D_std": 0.006916718585584487, "xmin": 1.0000000000000003e-05, "xmin_std": 1.6940658945086007e-21, "V": 0.10480317786500465, "V_std": 0.012386206476604166, "Asquare": 34.00182814854141, "Asquare_std": 292.6895628018065, "Kappa": 1.0007614878212705, "Kappa_std": 0.0007689629243613054}