{"alpha": 0.9879412997549574, "alpha_std": 0.023054141543390177, "Lambda": 492.0166915168561, "Lambda_std": 55.09797669739779, "D": 0.05238834863002948, "D_std": 0.005256164759582771, "xmin": 1.0000000000000003e-05, "xmin_std": 1.6940658945086007e-21, "V": 0.09156597633243095, "V_std": 0.009484461622233395, "Asquare": 7.222768304804245, "Asquare_std": 2.826968536375194, "Kappa": 1.0002926234081269, "Kappa_std": 0.0006087379833186072}