{"alpha": 0.5217053332383158, "alpha_std": 0.03733730593319321, "Lambda": 4793.375122232107, "Lambda_std": 226.11636727860815, "D": 0.037621628132295394, "D_std": 0.005492419892169979, "xmin": 1.0000000000000003e-05, "xmin_std": 1.6940658945086007e-21, "V": 0.06358997604538191, "V_std": 0.00823573013990294, "Asquare": 280382.67554222455, "Asquare_std": 616927.3082304443, "Kappa": 1.003619194513476, "Kappa_std": 0.00055997587876705}