{"alpha": 0.8856312104384724, "alpha_std": 0.02795508624830188, "Lambda": 1415.6232311401172, "Lambda_std": 113.20252266930498, "D": 0.017721604406676902, "D_std": 0.0036524328369354634, "xmin": 1.0000000000000003e-05, "xmin_std": 1.6940658945086007e-21, "V": 0.03174984850993308, "V_std": 0.005860466423327552, "Asquare": 0.47619170673507816, "Asquare_std": 0.23210012731709528, "Kappa": 1.0005968679080417, "Kappa_std": 0.0004648152710707779}