{"alpha": 0.45861051316924145, "alpha_std": 0.03780070771628561, "Lambda": 3911.7852340878153, "Lambda_std": 186.59520411625687, "D": 0.04321060348419283, "D_std": 0.00567655716612269, "xmin": 1.0000000000000003e-05, "xmin_std": 1.6940658945086007e-21, "V": 0.07492401329146411, "V_std": 0.008714808478340795, "Asquare": 4.023144677912899, "Asquare_std": 1.0481895438638706, "Kappa": 1.0058525826718003, "Kappa_std": 0.0008086682890724701}