{"alpha": 0.9780378842309035, "alpha_std": 0.02773177464716732, "Lambda": 803.7593505018922, "Lambda_std": 88.26114944345348, "D": 0.02045725942729299, "D_std": 0.004403669029598785, "xmin": 1.0000000000000003e-05, "xmin_std": 1.6940658945086007e-21, "V": 0.03771441173595647, "V_std": 0.007804474619335496, "Asquare": 959.9927991013473, "Asquare_std": 2080.3508126885386, "Kappa": 1.0007202139980933, "Kappa_std": 0.0005335569535352608}