{"alpha": 0.4471309212112601, "alpha_std": 0.03727113405703284, "Lambda": 4806.885792224394, "Lambda_std": 224.8530400635621, "D": 0.02759945222536288, "D_std": 0.004884277772747001, "xmin": 1.0000000000000003e-05, "xmin_std": 1.6940658945086007e-21, "V": 0.04908232689291604, "V_std": 0.007405116818203398, "Asquare": 1.5683734781965235, "Asquare_std": 0.5678097344447386, "Kappa": 1.003221754490104, "Kappa_std": 0.0006736138253486126}