{"alpha": 0.4925806729648904, "alpha_std": 0.03781757797083468, "Lambda": 5067.79605379543, "Lambda_std": 244.881398733487, "D": 0.03705110899326668, "D_std": 0.005392648305611273, "xmin": 1.0000000000000003e-05, "xmin_std": 1.6940658945086007e-21, "V": 0.06124937338686195, "V_std": 0.008023929168460484, "Asquare": 2.5347192806730305, "Asquare_std": 0.7379370861432092, "Kappa": 1.00350245602422, "Kappa_std": 0.00055970773416866}