{"alpha": 0.5310565409564739, "alpha_std": 0.036074400441355015, "Lambda": 5032.35892037631, "Lambda_std": 241.69100830929352, "D": 0.030345959886861954, "D_std": 0.004841435566252724, "xmin": 1.0000000000000003e-05, "xmin_std": 1.6940658945086007e-21, "V": 0.053790940687589064, "V_std": 0.007700100924165524, "Asquare": 2.1262952495705325, "Asquare_std": 0.7010784754681576, "Kappa": 1.002858834904018, "Kappa_std": 0.0005408423063246447}