{"alpha": 0.5128158786054576, "alpha_std": 0.035613005987567316, "Lambda": 4346.347950496841, "Lambda_std": 200.00186528963457, "D": 0.0363946004876634, "D_std": 0.004758563525145273, "xmin": 1.0000000000000003e-05, "xmin_std": 1.6940658945086007e-21, "V": 0.06402264118022347, "V_std": 0.00775273420029224, "Asquare": 3.2361363581738347, "Asquare_std": 0.8551438683094219, "Kappa": 1.0040332138097163, "Kappa_std": 0.0006094906918196911}