{"alpha": 0.9980817744327719, "alpha_std": 0.02342248602362071, "Lambda": 457.8762671213754, "Lambda_std": 54.50885610199678, "D": 0.056035859479451534, "D_std": 0.005400270703737569, "xmin": 1.0000000000000003e-05, "xmin_std": 1.6940658945086007e-21, "V": 0.09274216500383103, "V_std": 0.00923704659085338, "Asquare": 6.82893331860991, "Asquare_std": 1.3590876833257146, "Kappa": 1.0009626605449014, "Kappa_std": 0.0005944586933678424}