{"alpha": 0.9599555443817245, "alpha_std": 0.025425862911588958, "Lambda": 563.7182367304423, "Lambda_std": 66.68525759201277, "D": 0.059175444203513096, "D_std": 0.005557321246787841, "xmin": 1.0000000000000003e-05, "xmin_std": 1.6940658945086007e-21, "V": 0.10131535455026654, "V_std": 0.009718745177313822, "Asquare": 8.33127756099, "Asquare_std": 2.1113423522236596, "Kappa": 0.9997465157669667, "Kappa_std": 0.0006640462488609115}