t,W_less_mesh_locking,W_mesh_locking,W_double_triangle_edge_flip,W_single_triangle_edge_flip,abs_delta_W_mesh_locking,abs_delta_W_double_triangle_edge_flip,abs_delta_W_single_triangle_edge_flip
0,9.4031449293999997e-12,4.0662584411e-11,4.0662584411e-11,4.0662584411e-11,3.1259439481600001e-11,3.1259439481600001e-11,3.1259439481600001e-11
0.001,5.4296121680999996e-06,5.4464880725000004e-06,5.4464880725000004e-06,5.4464880725000004e-06,1.6875904400000769e-08,1.6875904400000769e-08,1.6875904400000769e-08
0.002,2.1701699179e-05,2.1766291515e-05,2.1766291515e-05,2.1766291515e-05,6.4592336000000346e-08,6.4592336000000346e-08,6.4592336000000346e-08
0.0030000000000000001,4.8791677056999997e-05,4.8929771390999998e-05,4.8929771390999998e-05,4.8929771390999998e-05,1.3809433400000041e-07,1.3809433400000041e-07,1.3809433400000041e-07
0.0040000000000000001,8.6674714132999999e-05,8.6907679608000003e-05,8.6907679608000003e-05,8.6907679608000003e-05,2.3296547500000376e-07,2.3296547500000376e-07,2.3296547500000376e-07
0.0050000000000000001,0.00013532596942,0.00013567061916,0.00013567061916,0.00013567061916,3.4464973999999795e-07,3.4464973999999795e-07,3.4464973999999795e-07
0.0060000000000000001,0.00019472057173999999,0.00019518930793000001,0.00019518930793000001,0.00019518930793000001,4.6873619000001657e-07,4.6873619000001657e-07,4.6873619000001657e-07
0.0070000000000000001,0.00026483348499999998,0.00026543452606000002,0.00026543452606000002,0.00026543452606000002,6.0104106000004841e-07,6.0104106000004841e-07,6.0104106000004841e-07
0.0080000000000000002,0.00034563974076999999,0.00034637713989999999,0.00034637713989999999,0.00034637713989999999,7.373991299999957e-07,7.373991299999957e-07,7.373991299999957e-07
0.0089999999999999993,0.00043711439647000001,0.00043798800517999998,0.00043798800517999998,0.00043798800517999998,8.7360870999997038e-07,8.7360870999997038e-07,8.7360870999997038e-07
0.01,0.00053923230122999999,0.00054023820718,0.00054023820718,0.00054023820718,1.0059059500000175e-06,1.0059059500000175e-06,1.0059059500000175e-06
0.010999999999999999,0.00065196834084000005,0.00065309861555000004,0.00065309861555000004,0.00065309861555000004,1.1302747099999847e-06,1.1302747099999847e-06,1.1302747099999847e-06
0.012,0.00077529735752000003,0.00077654051034000001,0.00077654051034000001,0.00077654051034000001,1.2431528199999828e-06,1.2431528199999828e-06,1.2431528199999828e-06
0.012999999999999999,0.00090919418587000005,0.00091053502641000002,0.00091053502641000002,0.00091053502641000002,1.3408405399999721e-06,1.3408405399999721e-06,1.3408405399999721e-06
0.014,0.0010536335001999999,0.0010550533548,0.0010550533548,0.0010550533548,1.4198546000000409e-06,1.4198546000000409e-06,1.4198546000000409e-06
0.014999999999999999,0.0012085900859000001,0.0012100668536,0.0012100668536,0.0012100668536,1.4767676999999629e-06,1.4767676999999629e-06,1.4767676999999629e-06
0.016,0.0013740386415,0.0013755468534999999,0.0013755468534999999,0.0013755468534999999,1.5082119999999116e-06,1.5082119999999116e-06,1.5082119999999116e-06
0.017000000000000001,0.0015499536991000001,0.0015514647929,0.0015514647929,0.0015514647929,1.5110937999999324e-06,1.5110937999999324e-06,1.5110937999999324e-06
0.017999999999999999,0.0017363099860000001,0.0017377922404,0.0017377922404,0.0017377922404,1.4822543999998966e-06,1.4822543999998966e-06,1.4822543999998966e-06
0.019,0.0019330819890999999,0.0019345005903000001,0.0019345005903000001,0.0019345005903000001,1.4186012000001486e-06,1.4186012000001486e-06,1.4186012000001486e-06
0.02,0.0021402442983999999,0.0021415616573000002,0.0021415616573000002,0.0021415616573000002,1.3173589000002421e-06,1.3173589000002421e-06,1.3173589000002421e-06
0.021000000000000001,0.0023577714803000001,0.0023589469801000001,0.0023589469801000001,0.0023589469801000001,1.1754997999999586e-06,1.1754997999999586e-06,1.1754997999999586e-06
0.021999999999999999,0.0025856378427999999,0.0025866283931000001,0.0025866283931000001,0.0025866283931000001,9.90550300000205e-07,9.90550300000205e-07,9.90550300000205e-07
0.023,0.0028238179625999999,0.0028245777077000002,0.0028245777077000002,0.0028245777077000002,7.5974510000027806e-07,7.5974510000027806e-07,7.5974510000027806e-07
0.024,0.0030722862485000001,0.0030727667929000002,0.0030727667929000002,0.0030727667929000002,4.8054440000009149e-07,4.8054440000009149e-07,4.8054440000009149e-07
0.025000000000000001,0.0033310170792000002,0.0033311675805999998,0.0033311675805999998,0.0033311675805999998,1.5050139999962103e-07,1.5050139999962103e-07,1.5050139999962103e-07
0.025999999999999999,0.0035999846923999998,0.0035997520916000001,0.0035997520916000001,0.0035997520916000001,2.326007999997777e-07,2.326007999997777e-07,2.326007999997777e-07
0.027,0.0038791636013,0.0038784923909000002,0.0038784923909000002,0.0038784923909000002,6.7121039999977136e-07,6.7121039999977136e-07,6.7121039999977136e-07
0.028000000000000001,0.0041685280296999997,0.0041673605690000001,0.0041673605690000001,0.0041673605690000001,1.1674606999996853e-06,1.1674606999996853e-06,1.1674606999996853e-06
0.029000000000000001,0.0044680522571000003,0.0044663288789,0.0044663288789,0.0044663288789,1.7233782000003126e-06,1.7233782000003126e-06,1.7233782000003126e-06
0.029999999999999999,0.0047777105411,0.0047753695330999997,0.0047753695330999997,0.0047753695330999997,2.34100800000029e-06,2.34100800000029e-06,2.34100800000029e-06
0.031,0.0050974771951999998,0.0050944548665000002,0.0050944548665000002,0.0050944548665000002,3.0223286999996046e-06,3.0223286999996046e-06,3.0223286999996046e-06
0.032000000000000001,0.0054273262476000001,0.0054235572717999999,0.0054235572717999999,0.0054235572717999999,3.768975800000178e-06,3.768975800000178e-06,3.768975800000178e-06
0.033000000000000002,0.0057672320723999998,0.0057626491968999997,0.0057626491968999997,0.0057626491968999997,4.5828755000001248e-06,4.5828755000001248e-06,4.5828755000001248e-06
0.034000000000000002,0.0061171687727000004,0.0061117030016000001,0.0061117030016000001,0.0061117030016000001,5.4657711000003287e-06,5.4657711000003287e-06,5.4657711000003287e-06
0.035000000000000003,0.0064771105372000001,0.0064706914923999999,0.0064706914923999999,0.0064706914923999999,6.4190448000002107e-06,6.4190448000002107e-06,6.4190448000002107e-06
0.035999999999999997,0.0068470314264000003,0.0068395870220000002,0.0068395870220000002,0.0068395870220000002,7.4444044000001458e-06,7.4444044000001458e-06,7.4444044000001458e-06
0.036999999999999998,0.0072269056483000001,0.0072183624625999998,0.0072183624625999998,0.0072183624625999998,8.5431857000002609e-06,8.5431857000002609e-06,8.5431857000002609e-06
0.037999999999999999,0.0076167072367000002,0.0076069905491,0.0076069905491,0.0076069905491,9.7166876000002664e-06,9.7166876000002664e-06,9.7166876000002664e-06
0.039,0.0080164103179999995,0.0080054439767999995,0.0080054439767999995,0.0080054439767999995,1.0966341199999952e-05,1.0966341199999952e-05,1.0966341199999952e-05
0.040000000000000001,0.0084259889563999997,0.0084136957167000002,0.0084136957167000002,0.0084136957167000002,1.2293239699999459e-05,1.2293239699999459e-05,1.2293239699999459e-05
0.041000000000000002,0.0088454172137999998,0.0088317185896999995,0.0088317185896999995,0.0088317185896999995,1.3698624100000334e-05,1.3698624100000334e-05,1.3698624100000334e-05
0.042000000000000003,0.0092746691324,0.0092594856759000005,0.0092594856759000005,0.0092594856759000005,1.518345649999947e-05,1.518345649999947e-05,1.518345649999947e-05
0.042999999999999997,0.0097137187458999994,0.0096969700052999992,0.0096969700052999992,0.0096969700052999992,1.6748740600000186e-05,1.6748740600000186e-05,1.6748740600000186e-05
0.043999999999999997,0.010162540104000001,0.010144144553999999,0.010144144553999999,0.010144144553999999,1.8395550000001315e-05,1.8395550000001315e-05,1.8395550000001315e-05
0.044999999999999998,0.010621107166,0.010600982658,0.010600982658,0.010600982658,2.0124507999999541e-05,2.0124507999999541e-05,2.0124507999999541e-05
0.045999999999999999,0.011089393980999999,0.011067457378,0.011067457378,0.011067457378,2.1936602999999069e-05,2.1936602999999069e-05,2.1936602999999069e-05
0.047,0.011567374542,0.011543542102000001,0.011543542102000001,0.011543542102000001,2.3832439999999649e-05,2.3832439999999649e-05,2.3832439999999649e-05
0.048000000000000001,0.012055022818,0.012029210134000001,0.012029210134000001,0.012029210134000001,2.5812683999999059e-05,2.5812683999999059e-05,2.5812683999999059e-05
0.049000000000000002,0.012552312836,0.012524434839000001,0.012524434839000001,0.012524434839000001,2.7877996999998989e-05,2.7877996999998989e-05,2.7877996999998989e-05
0.050000000000000003,0.013059218547,0.013029189668000001,0.013029189668000001,0.013029189668000001,3.0028878999999176e-05,3.0028878999999176e-05,3.0028878999999176e-05
0.050999999999999997,0.013575713842000001,0.013543448152000001,0.013543448152000001,0.013543448152000001,3.2265689999999916e-05,3.2265689999999916e-05,3.2265689999999916e-05
0.051999999999999998,0.014101772829000001,0.014067183856999999,0.014067183856999999,0.014067183856999999,3.4588972000001647e-05,3.4588972000001647e-05,3.4588972000001647e-05
0.052999999999999999,0.014637369397,0.014600370356,0.014600370356,0.014600370356,3.6999040999999636e-05,3.6999040999999636e-05,3.6999040999999636e-05
0.053999999999999999,0.0151824775,0.015142981373,0.015142981373,0.015142981373,3.9496126999999034e-05,3.9496126999999034e-05,3.9496126999999034e-05
0.055,0.015737071128000001,0.015694990613999999,0.015694990613999999,0.015694990613999999,4.2080514000002178e-05,4.2080514000002178e-05,4.2080514000002178e-05
0.056000000000000001,0.016301124245,0.016256371899000002,0.016256371899000002,0.016256371899000002,4.4752345999998083e-05,4.4752345999998083e-05,4.4752345999998083e-05
0.057000000000000002,0.016874610819000001,0.016827099006000001,0.016827099006000001,0.016827099006000001,4.7511813000000735e-05,4.7511813000000735e-05,4.7511813000000735e-05
0.058000000000000003,0.017457504703000001,0.017407145892999999,0.017407145892999999,0.017407145892999999,5.0358810000001447e-05,5.0358810000001447e-05,5.0358810000001447e-05
0.058999999999999997,0.018049779979000001,0.017996486544999999,0.017996486544999999,0.017996486544999999,5.3293434000001999e-05,5.3293434000001999e-05,5.3293434000001999e-05
0.059999999999999998,0.018651410577,0.018595094852000001,0.018595094852000001,0.018595094852000001,5.6315724999998762e-05,5.6315724999998762e-05,5.6315724999998762e-05
0.060999999999999999,0.019262370458999999,0.019202944962,0.019202944962,0.019202944962,5.9425496999998551e-05,5.9425496999998551e-05,5.9425496999998551e-05
0.062,0.019882633579000001,0.019820010950000001,0.019820010950000001,0.019820010950000001,6.262262899999968e-05,6.262262899999968e-05,6.262262899999968e-05
0.063,0.020512173923000001,0.020446267043999999,0.020446267043999999,0.020446267043999999,6.590687900000225e-05,6.590687900000225e-05,6.590687900000225e-05
0.064000000000000001,0.021150965470000001,0.021081687413000001,0.021081687413000001,0.021081687413000001,6.9278057000000948e-05,6.9278057000000948e-05,6.9278057000000948e-05
0.065000000000000002,0.021798982216000001,0.021726246410999999,0.021726246410999999,0.021726246410999999,7.2735805000001541e-05,7.2735805000001541e-05,7.2735805000001541e-05
0.066000000000000003,0.022456198116000001,0.022379918209999999,0.022379918209999999,0.022379918209999999,7.6279906000002728e-05,7.6279906000002728e-05,7.6279906000002728e-05
0.067000000000000004,0.023122587177000001,0.023042677357999999,0.023042677357999999,0.023042677357999999,7.9909819000002769e-05,7.9909819000002769e-05,7.9909819000002769e-05
0.068000000000000005,0.023798123421999998,0.023714498229999999,0.023714498229999999,0.023714498229999999,8.3625191999999599e-05,8.3625191999999599e-05,8.3625191999999599e-05
0.069000000000000006,0.024482780844000001,0.024395355308000001,0.024395355308000001,0.024395355308000001,8.7425535999999943e-05,8.7425535999999943e-05,8.7425535999999943e-05
0.070000000000000007,0.025176533498,0.02508522312,0.02508522312,0.02508522312,9.1310378000000053e-05,9.1310378000000053e-05,9.1310378000000053e-05
0.070999999999999994,0.025879355361,0.025784076284,0.025784076284,0.025784076284,9.5279077000000323e-05,9.5279077000000323e-05,9.5279077000000323e-05
0.071999999999999995,0.026591220538000001,0.026491889445999998,0.026491889445999998,0.026491889445999998,9.933109200000248e-05,9.933109200000248e-05,9.933109200000248e-05
0.072999999999999995,0.027312102949000001,0.027208637258000001,0.027208637258000001,0.027208637258000001,0.00010346569100000078,0.00010346569100000078,0.00010346569100000078
0.073999999999999996,0.028041976789999999,0.027934294474000001,0.027934294474000001,0.027934294474000001,0.00010768231599999831,0.00010768231599999831,0.00010768231599999831
0.074999999999999997,0.028780816098000001,0.028668835907,0.028668835907,0.028668835907,0.00011198019100000164,0.00011198019100000164,0.00011198019100000164
0.075999999999999998,0.029528594977,0.029412236389999999,0.029412236389999999,0.029412236389999999,0.00011635858700000112,0.00011635858700000112,0.00011635858700000112
0.076999999999999999,0.030285287429,0.030164470823999999,0.030164470823999999,0.030164470823999999,0.00012081660500000077,0.00012081660500000077,0.00012081660500000077
0.078,0.031050867671000001,0.030925514158999998,0.030925514158999998,0.030925514158999998,0.00012535351200000308,0.00012535351200000308,0.00012535351200000308
0.079000000000000001,0.031825309799000001,0.031695341346000001,0.031695341346000001,0.031695341346000001,0.00012996845299999976,0.00012996845299999976,0.00012996845299999976
0.080000000000000002,0.032608587968000001,0.032473927478999999,0.032473927478999999,0.032473927478999999,0.00013466048900000194,0.00013466048900000194,0.00013466048900000194
0.081000000000000003,0.033400676272000003,0.033261247562000003,0.033261247562000003,0.033261247562000003,0.00013942871000000023,0.00013942871000000023,0.00013942871000000023
0.082000000000000003,0.034201548951999998,0.034057276817999999,0.034057276817999999,0.034057276817999999,0.00014427213399999944,0.00014427213399999944,0.00014427213399999944
0.083000000000000004,0.035011180191000003,0.034861990369999998,0.034861990369999998,0.034861990369999998,0.00014918982100000505,0.00014918982100000505,0.00014918982100000505
0.084000000000000005,0.035829544150000003,0.035675363504000003,0.035675363504000003,0.035675363504000003,0.00015418064600000031,0.00015418064600000031,0.00015418064600000031
0.085000000000000006,0.036656615137999997,0.036497371441000001,0.036497371441000001,0.036497371441000001,0.0001592436969999958,0.0001592436969999958,0.0001592436969999958
0.085999999999999993,0.037492367238999999,0.037327989535000002,0.037327989535000002,0.037327989535000002,0.00016437770399999746,0.00016437770399999746,0.00016437770399999746
0.086999999999999994,0.038336774886,0.038167193146999998,0.038167193146999998,0.038167193146999998,0.00016958173900000206,0.00016958173900000206,0.00016958173900000206
0.087999999999999995,0.039189812256000003,0.039014957711999997,0.039014957711999997,0.039014957711999997,0.00017485454400000683,0.00017485454400000683,0.00017485454400000683
0.088999999999999996,0.040051453664000002,0.039871258692999997,0.039871258692999997,0.039871258692999997,0.0001801949710000042,0.0001801949710000042,0.0001801949710000042
0.089999999999999997,0.040921673435,0.040736071532999997,0.040736071532999997,0.040736071532999997,0.00018560190200000298,0.00018560190200000298,0.00018560190200000298
0.090999999999999998,0.041800445915999997,0.041609371828000001,0.041609371828000001,0.041609371828000001,0.00019107408799999559,0.00019107408799999559,0.00019107408799999559
0.091999999999999998,0.042687745462999999,0.042491135196,0.042491135196,0.042491135196,0.00019661026699999834,0.00019661026699999834,0.00019661026699999834
0.092999999999999999,0.043583546483000002,0.043381337286,0.043381337286,0.043381337286,0.00020220919700000145,0.00020220919700000145,0.00020220919700000145
0.094,0.044487823272000002,0.044279953692000003,0.044279953692000003,0.044279953692000003,0.00020786957999999883,0.00020786957999999883,0.00020786957999999883
0.095000000000000001,0.045400550370000001,0.045186960231000002,0.045186960231000002,0.045186960231000002,0.00021359013899999862,0.00021359013899999862,0.00021359013899999862
0.096000000000000002,0.046321702155999997,0.046102332654000003,0.046102332654000003,0.046102332654000003,0.00021936950199999417,0.00021936950199999417,0.00021936950199999417
0.097000000000000003,0.047251253134999997,0.047026046754000003,0.047026046754000003,0.047026046754000003,0.00022520638099999407,0.00022520638099999407,0.00022520638099999407
0.098000000000000004,0.048189177824,0.047958078411999998,0.047958078411999998,0.047958078411999998,0.00023109941200000206,0.00023109941200000206,0.00023109941200000206
0.099000000000000005,0.049135450602000003,0.048898403514000002,0.048898403514000002,0.048898403514000002,0.00023704708800000029,0.00023704708800000029,0.00023704708800000029
0.10000000000000001,0.050090046160999997,0.049846998002000001,0.049846998002000001,0.049846998002000001,0.00024304815899999638,0.00024304815899999638,0.00024304815899999638
0.10100000000000001,0.051052938999,0.050803837859999999,0.050803837859999999,0.050803837859999999,0.00024910113900000058,0.00024910113900000058,0.00024910113900000058
0.10199999999999999,0.052024103717000003,0.051768899111000001,0.051768899111000001,0.051768899111000001,0.00025520460600000211,0.00025520460600000211,0.00025520460600000211
0.10299999999999999,0.053003514910000001,0.052742157817999999,0.052742157817999999,0.052742157817999999,0.00026135709200000162,0.00026135709200000162,0.00026135709200000162
0.104,0.053991147242,0.053723590080000001,0.053723590080000001,0.053723590080000001,0.00026755716199999835,0.00026755716199999835,0.00026755716199999835
0.105,0.054986975357999998,0.054713172049000003,0.054713172049000003,0.054713172049000003,0.00027380330899999528,0.00027380330899999528,0.00027380330899999528
0.106,0.055990973962999999,0.055710879911000002,0.055710879911000002,0.055710879911000002,0.00028009405199999615,0.00028009405199999615,0.00028009405199999615
0.107,0.057003117757000003,0.056716689883999999,0.056716689883999999,0.056716689883999999,0.00028642787300000444,0.00028642787300000444,0.00028642787300000444
0.108,0.058023381499,0.057730578235000003,0.057730578235000003,0.057730578235000003,0.00029280326399999668,0.00029280326399999668,0.00029280326399999668
0.109,0.059051739951,0.058752521262,0.058752521262,0.058752521262,0.00029921868899999982,0.00029921868899999982,0.00029921868899999982
0.11,0.060088167923000001,0.059782495307999999,0.059782495307999999,0.059782495307999999,0.0003056726150000022,0.0003056726150000022,0.0003056726150000022
0.111,0.061132640219000001,0.060820476748999999,0.060820476748999999,0.060820476748999999,0.00031216347000000144,0.00031216347000000144,0.00031216347000000144
0.112,0.062185131725000002,0.061866442002999997,0.061866442002999997,0.061866442002999997,0.00031868972200000539,0.00031868972200000539,0.00031868972200000539
0.113,0.063245617281000005,0.062920367520999998,0.062920367520999998,0.062920367520999998,0.00032524976000000705,0.00032524976000000705,0.00032524976000000705
0.114,0.064314071791000002,0.063982229794000006,0.063982229794000006,0.063982229794000006,0.00033184199699999584,0.00033184199699999584,0.00033184199699999584
0.115,0.065390470302000001,0.065052005351000003,0.065052005351000003,0.065052005351000003,0.00033846495099999763,0.00033846495099999763,0.00033846495099999763
0.11600000000000001,0.066474787590000001,0.066129670749999994,0.066129670749999994,0.066129670749999994,0.00034511684000000653,0.00034511684000000653,0.00034511684000000653
0.11700000000000001,0.067566998811000006,0.067215202599000004,0.067215202599000004,0.067215202599000004,0.00035179621200000233,0.00035179621200000233,0.00035179621200000233
0.11799999999999999,0.068667078933000003,0.068308577516999994,0.068308577516999994,0.068308577516999994,0.0003585014160000094,0.0003585014160000094,0.0003585014160000094
0.11899999999999999,0.069775003022000001,0.069409772191999994,0.069409772191999994,0.069409772191999994,0.00036523083000000733,0.00036523083000000733,0.00036523083000000733
0.12,0.070890746158999998,0.070518763314999997,0.070518763314999997,0.070518763314999997,0.0003719828440000017,0.0003719828440000017,0.0003719828440000017
0.121,0.072014283457999997,0.071635527631999998,0.071635527631999998,0.071635527631999998,0.00037875582599999902,0.00037875582599999902,0.00037875582599999902
0.122,0.073145590063000004,0.072760041908999998,0.072760041908999998,0.072760041908999998,0.00038554815400000664,0.00038554815400000664,0.00038554815400000664
0.123,0.074284641166000004,0.073892282968999995,0.073892282968999995,0.073892282968999995,0.00039235819700000896,0.00039235819700000896,0.00039235819700000896
0.124,0.075431411929999997,0.075032227635999996,0.075032227635999996,0.075032227635999996,0.00039918429400000177,0.00039918429400000177,0.00039918429400000177
0.125,0.076585877651000001,0.076179852793000005,0.076179852793000005,0.076179852793000005,0.00040602485799999533,0.00040602485799999533,0.00040602485799999533
0.126,0.077748013547999997,0.077335135346999997,0.077335135346999997,0.077335135346999997,0.00041287820099999983,0.00041287820099999983,0.00041287820099999983
0.127,0.078917794924000001,0.078498052240000005,0.078498052240000005,0.078498052240000005,0.00041974268399999626,0.00041974268399999626,0.00041974268399999626
0.128,0.080095197160000006,0.079668580434000005,0.079668580434000005,0.079668580434000005,0.00042661672600000089,0.00042661672600000089,0.00042661672600000089
0.129,0.081280195548999998,0.080846696940000004,0.080846696940000004,0.080846696940000004,0.00043349860899999371,0.00043349860899999371,0.00043349860899999371
0.13,0.082472765522000002,0.082032378791999996,0.082032378791999996,0.082032378791999996,0.00044038673000000583,0.00044038673000000583,0.00044038673000000583
0.13100000000000001,0.083672882515999997,0.083225603071999998,0.083225603071999998,0.083225603071999998,0.00044727944399999831,0.00044727944399999831,0.00044727944399999831
0.13200000000000001,0.084880521932999997,0.084426346831999996,0.084426346831999996,0.084426346831999996,0.00045417510100000114,0.00045417510100000114,0.00045417510100000114
0.13300000000000001,0.086095659335999997,0.085634587262000003,0.085634587262000003,0.085634587262000003,0.0004610720739999935,0.0004610720739999935,0.0004610720739999935
0.13400000000000001,0.087318270180000004,0.086850301453000003,0.086850301453000003,0.086850301453000003,0.00046796872700000103,0.00046796872700000103,0.00046796872700000103
0.13500000000000001,0.088548330056999996,0.088073466633999994,0.088073466633999994,0.088073466633999994,0.00047486342300000206,0.00047486342300000206,0.00047486342300000206
0.13600000000000001,0.089785814562999999,0.089304060032999996,0.089304060032999996,0.089304060032999996,0.00048175453000000312,0.00048175453000000312,0.00048175453000000312
0.13700000000000001,0.091030699246999996,0.090542058857999999,0.090542058857999999,0.090542058857999999,0.0004886403889999974,0.0004886403889999974,0.0004886403889999974
0.13800000000000001,0.092282959819000004,0.091787440415999996,0.091787440415999996,0.091787440415999996,0.00049551940300000819,0.00049551940300000819,0.00049551940300000819
0.13900000000000001,0.093542571978000005,0.093040181994000007,0.093040181994000007,0.093040181994000007,0.00050238998399999846,0.00050238998399999846,0.00050238998399999846
0.14000000000000001,0.094809511360000001,0.094300260939,0.094300260939,0.094300260939,0.00050925042100000151,0.00050925042100000151,0.00050925042100000151
0.14099999999999999,0.096083753790999996,0.095567654574000002,0.095567654574000002,0.095567654574000002,0.00051609921699999339,0.00051609921699999339,0.00051609921699999339
0.14199999999999999,0.097365275008999996,0.096842340341000005,0.096842340341000005,0.096842340341000005,0.00052293466799999133,0.00052293466799999133,0.00052293466799999133
0.14299999999999999,0.098654050906999996,0.098124295602999997,0.098124295602999997,0.098124295602999997,0.00052975530399999859,0.00052975530399999859,0.00052975530399999859
0.14399999999999999,0.099950057156,0.099413497830000003,0.099413497830000003,0.099413497830000003,0.00053655932599999678,0.00053655932599999678,0.00053655932599999678
0.14499999999999999,0.10125326977,0.10070992455,0.10070992455,0.10070992455,0.00054334522000000496,0.00054334522000000496,0.00054334522000000496
0.14599999999999999,0.10256366465,0.10201355307,0.10201355307,0.10201355307,0.00055011157999999838,0.00055011157999999838,0.00055011157999999838
0.14699999999999999,0.1038812177,0.10332436108,0.10332436108,0.10332436108,0.00055685662000000413,0.00055685662000000413,0.00055685662000000413
0.14799999999999999,0.10520590494,0.10464232609,0.10464232609,0.10464232609,0.00056357884999999608,0.00056357884999999608,0.00056357884999999608
0.14899999999999999,0.10653770235,0.10596742567,0.10596742567,0.10596742567,0.00057027667999999532,0.00057027667999999532,0.00057027667999999532
0.14999999999999999,0.10787658602,0.10729963737999999,0.10729963737999999,0.10729963737999999,0.00057694864000000512,0.00057694864000000512,0.00057694864000000512
0.151,0.10922253195999999,0.10863893888999999,0.10863893888999999,0.10863893888999999,0.00058359306999999916,0.00058359306999999916,0.00058359306999999916
0.152,0.11057551632,0.10998530781,0.10998530781,0.10998530781,0.00059020850999999541,0.00059020850999999541,0.00059020850999999541
0.153,0.11193551522,0.11133872182,0.11133872182,0.11133872182,0.00059679340000000358,0.00059679340000000358,0.00059679340000000358
0.154,0.11330250487,0.11269915862,0.11269915862,0.11269915862,0.00060334624999999753,0.00060334624999999753,0.00060334624999999753
0.155,0.11467646146,0.11406659593,0.11406659593,0.11406659593,0.00060986553000000332,0.00060986553000000332,0.00060986553000000332
0.156,0.11605736123,0.11544101147999999,0.11544101147999999,0.11544101147999999,0.00061634975000000869,0.00061634975000000869,0.00061634975000000869
0.157,0.11744518046000001,0.11682238304000001,0.11682238304000001,0.11682238304000001,0.00062279742000000138,0.00062279742000000138,0.00062279742000000138
0.158,0.11883989548,0.11821068838,0.11821068838,0.11821068838,0.00062920710000000102,0.00062920710000000102,0.00062920710000000102
0.159,0.12024148257,0.11960590533,0.11960590533,0.11960590533,0.00063557724000000426,0.00063557724000000426,0.00063557724000000426
0.16,0.12164991817,0.12100801171,0.12100801171,0.12100801171,0.00064190645999999407,0.00064190645999999407,0.00064190645999999407
0.161,0.12306517866,0.12241698538,0.12241698538,0.12241698538,0.00064819328000000065,0.00064819328000000065,0.00064819328000000065
0.16200000000000001,0.1244872405,0.12383280426,0.12383280426,0.12383280426,0.00065443624000000034,0.00065443624000000034,0.00065443624000000034
0.16300000000000001,0.12591608008999999,0.12525544609,0.12525544609,0.12525544609,0.00066063399999999328,0.00066063399999999328,0.00066063399999999328
0.16400000000000001,0.12735167403,0.12668488895999999,0.12668488895999999,0.12668488895999999,0.00066678507000000886,0.00066678507000000886,0.00066678507000000886
0.16500000000000001,0.12879399882000001,0.12812111069000001,0.12812111069000001,0.12812111069000001,0.00067288812999999337,0.00067288812999999337,0.00067288812999999337
0.16600000000000001,0.13024303104000001,0.12956408928999999,0.12956408928999999,0.12956408928999999,0.00067894175000002277,0.00067894175000002277,0.00067894175000002277
0.16700000000000001,0.13169874725,0.13101380274999999,0.13101380274999999,0.13101380274999999,0.00068494450000000651,0.00068494450000000651,0.00068494450000000651
0.16800000000000001,0.13316112417000001,0.13247022902,0.13247022902,0.13247022902,0.00069089515000000934,0.00069089515000000934,0.00069089515000000934
0.16900000000000001,0.13463013837999999,0.13393334615999999,0.13393334615999999,0.13393334615999999,0.00069679221999999208,0.00069679221999999208,0.00069679221999999208
0.17000000000000001,0.13610576666999999,0.13540313221,0.13540313221,0.13540313221,0.00070263445999999008,0.00070263445999999008,0.00070263445999999008
0.17100000000000001,0.13758798568,0.13687956518,0.13687956518,0.13687956518,0.00070842050000000101,0.00070842050000000101,0.00070842050000000101
0.17199999999999999,0.13907677224000001,0.13836262317,0.13836262317,0.13836262317,0.00071414907000000305,0.00071414907000000305,0.00071414907000000305
0.17299999999999999,0.14057210314999999,0.13985228428999999,0.13985228428999999,0.13985228428999999,0.00071981885999999884,0.00071981885999999884,0.00071981885999999884
0.17399999999999999,0.14207395516999999,0.14134852662,0.14134852662,0.14134852662,0.00072542854999999018,0.00072542854999999018,0.00072542854999999018
0.17499999999999999,0.14358230524999999,0.1428513283,0.1428513283,0.1428513283,0.00073097694999998963,0.00073097694999998963,0.00073097694999998963
0.17599999999999999,0.14509713026000001,0.14436066745000001,0.14436066745000001,0.14436066745000001,0.0007364628100000048,0.0007364628100000048,0.0007364628100000048
0.17699999999999999,0.14661840709999999,0.14587652232000001,0.14587652232000001,0.14587652232000001,0.00074188477999997948,0.00074188477999997948,0.00074188477999997948
0.17799999999999999,0.14814611277,0.14739887097000001,0.14739887097000001,0.14739887097000001,0.00074724179999999252,0.00074724179999999252,0.00074724179999999252
0.17899999999999999,0.14968022419999999,0.14892769168,0.14892769168,0.14892769168,0.00075253251999998771,0.00075253251999998771,0.00075253251999998771
0.17999999999999999,0.15122071845999999,0.15046296265,0.15046296265,0.15046296265,0.0007577558099999826,0.0007577558099999826,0.0007577558099999826
0.18099999999999999,0.15276757261000001,0.15200466216,0.15200466216,0.15200466216,0.00076291045000001501,0.00076291045000001501,0.00076291045000001501
0.182,0.15432076371,0.15355276833000001,0.15355276833000001,0.15355276833000001,0.00076799537999999723,0.00076799537999999723,0.00076799537999999723
0.183,0.15588026887,0.15510725953999999,0.15510725953999999,0.15510725953999999,0.00077300933000001848,0.00077300933000001848,0.00077300933000001848
0.184,0.15744606524999999,0.15666811406,0.15666811406,0.15666811406,0.00077795118999998691,0.00077795118999998691,0.00077795118999998691
0.185,0.15901813004000001,0.15823531014,0.15823531014,0.15823531014,0.00078281990000000912,0.00078281990000000912,0.00078281990000000912
0.186,0.16059644043999999,0.15980882614,0.15980882614,0.15980882614,0.00078761429999998911,0.00078761429999998911,0.00078761429999998911
0.187,0.16218097372000001,0.16138864039,0.16138864039,0.16138864039,0.00079233333000000572,0.00079233333000000572,0.00079233333000000572
0.188,0.16377170705999999,0.16297473115,0.16297473115,0.16297473115,0.00079697590999999735,0.00079697590999999735,0.00079697590999999735
0.189,0.16536861784000001,0.16456707689,0.16456707689,0.16456707689,0.00080154095000001258,0.00080154095000001258,0.00080154095000001258
0.19,0.16697168338000001,0.16616565590999999,0.16616565590999999,0.16616565590999999,0.00080602747000002584,0.00080602747000002584,0.00080602747000002584
0.191,0.16858088101999999,0.16777044664999999,0.16777044664999999,0.16777044664999999,0.00081043437000000162,0.00081043437000000162,0.00081043437000000162
0.192,0.17019618818999999,0.16938142747000001,0.16938142747000001,0.16938142747000001,0.00081476071999997401,0.00081476071999997401,0.00081476071999997401
0.193,0.17181758226999999,0.17099857682,0.17099857682,0.17099857682,0.00081900544999999325,0.00081900544999999325,0.00081900544999999325
0.19400000000000001,0.17344504075,0.17262187313999999,0.17262187313999999,0.17262187313999999,0.00082316761000000849,0.00082316761000000849,0.00082316761000000849
0.19500000000000001,0.17507854111999999,0.17425129479000001,0.17425129479000001,0.17425129479000001,0.00082724632999997549,0.00082724632999997549,0.00082724632999997549
0.19600000000000001,0.17671806083,0.17588682036,0.17588682036,0.17588682036,0.00083124046999999424,0.00083124046999999424,0.00083124046999999424
0.19700000000000001,0.17836357748000001,0.17752842819,0.17752842819,0.17752842819,0.00083514929000000349,0.00083514929000000349,0.00083514929000000349
0.19800000000000001,0.18001506866,0.17917609685999999,0.17917609685999999,0.17917609685999999,0.0008389718000000046,0.0008389718000000046,0.0008389718000000046
0.19900000000000001,0.18167251187,0.18082980487,0.18082980487,0.18082980487,0.0008427069999999981,0.0008427069999999981,0.0008427069999999981
0.20000000000000001,0.18333588479999999,0.18248953065000001,0.18248953065000001,0.18248953065000001,0.00084635414999997827,0.00084635414999997827,0.00084635414999997827
0.20100000000000001,0.18500516516000001,0.18415525281,0.18415525281,0.18415525281,0.00084991235000000942,0.00084991235000000942,0.00084991235000000942
0.20200000000000001,0.18668033055,0.18582694988000001,0.18582694988000001,0.18582694988000001,0.00085338066999998685,0.00085338066999998685,0.00085338066999998685
0.20300000000000001,0.18836135875000001,0.18750460033999999,0.18750460033999999,0.18750460033999999,0.00085675841000001918,0.00085675841000001918,0.00085675841000001918
0.20399999999999999,0.19004822748,0.18918818283,0.18918818283,0.18918818283,0.00086004465000000252,0.00086004465000000252,0.00086004465000000252
0.20499999999999999,0.19174091454,0.19087767591999999,0.19087767591999999,0.19087767591999999,0.00086323862000001195,0.00086323862000001195,0.00086323862000001195
0.20599999999999999,0.19343939768999999,0.19257305814,0.19257305814,0.19257305814,0.00086633954999998375,0.00086633954999998375,0.00086633954999998375
0.20699999999999999,0.19514365473,0.19427430814999999,0.19427430814999999,0.19427430814999999,0.0008693465800000133,0.0008693465800000133,0.0008693465800000133
0.20799999999999999,0.19685366360000001,0.19598140452999999,0.19598140452999999,0.19598140452999999,0.0008722590700000199,0.0008722590700000199,0.0008722590700000199
0.20899999999999999,0.19856940215999999,0.19769432593,0.19769432593,0.19769432593,0.00087507622999999368,0.00087507622999999368,0.00087507622999999368
0.20999999999999999,0.20029084832999999,0.19941305095,0.19941305095,0.19941305095,0.00087779737999998941,0.00087779737999998941,0.00087779737999998941
0.21099999999999999,0.20201798000000001,0.20113755827999999,0.20113755827999999,0.20113755827999999,0.00088042172000002417,0.00088042172000002417,0.00088042172000002417
0.21199999999999999,0.20375077518000001,0.20286782652999999,0.20286782652999999,0.20286782652999999,0.00088294865000002054,0.00088294865000002054,0.00088294865000002054
0.21299999999999999,0.20548921187999999,0.20460383445999999,0.20460383445999999,0.20460383445999999,0.00088537741999999975,0.00088537741999999975,0.00088537741999999975
0.214,0.20723326810000001,0.20634556058,0.20634556058,0.20634556058,0.00088770752000000286,0.00088770752000000286,0.00088770752000000286
0.215,0.20898292185,0.20809298375999999,0.20809298375999999,0.20809298375999999,0.00088993809000001423,0.00088993809000001423,0.00088993809000001423
0.216,0.21073815126000001,0.20984608262000001,0.20984608262000001,0.20984608262000001,0.00089206863999999331,0.00089206863999999331,0.00089206863999999331
0.217,0.21249893446000001,0.21160483587000001,0.21160483587000001,0.21160483587000001,0.00089409859000000314,0.00089409859000000314,0.00089409859000000314
0.218,0.21426524949,0.21336922227999999,0.21336922227999999,0.21336922227999999,0.00089602721000001107,0.00089602721000001107,0.00089602721000001107
0.219,0.21603707455999999,0.21513922054000001,0.21513922054000001,0.21513922054000001,0.00089785401999997738,0.00089785401999997738,0.00089785401999997738
0.22,0.21781438786999999,0.21691480941999999,0.21691480941999999,0.21691480941999999,0.0008995784499999937,0.0008995784499999937,0.0008995784499999937
0.221,0.21959716758,0.21869596765999999,0.21869596765999999,0.21869596765999999,0.00090119992000001203,0.00090119992000001203,0.00090119992000001203
0.222,0.22138539196000001,0.22048267408,0.22048267408,0.22048267408,0.00090271788000001463,0.00090271788000001463,0.00090271788000001463
0.223,0.22317903923999999,0.22227490736,0.22227490736,0.22227490736,0.00090413187999999201,0.00090413187999999201,0.00090413187999999201
0.224,0.22497808773,0.22407264639999999,0.22407264639999999,0.22407264639999999,0.00090544133000000637,0.00090544133000000637,0.00090544133000000637
0.22500000000000001,0.22678251574,0.22587586988,0.22587586988,0.22587586988,0.00090664585999999936,0.00090664585999999936,0.00090664585999999936
0.22600000000000001,0.22859230159999999,0.22768455671000001,0.22768455671000001,0.22768455671000001,0.00090774488999997849,0.00090774488999997849,0.00090774488999997849
0.22700000000000001,0.23040742365,0.22949868565000001,0.22949868565000001,0.22949868565000001,0.00090873799999999227,0.00090873799999999227,0.00090873799999999227
0.22800000000000001,0.23222786032000001,0.23131823558,0.23131823558,0.23131823558,0.00090962474000000348,0.00090962474000000348,0.00090962474000000348
0.22900000000000001,0.23405358996,0.23314318525,0.23314318525,0.23314318525,0.00091040471000000678,0.00091040471000000678,0.00091040471000000678
0.23000000000000001,0.23588459105000001,0.23497351357999999,0.23497351357999999,0.23497351357999999,0.00091107747000002126,0.00091107747000002126,0.00091107747000002126
0.23100000000000001,0.23772084204999999,0.23680919948000001,0.23680919948000001,0.23680919948000001,0.00091164256999998194,0.00091164256999998194,0.00091164256999998194
0.23200000000000001,0.2395623214,0.23865022162999999,0.23865022162999999,0.23865022162999999,0.00091209977000000775,0.00091209977000000775,0.00091209977000000775
0.23300000000000001,0.24140900764000001,0.24049655913000001,0.24049655913000001,0.24049655913000001,0.00091244850999999683,0.00091244850999999683,0.00091244850999999683
0.23400000000000001,0.24326087928000001,0.24234819064999999,0.24234819064999999,0.24234819064999999,0.00091268863000001921,0.00091268863000001921,0.00091268863000001921
0.23499999999999999,0.24511791492000001,0.24420509525,0.24420509525,0.24420509525,0.00091281967000000908,0.00091281967000000908,0.00091281967000000908
0.23599999999999999,0.24698009312999999,0.24606725179,0.24606725179,0.24606725179,0.00091284133999999795,0.00091284133999999795,0.00091284133999999795
0.23699999999999999,0.24884739245000001,0.24793463917,0.24793463917,0.24793463917,0.00091275328000001155,0.00091275328000001155,0.00091275328000001155
0.23799999999999999,0.25071979158000002,0.24980723630000001,0.24980723630000001,0.24980723630000001,0.00091255528000000474,0.00091255528000000474,0.00091255528000000474
0.23899999999999999,0.25259726910000002,0.25168502216999999,0.25168502216999999,0.25168502216999999,0.00091224693000002688,0.00091224693000002688,0.00091224693000002688
0.23999999999999999,0.25447980371000001,0.25356797565,0.25356797565,0.25356797565,0.00091182806000000838,0.00091182806000000838,0.00091182806000000838
0.24099999999999999,0.25636737410999999,0.25545607579000001,0.25545607579000001,0.25545607579000001,0.00091129831999997579,0.00091129831999997579,0.00091129831999997579
0.24199999999999999,0.25825995901999999,0.25734930140000001,0.25734930140000001,0.25734930140000001,0.00091065761999997719,0.00091065761999997719,0.00091065761999997719
0.24299999999999999,0.26015753714000001,0.25924763159999997,0.25924763159999997,0.25924763159999997,0.00090990554000003332,0.00090990554000003332,0.00090990554000003332
0.24399999999999999,0.26206008726000002,0.26115104528999999,0.26115104528999999,0.26115104528999999,0.00090904197000002407,0.00090904197000002407,0.00090904197000002407
0.245,0.26396758815999999,0.26305952149,0.26305952149,0.26305952149,0.00090806666999998509,0.00090806666999998509,0.00090806666999998509
0.246,0.26588001865999999,0.26497303918999998,0.26497303918999998,0.26497303918999998,0.00090697947000001333,0.00090697947000001333,0.00090697947000001333
0.247,0.26779735755,0.26689157739000002,0.26689157739000002,0.26689157739000002,0.00090578015999998041,0.00090578015999998041,0.00090578015999998041
0.248,0.26971958365999998,0.26881511514,0.26881511514,0.26881511514,0.00090446851999997913,0.00090446851999997913,0.00090446851999997913
0.249,0.27164667595000003,0.27074363139000002,0.27074363139000002,0.27074363139000002,0.00090304456000001032,0.00090304456000001032,0.00090304456000001032
0.25,0.27357861318999999,0.27267710526,0.27267710526,0.27267710526,0.00090150792999998952,0.00090150792999998952,0.00090150792999998952
0.251,0.27551537442000001,0.27461551574999998,0.27461551574999998,0.27461551574999998,0.00089985867000003106,0.00089985867000003106,0.00089985867000003106
0.252,0.27745693846000002,0.27655884192000002,0.27655884192000002,0.27655884192000002,0.00089809654000000405,0.00089809654000000405,0.00089809654000000405
0.253,0.27940328434,0.27850706289999999,0.27850706289999999,0.27850706289999999,0.00089622144000001125,0.00089622144000001125,0.00089622144000001125
0.254,0.28135439100999998,0.28046015754999998,0.28046015754999998,0.28046015754999998,0.00089423346000000459,0.00089423346000000459,0.00089423346000000459
0.255,0.28331023747,0.28241810517999999,0.28241810517999999,0.28241810517999999,0.00089213229000001393,0.00089213229000001393,0.00089213229000001393
0.25600000000000001,0.28527080276,0.28438088477000001,0.28438088477000001,0.28438088477000001,0.00088991798999998872,0.00088991798999998872,0.00088991798999998872
0.25700000000000001,0.28723606588,0.28634847548999998,0.28634847548999998,0.28634847548999998,0.00088759039000002593,0.00088759039000002593,0.00088759039000002593
0.25800000000000001,0.28920600590000001,0.28832085634999999,0.28832085634999999,0.28832085634999999,0.00088514955000001949,0.00088514955000001949,0.00088514955000001949
0.25900000000000001,0.29118060191,0.29029800652999999,0.29029800652999999,0.29029800652999999,0.00088259538000001747,0.00088259538000001747,0.00088259538000001747
0.26000000000000001,0.29315983298999998,0.29227990513000002,0.29227990513000002,0.29227990513000002,0.0008799278599999627,0.0008799278599999627,0.0008799278599999627
0.26100000000000001,0.29514367828999999,0.29426653132000002,0.29426653132000002,0.29426653132000002,0.00087714696999996455,0.00087714696999996455,0.00087714696999996455
0.26200000000000001,0.29713211693000002,0.29625786419,0.29625786419,0.29625786419,0.00087425274000002551,0.00087425274000002551,0.00087425274000002551
0.26300000000000001,0.29912512808000002,0.29825388293999999,0.29825388293999999,0.29825388293999999,0.00087124514000003206,0.00087124514000003206,0.00087124514000003206
0.26400000000000001,0.30112269090999999,0.30025456675000001,0.30025456675000001,0.30025456675000001,0.00086812415999998338,0.00086812415999998338,0.00086812415999998338
0.26500000000000001,0.30312478460999998,0.30225989468999998,0.30225989468999998,0.30225989468999998,0.00086488992000000042,0.00086488992000000042,0.00086488992000000042
0.26600000000000001,0.30513138841999998,0.30426984602000001,0.30426984602000001,0.30426984602000001,0.00086154239999997051,0.00086154239999997051,0.00086154239999997051
0.26700000000000002,0.30714248155000001,0.30628439993000001,0.30628439993000001,0.30628439993000001,0.00085808162000000632,0.00085808162000000632,0.00085808162000000632
0.26800000000000002,0.30915804328000002,0.30830353558000001,0.30830353558000001,0.30830353558000001,0.00085450770000000675,0.00085450770000000675,0.00085450770000000675
0.26900000000000002,0.31117805288,0.31032723222000003,0.31032723222000003,0.31032723222000003,0.00085082065999997347,0.00085082065999997347,0.00085082065999997347
0.27000000000000002,0.31320248965000003,0.31235546902,0.31235546902,0.31235546902,0.00084702063000002825,0.00084702063000002825,0.00084702063000002825
0.27100000000000002,0.31523133287999999,0.31438822524999999,0.31438822524999999,0.31438822524999999,0.00084310763000000621,0.00084310763000000621,0.00084310763000000621
0.27200000000000002,0.31726456195000002,0.31642548010999999,0.31642548010999999,0.31642548010999999,0.00083908184000003327,0.00083908184000003327,0.00083908184000003327
0.27300000000000002,0.31930215617000002,0.31846721290000002,0.31846721290000002,0.31846721290000002,0.00083494326999999924,0.00083494326999999924,0.00083494326999999924
0.27400000000000002,0.32134409489999999,0.32051340274000001,0.32051340274000001,0.32051340274000001,0.00083069215999997947,0.00083069215999997947,0.00083069215999997947
0.27500000000000002,0.32339035752,0.32256402903999998,0.32256402903999998,0.32256402903999998,0.00082632848000002701,0.00082632848000002701,0.00082632848000002701
0.27600000000000002,0.32544092357999999,0.32461907101999998,0.32461907101999998,0.32461907101999998,0.00082185256000000262,0.00082185256000000262,0.00082185256000000262
0.27700000000000002,0.32749577220999998,0.32667850792999997,0.32667850792999997,0.32667850792999997,0.00081726428000000739,0.00081726428000000739,0.00081726428000000739
0.27800000000000002,0.32955488314999998,0.32874231911000001,0.32874231911000001,0.32874231911000001,0.00081256403999996341,0.00081256403999996341,0.00081256403999996341
0.27900000000000003,0.33161823565999998,0.33081048382,0.33081048382,0.33081048382,0.00080775183999998168,0.00080775183999998168,0.00080775183999998168
0.28000000000000003,0.33368580933000003,0.3328829814,0.3328829814,0.3328829814,0.00080282793000002739,0.00080282793000002739,0.00080282793000002739
0.28100000000000003,0.33575758361000002,0.33495979115000002,0.33495979115000002,0.33495979115000002,0.00079779246000000192,0.00079779246000000192,0.00079779246000000192
0.28199999999999997,0.33783353802999999,0.33704089239000001,0.33704089239000001,0.33704089239000001,0.00079264563999997817,0.00079264563999997817,0.00079264563999997817
0.28299999999999997,0.33991365212000002,0.33912626446999999,0.33912626446999999,0.33912626446999999,0.00078738765000002653,0.00078738765000002653,0.00078738765000002653
0.28399999999999997,0.34199790539000002,0.34121588671000003,0.34121588671000003,0.34121588671000003,0.00078201867999999619,0.00078201867999999619,0.00078201867999999619
0.28499999999999998,0.34408627741999998,0.34330973850000002,0.34330973850000002,0.34330973850000002,0.00077653891999995839,0.00077653891999995839,0.00077653891999995839
0.28599999999999998,0.34617874782000002,0.34540779918999998,0.34540779918999998,0.34540779918999998,0.00077094863000004565,0.00077094863000004565,0.00077094863000004565
0.28699999999999998,0.34827529614000002,0.34751004817999998,0.34751004817999998,0.34751004817999998,0.00076524796000004836,0.00076524796000004836,0.00076524796000004836
0.28799999999999998,0.35037590203000002,0.34961646480000003,0.34961646480000003,0.34961646480000003,0.00075943722999999297,0.00075943722999999297,0.00075943722999999297
0.28899999999999998,0.35248054510999999,0.35172702845999998,0.35172702845999998,0.35172702845999998,0.00075351665000000789,0.00075351665000000789,0.00075351665000000789
0.28999999999999998,0.35458920504000002,0.35384171867000003,0.35384171867000003,0.35384171867000003,0.00074748636999999452,0.00074748636999999452,0.00074748636999999452
0.29099999999999998,0.35670186144999999,0.3559605146,0.3559605146,0.3559605146,0.0007413468499999909,0.0007413468499999909,0.0007413468499999909
0.29199999999999998,0.35881849403999999,0.35808339589999999,0.35808339589999999,0.35808339589999999,0.00073509814000000118,0.00073509814000000118,0.00073509814000000118
0.29299999999999998,0.36093908256000001,0.36021034190000001,0.36021034190000001,0.36021034190000001,0.00072874066000000459,0.00072874066000000459,0.00072874066000000459
0.29399999999999998,0.36306360659999998,0.36234133207000002,0.36234133207000002,0.36234133207000002,0.00072227452999995556,0.00072227452999995556,0.00072227452999995556
0.29499999999999998,0.36519204596999999,0.36447634584999999,0.36447634584999999,0.36447634584999999,0.00071570011999999572,0.00071570011999999572,0.00071570011999999572
0.29599999999999999,0.36732438043999999,0.36661536271,0.36661536271,0.36661536271,0.00070901772999998336,0.00070901772999998336,0.00070901772999998336
0.29699999999999999,0.36946058971000001,0.36875836211000002,0.36875836211000002,0.36875836211000002,0.00070222759999999385,0.00070222759999999385,0.00070222759999999385
0.29799999999999999,0.37160065356999999,0.37090532348999999,0.37090532348999999,0.37090532348999999,0.00069533008000000063,0.00069533008000000063,0.00069533008000000063
0.29899999999999999,0.37374455186,0.37305622641000002,0.37305622641000002,0.37305622641000002,0.00068832544999997136,0.00068832544999997136,0.00068832544999997136
0.29999999999999999,0.37589226435,0.37521105028000001,0.37521105028000001,0.37521105028000001,0.00068121406999999135,0.00068121406999999135,0.00068121406999999135
0.30099999999999999,0.37804377085000002,0.37736977467999999,0.37736977467999999,0.37736977467999999,0.0006739961700000241,0.0006739961700000241,0.0006739961700000241
0.30199999999999999,0.38019905121999997,0.37953237909999998,0.37953237909999998,0.37953237909999998,0.00066667211999998921,0.00066667211999998921,0.00066667211999998921
0.30299999999999999,0.38235808530999998,0.38169884307000002,0.38169884307000002,0.38169884307000002,0.00065924223999996867,0.00065924223999996867,0.00065924223999996867
0.30399999999999999,0.38452085304,0.38386914609,0.38386914609,0.38386914609,0.00065170694999999723,0.00065170694999999723,0.00065170694999999723
0.30499999999999999,0.38668733418000001,0.38604326774999997,0.38604326774999997,0.38604326774999997,0.00064406643000003427,0.00064406643000003427,0.00064406643000003427
0.30599999999999999,0.38885750877000003,0.38822118759000002,0.38822118759000002,0.38822118759000002,0.00063632118000001014,0.00063632118000001014,0.00063632118000001014
0.307,0.39103135655999999,0.39040288516999999,0.39040288516999999,0.39040288516999999,0.00062847138999999608,0.00062847138999999608,0.00062847138999999608
0.308,0.39320885762000002,0.39258834004999998,0.39258834004999998,0.39258834004999998,0.00062051757000003427,0.00062051757000003427,0.00062051757000003427
0.309,0.39538999185000001,0.39477753183999997,0.39477753183999997,0.39477753183999997,0.00061246001000003769,0.00061246001000003769,0.00061246001000003769
0.31,0.39757473921000003,0.39697044011999999,0.39697044011999999,0.39697044011999999,0.00060429909000003779,0.00060429909000003779,0.00060429909000003779
0.311,0.39976307967000002,0.39916704446000001,0.39916704446000001,0.39916704446000001,0.00059603521000001214,0.00059603521000001214,0.00059603521000001214
0.312,0.40195499322,0.40136732449000001,0.40136732449000001,0.40136732449000001,0.00058766872999999054,0.00058766872999999054,0.00058766872999999054
0.313,0.40415045986999998,0.40357125985999998,0.40357125985999998,0.40357125985999998,0.00057920001000000276,0.00057920001000000276,0.00057920001000000276
0.314,0.40634945962000002,0.4057788302,0.4057788302,0.4057788302,0.00057062942000002392,0.00057062942000002392,0.00057062942000002392
0.315,0.40855197251999997,0.40799001504999999,0.40799001504999999,0.40799001504999999,0.00056195746999998519,0.00056195746999998519,0.00056195746999998519
0.316,0.41075797860000002,0.41020479417,0.41020479417,0.41020479417,0.00055318443000001993,0.00055318443000001993,0.00055318443000001993
0.317,0.41296745794,0.41242314721000001,0.41242314721000001,0.41242314721000001,0.00054431072999999719,0.00054431072999999719,0.00054431072999999719
0.318,0.41518039061000001,0.41464505373999999,0.41464505373999999,0.41464505373999999,0.00053533687000001384,0.00053533687000001384,0.00053533687000001384
0.31900000000000001,0.41739675665999998,0.41687049354,0.41687049354,0.41687049354,0.00052626311999998121,0.00052626311999998121,0.00052626311999998121
0.32000000000000001,0.41961653624,0.41909944625000001,0.41909944625000001,0.41909944625000001,0.000517089989999997,0.000517089989999997,0.000517089989999997
0.32100000000000001,0.42183970946999999,0.42133189161000001,0.42133189161000001,0.42133189161000001,0.00050781785999998164,0.00050781785999998164,0.00050781785999998164
0.32200000000000001,0.42406625641000001,0.42356780927999998,0.42356780927999998,0.42356780927999998,0.00049844713000002372,0.00049844713000002372,0.00049844713000002372
0.32300000000000001,0.42629615725999997,0.42580717895999998,0.42580717895999998,0.42580717895999998,0.00048897829999999809,0.00048897829999999809,0.00048897829999999809
0.32400000000000001,0.42852939220000003,0.42804998041999998,0.42804998041999998,0.42804998041999998,0.00047941178000004969,0.00047941178000004969,0.00047941178000004969
0.32500000000000001,0.43076594130000001,0.43029619341000003,0.43029619341000003,0.43029619341000003,0.00046974788999998296,0.00046974788999998296,0.00046974788999998296
0.32600000000000001,0.43300578484000002,0.43254579759,0.43254579759,0.43254579759,0.00045998725000001572,0.00045998725000001572,0.00045998725000001572
0.32700000000000001,0.43524890297000002,0.43479877278000001,0.43479877278000001,0.43479877278000001,0.00045013019000000876,0.00045013019000000876,0.00045013019000000876
0.32800000000000001,0.43749527595999999,0.43705509871999998,0.43705509871999998,0.43705509871999998,0.00044017724000000591,0.00044017724000000591,0.00044017724000000591
0.32900000000000001,0.43974488391,0.43931475520000002,0.43931475520000002,0.43931475520000002,0.00043012870999997732,0.00043012870999997732,0.00043012870999997732
0.33000000000000002,0.44199770713999997,0.44157772200000001,0.44157772200000001,0.44157772200000001,0.00041998513999996767,0.00041998513999996767,0.00041998513999996767
0.33100000000000002,0.44425372586,0.44384397887999999,0.44384397887999999,0.44384397887999999,0.00040974698000001419,0.00040974698000001419,0.00040974698000001419
0.33200000000000002,0.44651292037000001,0.44611350566000002,0.44611350566000002,0.44611350566000002,0.00039941470999999007,0.00039941470999999007,0.00039941470999999007
0.33300000000000002,0.44877527095000003,0.44838628212999998,0.44838628212999998,0.44838628212999998,0.00038898882000004686,0.00038898882000004686,0.00038898882000004686
0.33400000000000002,0.45104075780000003,0.45066228814999998,0.45066228814999998,0.45066228814999998,0.00037846965000004618,0.00037846965000004618,0.00037846965000004618
0.33500000000000002,0.45330936125999999,0.45294150349000001,0.45294150349000001,0.45294150349000001,0.00036785776999997966,0.00036785776999997966,0.00036785776999997966
0.33600000000000002,0.45558106168000001,0.45522390803000001,0.45522390803000001,0.45522390803000001,0.00035715364999999721,0.00035715364999999721,0.00035715364999999721
0.33700000000000002,0.45785583934000001,0.45750948156999999,0.45750948156999999,0.45750948156999999,0.00034635777000002754,0.00034635777000002754,0.00034635777000002754
0.33800000000000002,0.46013367457999998,0.45979820400999999,0.45979820400999999,0.45979820400999999,0.00033547056999999603,0.00033547056999999603,0.00033547056999999603
0.33900000000000002,0.46241454774000001,0.46209005519000002,0.46209005519000002,0.46209005519000002,0.00032449254999999955,0.00032449254999999955,0.00032449254999999955
0.34000000000000002,0.46469843915999998,0.46438501498000001,0.46438501498000001,0.46438501498000001,0.00031342417999996597,0.00031342417999996597,0.00031342417999996597
0.34100000000000003,0.46698532927000003,0.46668306324999997,0.46668306324999997,0.46668306324999997,0.00030226602000005265,0.00030226602000005265,0.00030226602000005265
0.34200000000000003,0.46927519833999998,0.46898417992000002,0.46898417992000002,0.46898417992000002,0.00029101841999995548,0.00029101841999995548,0.00029101841999995548
0.34300000000000003,0.47156802685999999,0.47128834482999998,0.47128834482999998,0.47128834482999998,0.0002796820300000058,0.0002796820300000058,0.0002796820300000058
0.34399999999999997,0.47386379516999999,0.47359553793999998,0.47359553793999998,0.47359553793999998,0.000268257230000013,0.000268257230000013,0.000268257230000013
0.34499999999999997,0.47616248373999998,0.47590573914000001,0.47590573914000001,0.47590573914000001,0.00025674459999996957,0.00025674459999996957,0.00025674459999996957
0.34599999999999997,0.47846407292999998,0.47821892833000001,0.47821892833000001,0.47821892833000001,0.00024514459999996907,0.00024514459999996907,0.00024514459999996907
0.34699999999999998,0.48076854321000001,0.48053508548000001,0.48053508548000001,0.48053508548000001,0.00023345772999999737,0.00023345772999999737,0.00023345772999999737
0.34799999999999998,0.48307587501999999,0.48285419049,0.48285419049,0.48285419049,0.00022168452999998811,0.00022168452999998811,0.00022168452999998811
0.34899999999999998,0.48538604882000003,0.48517622330999999,0.48517622330999999,0.48517622330999999,0.00020982551000003902,0.00020982551000003902,0.00020982551000003902
0.34999999999999998,0.48769904504,0.48750116387999998,0.48750116387999998,0.48750116387999998,0.00019788116000002409,0.00019788116000002409,0.00019788116000002409
0.35099999999999998,0.49001484419000002,0.48982899220999998,0.48982899220999998,0.48982899220999998,0.00018585198000004022,0.00018585198000004022,0.00018585198000004022
0.35199999999999998,0.49233342675000002,0.49215968823,0.49215968823,0.49215968823,0.00017373852000002188,0.00017373852000002188,0.00017373852000002188
0.35299999999999998,0.49465477325000001,0.49449323194,0.49449323194,0.49449323194,0.00016154131000001293,0.00016154131000001293,0.00016154131000001293
0.35399999999999998,0.49697886409999997,0.49682960330999998,0.49682960330999998,0.49682960330999998,0.00014926078999999426,0.00014926078999999426,0.00014926078999999426
0.35499999999999998,0.49930567988000002,0.4991687823,0.4991687823,0.4991687823,0.00013689758000001717,0.00013689758000001717,0.00013689758000001717
0.35599999999999998,0.50163520111000004,0.50151074893000003,0.50151074893000003,0.50151074893000003,0.00012445218000001201,0.00012445218000001201,0.00012445218000001201
0.35699999999999998,0.50396740832999998,0.50385548323999996,0.50385548323999996,0.50385548323999996,0.00011192509000002016,0.00011192509000002016,0.00011192509000002016
0.35799999999999998,0.50630228206000005,0.50620296516999996,0.50620296516999996,0.50620296516999996,9.9316890000089586e-05,9.9316890000089586e-05,9.9316890000089586e-05
0.35899999999999999,0.50863980286999999,0.50855317482999995,0.50855317482999995,0.50855317482999995,8.6628040000036322e-05,8.6628040000036322e-05,8.6628040000036322e-05
0.35999999999999999,0.51097995130999996,0.51090609212000004,0.51090609212000004,0.51090609212000004,7.3859189999914143e-05,7.3859189999914143e-05,7.3859189999914143e-05
0.36099999999999999,0.51332270795000001,0.51326169718000003,0.51326169718000003,0.51326169718000003,6.1010769999980674e-05,6.1010769999980674e-05,6.1010769999980674e-05
0.36199999999999999,0.51566805339999999,0.51561996998000004,0.51561996998000004,0.51561996998000004,4.8083419999955801e-05,4.8083419999955801e-05,4.8083419999955801e-05
0.36299999999999999,0.51801596817999995,0.51798089064999997,0.51798089064999997,0.51798089064999997,3.5077529999982815e-05,3.5077529999982815e-05,3.5077529999982815e-05
0.36399999999999999,0.52036643292999996,0.52034443916999995,0.52034443916999995,0.52034443916999995,2.1993760000005302e-05,2.1993760000005302e-05,2.1993760000005302e-05
0.36499999999999999,0.52271942825999995,0.52271059548999999,0.52271059548999999,0.52271059548999999,8.8327699999668496e-06,8.8327699999668496e-06,8.8327699999668496e-06
0.36599999999999999,0.52507493473,0.52507933984999999,0.52507933984999999,0.52507933984999999,4.4051199999950441e-06,4.4051199999950441e-06,4.4051199999950441e-06
0.36699999999999999,0.52743293300000005,0.52745065224999998,0.52745065224999998,0.52745065224999998,1.7719249999936793e-05,1.7719249999936793e-05,1.7719249999936793e-05
0.36799999999999999,0.52979340369000005,0.52982451278999998,0.52982451278999998,0.52982451278999998,3.1109099999926393e-05,3.1109099999926393e-05,3.1109099999926393e-05
0.36899999999999999,0.53215632740999996,0.53220090145999999,0.53220090145999999,0.53220090145999999,4.4574050000023568e-05,4.4574050000023568e-05,4.4574050000023568e-05
0.37,0.53452168485999996,0.53457979843000003,0.53457979843000003,0.53457979843000003,5.8113570000073445e-05,5.8113570000073445e-05,5.8113570000073445e-05
0.371,0.53688945658999998,0.53696118373000001,0.53696118373000001,0.53696118373000001,7.1727140000032996e-05,7.1727140000032996e-05,7.1727140000032996e-05
0.372,0.53925962325999999,0.53934503745999995,0.53934503745999995,0.53934503745999995,8.5414199999966911e-05,8.5414199999966911e-05,8.5414199999966911e-05
0.373,0.54163216561000005,0.54173133973999998,0.54173133973999998,0.54173133973999998,9.9174129999934912e-05,9.9174129999934912e-05,9.9174129999934912e-05
0.374,0.54400706431000001,0.54412007066000001,0.54412007066000001,0.54412007066000001,0.00011300635000000003,0.00011300635000000003,0.00011300635000000003
0.375,0.54638429988000004,0.54651121029000005,0.54651121029000005,0.54651121029000005,0.00012691041000001402,0.00012691041000001402,0.00012691041000001402
0.376,0.54876385310999998,0.54890473877000001,0.54890473877000001,0.54890473877000001,0.00014088566000003411,0.00014088566000003411,0.00014088566000003411
0.377,0.55114570469000002,0.55130063617000002,0.55130063617000002,0.55130063617000002,0.000154931480000009,0.000154931480000009,0.000154931480000009
0.378,0.55352983525999999,0.55369888266,0.55369888266,0.55369888266,0.00016904740000001084,0.00016904740000001084,0.00016904740000001084
0.379,0.55591622550999997,0.55609945829999996,0.55609945829999996,0.55609945829999996,0.00018323278999998749,0.00018323278999998749,0.00018323278999998749
0.38,0.55830485617000003,0.55850234328000004,0.55850234328000004,0.55850234328000004,0.00019748711000000529,0.00019748711000000529,0.00019748711000000529
0.38100000000000001,0.56069570793000001,0.56090751760000002,0.56090751760000002,0.56090751760000002,0.00021180967000000717,0.00021180967000000717,0.00021180967000000717
0.38200000000000001,0.56308876145999998,0.56331496150000004,0.56331496150000004,0.56331496150000004,0.00022620004000006855,0.00022620004000006855,0.00022620004000006855
0.38300000000000001,0.56548399749,0.56572465503000002,0.56572465503000002,0.56572465503000002,0.00024065754000002215,0.00024065754000002215,0.00024065754000002215
0.38400000000000001,0.56788139673000004,0.56813657838999998,0.56813657838999998,0.56813657838999998,0.00025518165999993681,0.00025518165999993681,0.00025518165999993681
0.38500000000000001,0.57028093986999995,0.57055071164000004,0.57055071164000004,0.57055071164000004,0.00026977177000009345,0.00026977177000009345,0.00026977177000009345
0.38600000000000001,0.57268260767000001,0.57296703494000001,0.57296703494000001,0.57296703494000001,0.00028442726999999834,0.00028442726999999834,0.00028442726999999834
0.38700000000000001,0.57508638079999996,0.57538552843000002,0.57538552843000002,0.57538552843000002,0.00029914763000005173,0.00029914763000005173,0.00029914763000005173
0.38800000000000001,0.57749224000999999,0.57780617221999997,0.57780617221999997,0.57780617221999997,0.00031393220999997862,0.00031393220999997862,0.00031393220999997862
0.38900000000000001,0.57990016600000005,0.58022894644,0.58022894644,0.58022894644,0.00032878043999995388,0.00032878043999995388,0.00032878043999995388
0.39000000000000001,0.58231013949999999,0.58265383125000003,0.58265383125000003,0.58265383125000003,0.00034369175000004137,0.00034369175000004137,0.00034369175000004137
0.39100000000000001,0.58472214125999999,0.58508080678999996,0.58508080678999996,0.58508080678999996,0.00035866552999996859,0.00035866552999996859,0.00035866552999996859
0.39200000000000002,0.58713615198000002,0.58750985312000004,0.58750985312000004,0.58750985312000004,0.00037370114000001564,0.00037370114000001564,0.00037370114000001564
0.39300000000000002,0.58955215239000003,0.58994095045999995,0.58994095045999995,0.58994095045999995,0.00038879806999991828,0.00038879806999991828,0.00038879806999991828
0.39400000000000002,0.59197012321999998,0.59237407888000004,0.59237407888000004,0.59237407888000004,0.000403955660000066,0.000403955660000066,0.000403955660000066
0.39500000000000002,0.59439004520000005,0.59480921855000002,0.59480921855000002,0.59480921855000002,0.00041917334999996836,0.00041917334999996836,0.00041917334999996836
0.39600000000000002,0.59681189905999998,0.59724634958,0.59724634958,0.59724634958,0.00043445052000001816,0.00043445052000001816,0.00043445052000001816
0.39700000000000002,0.59923566549999996,0.59968545206000001,0.59968545206000001,0.59968545206000001,0.0004497865600000539,0.0004497865600000539,0.0004497865600000539
0.39800000000000002,0.60166132529000005,0.60212650618999997,0.60212650618999997,0.60212650618999997,0.00046518089999991741,0.00046518089999991741,0.00046518089999991741
0.39900000000000002,0.60408885909999999,0.60456949201999999,0.60456949201999999,0.60456949201999999,0.00048063292000000146,0.00048063292000000146,0.00048063292000000146
0.40000000000000002,0.60651824767999996,0.60701438970999999,0.60701438970999999,0.60701438970999999,0.00049614203000003521,0.00049614203000003521,0.00049614203000003521
0.40100000000000002,0.60894947174000003,0.60946117933999999,0.60946117933999999,0.60946117933999999,0.00051170759999996651,0.00051170759999996651,0.00051170759999996651
0.40200000000000002,0.61138251202000005,0.61190984104000001,0.61190984104000001,0.61190984104000001,0.00052732901999996695,0.00052732901999996695,0.00052732901999996695
0.40300000000000002,0.61381734918999997,0.61436035493999996,0.61436035493999996,0.61436035493999996,0.00054300574999999185,0.00054300574999999185,0.00054300574999999185
0.40400000000000003,0.61625396403999999,0.61681270107999997,0.61681270107999997,0.61681270107999997,0.00055873703999997915,0.00055873703999997915,0.00055873703999997915
0.40500000000000003,0.61869233716000005,0.61926685958000005,0.61926685958000005,0.61926685958000005,0.00057452242000000098,0.00057452242000000098,0.00057452242000000098
0.40600000000000003,0.62113244935,0.62172281058000001,0.62172281058000001,0.62172281058000001,0.00059036123000000273,0.00059036123000000273,0.00059036123000000273
0.40699999999999997,0.62357428122000003,0.62418053408999996,0.62418053408999996,0.62418053408999996,0.00060625286999993477,0.00060625286999993477,0.00060625286999993477
0.40799999999999997,0.62601781353999997,0.62664001024000004,0.62664001024000004,0.62664001024000004,0.00062219670000007721,0.00062219670000007721,0.00062219670000007721
0.40899999999999997,0.62846302695,0.62910121912000005,0.62910121912000005,0.62910121912000005,0.00063819217000005146,0.00063819217000005146,0.00063819217000005146
0.40999999999999998,0.63090990220999998,0.63156414072,0.63156414072,0.63156414072,0.00065423851000001587,0.00065423851000001587,0.00065423851000001587
0.41099999999999998,0.63335841983999996,0.63402875515000001,0.63402875515000001,0.63402875515000001,0.00067033531000004754,0.00067033531000004754,0.00067033531000004754
0.41199999999999998,0.63580856061000002,0.6364950425,0.6364950425,0.6364950425,0.00068648188999997917,0.00068648188999997917,0.00068648188999997917
0.41299999999999998,0.63826030518999999,0.63896298269999996,0.63896298269999996,0.63896298269999996,0.00070267750999997158,0.00070267750999997158,0.00070267750999997158
0.41399999999999998,0.64071363421000005,0.64143255588000003,0.64143255588000003,0.64143255588000003,0.00071892166999998341,0.00071892166999998341,0.00071892166999998341
0.41499999999999998,0.64316852829000004,0.64390374203,0.64390374203,0.64390374203,0.00073521373999996253,0.00073521373999996253,0.00073521373999996253
0.41599999999999998,0.64562496808000003,0.64637652113999999,0.64637652113999999,0.64637652113999999,0.00075155305999996536,0.00075155305999996536,0.00075155305999996536
0.41699999999999998,0.64808293421999996,0.64885087329000002,0.64885087329000002,0.64885087329000002,0.00076793907000005657,0.00076793907000005657,0.00076793907000005657
0.41799999999999998,0.65054240731000001,0.65132677836999997,0.65132677836999997,0.65132677836999997,0.00078437105999995538,0.00078437105999995538,0.00078437105999995538
0.41899999999999998,0.65300336794000002,0.65380421646999998,0.65380421646999998,0.65380421646999998,0.00080084852999995348,0.00080084852999995348,0.00080084852999995348
0.41999999999999998,0.65546579675000005,0.65628316745000004,0.65628316745000004,0.65628316745000004,0.00081737069999998635,0.00081737069999998635,0.00081737069999998635
0.42099999999999999,0.65792967427000004,0.65876361138999995,0.65876361138999995,0.65876361138999995,0.00083393711999990572,0.00083393711999990572,0.00083393711999990572
0.42199999999999999,0.66039498106000005,0.66124552813000004,0.66124552813000004,0.66124552813000004,0.00085054706999998508,0.00085054706999998508,0.00085054706999998508
0.42299999999999999,0.66286169773000003,0.66372889767999999,0.66372889767999999,0.66372889767999999,0.00086719994999995276,0.00086719994999995276,0.00086719994999995276
0.42399999999999999,0.66532980481000004,0.66621369994000001,0.66621369994000001,0.66621369994000001,0.00088389512999997866,0.00088389512999997866,0.00088389512999997866
0.42499999999999999,0.66779928282000001,0.66869991482000002,0.66869991482000002,0.66869991482000002,0.00090063200000001231,0.00090063200000001231,0.00090063200000001231
0.42599999999999999,0.67027011228,0.67118752221,0.67118752221,0.67118752221,0.00091740993000000159,0.00091740993000000159,0.00091740993000000159
0.42699999999999999,0.67274227367999995,0.67367650207999996,0.67367650207999996,0.67367650207999996,0.0009342284000000145,0.0009342284000000145,0.0009342284000000145
0.42799999999999999,0.67521574752000002,0.67616683405,0.67616683405,0.67616683405,0.00095108652999997823,0.00095108652999997823,0.00095108652999997823
0.42899999999999999,0.67769051426000004,0.67865849823000002,0.67865849823000002,0.67865849823000002,0.00096798396999997482,0.00096798396999997482,0.00096798396999997482
0.42999999999999999,0.68016655434999995,0.68115147438000001,0.68115147438000001,0.68115147438000001,0.00098492003000005823,0.00098492003000005823,0.00098492003000005823
0.43099999999999999,0.68264384824000002,0.68364574221999996,0.68364574221999996,0.68364574221999996,0.001001893979999946,0.001001893979999946,0.001001893979999946
0.432,0.68512237633999995,0.68614128167999999,0.68614128167999999,0.68614128167999999,0.0010189053400000425,0.0010189053400000425,0.0010189053400000425
0.433,0.68760211904000001,0.68863807245999997,0.68863807245999997,0.68863807245999997,0.0010359534199999576,0.0010359534199999576,0.0010359534199999576
0.434,0.69008305674000003,0.69113609437000001,0.69113609437000001,0.69113609437000001,0.0010530376299999755,0.0010530376299999755,0.0010530376299999755
0.435,0.69256516977000004,0.69363532711999998,0.69363532711999998,0.69363532711999998,0.0010701573499999339,0.0010701573499999339,0.0010701573499999339
0.436,0.69504843849999998,0.69613575045999998,0.69613575045999998,0.69613575045999998,0.0010873119600000036,0.0010873119600000036,0.0010873119600000036
0.437,0.69753284324999998,0.69863734409,0.69863734409,0.69863734409,0.0011045008400000222,0.0011045008400000222,0.0011045008400000222
0.438,0.70001836429999997,0.70114008770000003,0.70114008770000003,0.70114008770000003,0.001121723400000052,0.001121723400000052,0.001121723400000052
0.439,0.70250498190999999,0.70364396096000004,0.70364396096000004,0.70364396096000004,0.0011389790500000441,0.0011389790500000441,0.0011389790500000441
0.44,0.70499267636999996,0.70614894347000001,0.70614894347000001,0.70614894347000001,0.0011562671000000524,0.0011562671000000524,0.0011562671000000524
0.441,0.70748142786000001,0.70865501488000004,0.70865501488000004,0.70865501488000004,0.0011735870200000331,0.0011735870200000331,0.0011735870200000331
0.442,0.70997121658999995,0.71116215479,0.71116215479,0.71116215479,0.0011909382000000468,0.0011909382000000468,0.0011909382000000468
0.443,0.71246202277000004,0.71367034278999997,0.71367034278999997,0.71367034278999997,0.0012083200199999311,0.0012083200199999311,0.0012083200199999311
0.44400000000000001,0.71495382652999995,0.71617955835000002,0.71617955835000002,0.71617955835000002,0.0012257318200000755,0.0012257318200000755,0.0012257318200000755
0.44500000000000001,0.71744660801000004,0.71868978110000004,0.71868978110000004,0.71868978110000004,0.0012431730899999938,0.0012431730899999938,0.0012431730899999938
0.44600000000000001,0.71994034726,0.72120099045999997,0.72120099045999997,0.72120099045999997,0.0012606431999999668,0.0012606431999999668,0.0012606431999999668
0.44700000000000001,0.72243502438999996,0.72371316591000001,0.72371316591000001,0.72371316591000001,0.0012781415200000534,0.0012781415200000534,0.0012781415200000534
0.44800000000000001,0.72493061941000003,0.72622628695000002,0.72622628695000002,0.72622628695000002,0.0012956675399999895,0.0012956675399999895,0.0012956675399999895
0.44900000000000001,0.72742711234000001,0.72874033291999996,0.72874033291999996,0.72874033291999996,0.0013132205799999408,0.0013132205799999408,0.0013132205799999408
0.45000000000000001,0.72992448315000003,0.73125528325,0.73125528325,0.73125528325,0.0013308000999999736,0.0013308000999999736,0.0013308000999999736
0.45100000000000001,0.73242271178999996,0.73377111729,0.73377111729,0.73377111729,0.0013484055000000383,0.0013484055000000383,0.0013484055000000383
0.45200000000000001,0.73492177816000004,0.73628781438000002,0.73628781438000002,0.73628781438000002,0.0013660362199999776,0.0013660362199999776,0.0013660362199999776
0.45300000000000001,0.73742166215000005,0.73880535377000001,0.73880535377000001,0.73880535377000001,0.0013836916199999605,0.0013836916199999605,0.0013836916199999605
0.45400000000000001,0.73992234360999998,0.74132371476000003,0.74132371476000003,0.74132371476000003,0.0014013711500000525,0.0014013711500000525,0.0014013711500000525
0.45500000000000002,0.74242380231000005,0.74384287661000004,0.74384287661000004,0.74384287661000004,0.0014190742999999895,0.0014190742999999895,0.0014190742999999895
0.45600000000000002,0.74492601808000003,0.74636281848999997,0.74636281848999997,0.74636281848999997,0.0014368004099999387,0.0014368004099999387,0.0014368004099999387
0.45700000000000002,0.74742897059000002,0.74888351955999999,0.74888351955999999,0.74888351955999999,0.0014545489699999692,0.0014545489699999692,0.0014545489699999692
0.45800000000000002,0.74993263959000001,0.75140495901000004,0.75140495901000004,0.75140495901000004,0.0014723194200000345,0.0014723194200000345,0.0014723194200000345
0.45900000000000002,0.75243700468999997,0.75392711585000005,0.75392711585000005,0.75392711585000005,0.0014901111600000849,0.0014901111600000849,0.0014901111600000849
0.46000000000000002,0.75494204556,0.75644996917999996,0.75644996917999996,0.75644996917999996,0.0015079236199999624,0.0015079236199999624,0.0015079236199999624
0.46100000000000002,0.75744774172999996,0.75897349806000003,0.75897349806000003,0.75897349806000003,0.001525756330000072,0.001525756330000072,0.001525756330000072
0.46200000000000002,0.75995407276000004,0.76149768143999996,0.76149768143999996,0.76149768143999996,0.0015436086799999194,0.0015436086799999194,0.0015436086799999194
0.46300000000000002,0.76246101815,0.76402249829000002,0.76402249829000002,0.76402249829000002,0.0015614801400000156,0.0015614801400000156,0.0015614801400000156
0.46400000000000002,0.76496855735000002,0.76654792747,0.76654792747,0.76654792747,0.0015793701199999788,0.0015793701199999788,0.0015793701199999788
0.46500000000000002,0.76747666971999995,0.76907394788000005,0.76907394788000005,0.76907394788000005,0.001597278160000104,0.001597278160000104,0.001597278160000104
0.46600000000000003,0.76998533464999996,0.77160053839999998,0.77160053839999998,0.77160053839999998,0.001615203750000016,0.001615203750000016,0.001615203750000016
0.46700000000000003,0.77249453148000002,0.77412767774000002,0.77412767774000002,0.77412767774000002,0.0016331462599999957,0.0016331462599999957,0.0016331462599999957
0.46800000000000003,0.77500423946999997,0.77665534468999997,0.77665534468999997,0.77665534468999997,0.0016511052200000043,0.0016511052200000043,0.0016511052200000043
0.46899999999999997,0.77751443772999995,0.77918351793999996,0.77918351793999996,0.77918351793999996,0.0016690802100000068,0.0016690802100000068,0.0016690802100000068
0.46999999999999997,0.78002510553000004,0.78171217611999999,0.78171217611999999,0.78171217611999999,0.0016870705899999505,0.0016870705899999505,0.0016870705899999505
0.47099999999999997,0.78253622201999995,0.78424129787999997,0.78424129787999997,0.78424129787999997,0.001705075860000016,0.001705075860000016,0.001705075860000016
0.47199999999999998,0.78504776611000004,0.78677086177,0.78677086177,0.78677086177,0.0017230956599999514,0.0017230956599999514,0.0017230956599999514
0.47299999999999998,0.78755971697000005,0.78930084631999997,0.78930084631999997,0.78930084631999997,0.0017411293499999259,0.0017411293499999259,0.0017411293499999259
0.47399999999999998,0.79007205346999998,0.79183122994999999,0.79183122994999999,0.79183122994999999,0.0017591764800000131,0.0017591764800000131,0.0017591764800000131
0.47499999999999998,0.79258475450999999,0.79436199106000005,0.79436199106000005,0.79436199106000005,0.0017772365500000609,0.0017772365500000609,0.0017772365500000609
0.47599999999999998,0.79509779900999999,0.79689310812000003,0.79689310812000003,0.79689310812000003,0.0017953091100000318,0.0017953091100000318,0.0017953091100000318
0.47699999999999998,0.7976111656,0.79942455943000001,0.79942455943000001,0.79942455943000001,0.0018133938300000096,0.0018133938300000096,0.0018133938300000096
0.47799999999999998,0.80012483316000005,0.80195632315999998,0.80195632315999998,0.80195632315999998,0.0018314899999999357,0.0018314899999999357,0.0018314899999999357
0.47899999999999998,0.80263878027000002,0.80448837753000002,0.80448837753000002,0.80448837753000002,0.0018495972600000021,0.0018495972600000021,0.0018495972600000021
0.47999999999999998,0.80515298558000004,0.80702070082999999,0.80702070082999999,0.80702070082999999,0.0018677152499999572,0.0018677152499999572,0.0018677152499999572
0.48099999999999998,0.80766742760999999,0.80955327101999996,0.80955327101999996,0.80955327101999996,0.0018858434099999766,0.0018858434099999766,0.0018858434099999766
0.48199999999999998,0.81018208484999998,0.81208606625000002,0.81208606625000002,0.81208606625000002,0.0019039814000000321,0.0019039814000000321,0.0019039814000000321
0.48299999999999998,0.81269693567000001,0.81461906437999998,0.81461906437999998,0.81461906437999998,0.0019221287099999707,0.0019221287099999707,0.0019221287099999707
0.48399999999999999,0.81521195849000005,0.81715224344000004,0.81715224344000004,0.81715224344000004,0.0019402849499999819,0.0019402849499999819,0.0019402849499999819
0.48499999999999999,0.81772713155999999,0.81968558130000002,0.81968558130000002,0.81968558130000002,0.0019584497400000345,0.0019584497400000345,0.0019584497400000345
0.48599999999999999,0.82024243306,0.82221905568999998,0.82221905568999998,0.82221905568999998,0.0019766226299999801,0.0019766226299999801,0.0019766226299999801
0.48699999999999999,0.82275784119999995,0.82475264440999996,0.82475264440999996,0.82475264440999996,0.0019948032100000068,0.0019948032100000068,0.0019948032100000068
0.48799999999999999,0.82527333394000002,0.82728632514,0.82728632514,0.82728632514,0.0020129911999999806,0.0020129911999999806,0.0020129911999999806
0.48899999999999999,0.82778888938999995,0.82982007545000003,0.82982007545000003,0.82982007545000003,0.0020311860600000786,0.0020311860600000786,0.0020311860600000786
0.48999999999999999,0.83030448541000001,0.83235387293999996,0.83235387293999996,0.83235387293999996,0.0020493875299999464,0.0020493875299999464,0.0020493875299999464
0.49099999999999999,0.83282009985000005,0.83488769510000005,0.83488769510000005,0.83488769510000005,0.0020675952499999983,0.0020675952499999983,0.0020675952499999983
0.49199999999999999,0.83533571051,0.83742151930999997,0.83742151930999997,0.83742151930999997,0.0020858087999999775,0.0020858087999999775,0.0020858087999999775
0.49299999999999999,0.83785129506,0.83995532285999996,0.83995532285999996,0.83995532285999996,0.0021040277999999635,0.0021040277999999635,0.0021040277999999635
0.49399999999999999,0.84036683111999999,0.84248908313000004,0.84248908313000004,0.84248908313000004,0.0021222520100000475,0.0021222520100000475,0.0021222520100000475
0.495,0.84288229624,0.84502277729999997,0.84502277729999997,0.84502277729999997,0.0021404810599999768,0.0021404810599999768,0.0021404810599999768
0.496,0.84539766780000003,0.84755638241999998,0.84755638241999998,0.84755638241999998,0.0021587146199999463,0.0021587146199999463,0.0021587146199999463
0.497,0.84791292322,0.85008987561000005,0.85008987561000005,0.85008987561000005,0.002176952390000042,0.002176952390000042,0.002176952390000042
0.498,0.85042803977000003,0.85262323381000005,0.85262323381000005,0.85262323381000005,0.0021951940400000147,0.0021951940400000147,0.0021951940400000147
0.499,0.85294299465000001,0.85515643393999996,0.85515643393999996,0.85515643393999996,0.0022134392899999522,0.0022134392899999522,0.0022134392899999522
0.5,0.85545776495000003,0.85768945281999998,0.85768945281999998,0.85768945281999998,0.0022316878699999432,0.0022316878699999432,0.0022316878699999432
0.501,0.85797232765999998,0.86022226718000006,0.86022226718000006,0.86022226718000006,0.0022499395200000771,0.0022499395200000771,0.0022499395200000771
0.502,0.86048665975000005,0.86275485368000004,0.86275485368000004,0.86275485368000004,0.0022681939299999954,0.0022681939299999954,0.0022681939299999954
0.503,0.86300073798999999,0.86528718892000001,0.86528718892000001,0.86470871438999997,0.0022864509300000169,0.0022864509300000169,0.0017079763999999775
0.504,0.86551453919999999,0.86781924924999998,0.86781924924999998,0.86720597103999997,0.0023047100499999917,0.0023047100499999917,0.0016914318399999795
0.505,0.86802803986999999,0.87035101123000003,0.87035101123000003,0.86970292719999998,0.0023229713600000368,0.0023229713600000368,0.0016748873299999856
0.50600000000000001,0.87054121664999995,0.87288245109999996,0.87288245109999996,0.87219956022,0.0023412344500000071,0.0023412344500000071,0.0016583435700000537
0.50700000000000001,0.87305404597000003,0.87541354514000003,0.87541354514000003,0.87469584739999995,0.0023594991700000012,0.0023594991700000012,0.0016418014299999228
0.50800000000000001,0.87556650413000003,0.87794426933000003,0.87794426933000003,0.87719176586000003,0.0023777651999999927,0.0023777651999999927,0.0016252617299999939
0.50900000000000001,0.87807856737000001,0.88047459990999999,0.88047459990999999,0.87968729265000001,0.0023960325399999816,0.0023960325399999816,0.0016087252800000007
0.51000000000000001,0.88059021181999997,0.88300451261000001,0.88300451261000001,0.88218240471999998,0.0024143007900000457,0.0024143007900000457,0.0015921929000000112
0.51100000000000001,0.88310141349000004,0.88553398342,0.88553398342,0.88467707886000002,0.0024325699299999615,0.0024325699299999615,0.001575665369999979
0.51200000000000001,0.88561214831000001,0.88806298804999995,0.88806298804999995,0.88717129183999999,0.0024508397399999327,0.0024508397399999327,0.0015591435299999734
0.51300000000000001,0.88812239206999999,0.89059150214000005,0.89059150214000005,0.88966502027000005,0.0024691100700000579,0.0024691100700000579,0.0015426282000000624
0.51400000000000001,0.89063212041999995,0.89311950122999995,0.89311950122999995,0.89215824057000004,0.002487380809999995,0.002487380809999995,0.0015261201500000876
0.51500000000000001,0.89314130898999999,0.89564696076999994,0.89564696076999994,0.8946509292,0.0025056517799999511,0.0025056517799999511,0.0015096202100000067
0.51600000000000001,0.89564993322999997,0.89817385608,0.89817385608,0.89714306239999997,0.0025239228500000266,0.0025239228500000266,0.001493129169999996
0.51700000000000002,0.89815796841999995,0.90070016238999995,0.90070016238999995,0.89963461626999996,0.0025421939699999951,0.0025421939699999951,0.0014766478500000124
0.51800000000000002,0.90066538984,0.90322585482999995,0.90322585482999995,0.90212556692000001,0.0025604649899999554,0.0025604649899999554,0.0014601770800000136
0.51900000000000002,0.90317217261000005,0.90575090840000005,0.90575090840000005,0.90461589009999999,0.0025787357900000085,0.0025787357900000085,0.0014437174899999405
0.52000000000000002,0.90567829156000002,0.90827529798999995,0.90827529798999995,0.90710556171000001,0.0025970064299999374,0.0025970064299999374,0.0014272701499999929
0.52100000000000002,0.90818372168999995,0.91079899833,0.91079899833,0.90959455734000005,0.0026152766400000527,0.0026152766400000527,0.0014108356500001085
0.52200000000000002,0.91068843764999996,0.91332198415999999,0.91332198415999999,0.91208285248999998,0.0026335465100000288,0.0026335465100000288,0.0013944148400000245
0.52300000000000002,0.91319241404999996,0.91584423000000004,0.91584423000000004,0.91457042256999999,0.0026518159500000804,0.0026518159500000804,0.0013780085200000292
0.52400000000000002,0.91569562535000004,0.91836571021000002,0.91836571021000002,0.91705724279,0.0026700848599999771,0.0026700848599999771,0.0013616174399999625
0.52500000000000002,0.91819804579999997,0.92088639916000004,0.92088639916000004,0.91954328828999998,0.002688353360000062,0.002688353360000062,0.0013452424900000093
0.52600000000000002,0.92069964965999995,0.92340627096000005,0.92340627096000005,0.92202853401999996,0.0027066213000001005,0.0027066213000001005,0.0013288843600000044
0.52700000000000002,0.92320041097000005,0.92592529970000004,0.92592529970000004,0.92451295485999996,0.0027248887299999858,0.0027248887299999858,0.0013125438899999065
0.52800000000000002,0.92570030363,0.92844345923000005,0.92844345923000005,0.92699652540999999,0.0027431556000000468,0.0027431556000000468,0.0012962217799999953
0.52900000000000003,0.92819930134999995,0.93096072339000002,0.93096072339000002,0.92947922029999996,0.0027614220400000722,0.0027614220400000722,0.0012799189500000141
0.53000000000000003,0.93069737781999995,0.93347706578,0.93347706578,0.93196101388999997,0.0027796879600000546,0.0027796879600000546,0.0012636360700000182
0.53100000000000003,0.93319450647000002,0.93599245992000002,0.93599245992000002,0.93444188039999998,0.0027979534500000014,0.0027979534500000014,0.001247373929999962
0.53200000000000003,0.93569066061999995,0.93850687918999998,0.93850687918999998,0.93692179398999997,0.0028162185700000286,0.0028162185700000286,0.001231133370000026
0.53300000000000003,0.93818581343999996,0.94102029671999998,0.94102029671999998,0.93940072857000001,0.0028344832800000219,0.0028344832800000219,0.0012149151300000494
0.53400000000000003,0.94067993794000004,0.94353268569000004,0.94353268569000004,0.94187865789000003,0.0028527477499999954,0.0028527477499999954,0.0011987199499999823
0.53500000000000003,0.94317300697999995,0.94604401893000001,0.94604401893000001,0.94435555561999995,0.0028710119500000575,0.0028710119500000575,0.0011825486400000029
0.53600000000000003,0.94566499328999998,0.94855426927999997,0.94855426927999997,0.94683139529000004,0.0028892759899999954,0.0028892759899999954,0.0011664020000000663
0.53700000000000003,0.94815586927999995,0.95106340936,0.95106340936,0.94930615001999996,0.0029075400800000484,0.0029075400800000484,0.0011502807400000092
0.53800000000000003,0.95064560741000004,0.95357141160000003,0.95357141160000003,0.95177979310000005,0.002925804189999992,0.002925804189999992,0.0011341856900000113
0.53900000000000003,0.95313417987000004,0.95607824830999999,0.95607824830999999,0.95425229744999995,0.0029440684399999473,0.0029440684399999473,0.001118117579999911
0.54000000000000004,0.95562155867999998,0.95858389164000002,0.95858389164000002,0.95672363586999998,0.0029623329600000359,0.0029623329600000359,0.0011020771899999948
0.54100000000000004,0.95810771567999997,0.96108831359000002,0.96108831359000002,0.95919378097999997,0.002980597910000049,0.002980597910000049,0.0010860652999999942
0.54200000000000004,0.96059262257,0.96359148594999999,0.96359148594999999,0.96166270522999997,0.0029988633799999942,0.0029988633799999942,0.0010700826599999713
0.54300000000000004,0.96307625086000004,0.96609338038000003,0.96609338038000003,0.96413038087000003,0.0030171295199999948,0.0030171295199999948,0.0010541300099999873
0.54400000000000004,0.96555857181000004,0.96859396826999999,0.96859396826999999,0.96659678004000005,0.0030353964599999506,0.0030353964599999506,0.001038208230000004
0.54500000000000004,0.96803955660999996,0.97109322102999995,0.97109322102999995,0.96906187450000003,0.0030536644199999907,0.0030536644199999907,0.0010223178900000685
0.54600000000000004,0.97051917620000006,0.97359110963999995,0.97359110963999995,0.97152563615999998,0.0030719334399998965,0.0030719334399998965,0.001006459959999928
0.54700000000000004,0.97299740129000001,0.97608760514000004,0.97608760514000004,0.97398803630999997,0.0030902038500000284,0.0030902038500000284,0.00099063501999996362
0.54800000000000004,0.97547420250000005,0.97858267819,0.97858267819,0.97644904644999997,0.0031084756899999455,0.0031084756899999455,0.00097484394999991508
0.54900000000000004,0.97794955014999996,0.98107629931999996,0.98107629931999996,0.97890863765000002,0.0031267491699999983,0.0031267491699999983,0.00095908750000006648
0.55000000000000004,0.98042341446000003,0.98356843900000002,0.98356843900000002,0.98136678084999995,0.0031450245399999854,0.0031450245399999854,0.00094336638999992228
0.55100000000000005,0.98289576541000001,0.98605906725000003,0.98605906725000003,0.98382344676,0.0031633018400000212,0.0031633018400000212,0.00092768134999998697
0.55200000000000005,0.98536657262000005,0.98854815409999997,0.98854815409999997,0.98627860594000005,0.0031815814799999176,0.0031815814799999176,0.00091203332000000525
0.55300000000000005,0.98783580574999996,0.99103566922999997,0.99103566922999997,0.98873222858999998,0.0031998634800000092,0.0031998634800000092,0.00089642284000002181
0.55400000000000005,0.99030343416,0.99352158225999998,0.99352158225999998,0.99118428493999999,0.0032181480999999845,0.0032181480999999845,0.00088085077999999761
0.55500000000000005,0.99276942693000003,0.99600586248,0.99600586248,0.99363474481000003,0.003236435549999972,0.003236435549999972,0.00086531787999999388
0.55600000000000005,0.99523375294000005,0.99848847901000004,0.99848847901000004,0.99608357784000001,0.0032547260699999914,0.0032547260699999914,0.00084982489999996247
0.55700000000000005,0.99769638093000002,1.0009694008000001,1.0009694008000001,0.99853075350999998,0.0032730198700000601,0.0032730198700000601,0.00083437257999996461
0.55800000000000005,1.0001572793,1.0034485962999999,1.0034485962999999,1.000976241,0.0032913169999999603,0.0032913169999999603,0.00081896170000006485
0.55900000000000005,1.0026164163,1.0059260341,1.0059260341,1.0034200094000001,0.0033096178000000531,0.0033096178000000531,0.00080359310000011064
0.56000000000000005,1.0050737598999999,1.0084016823999999,1.0084016823999999,1.0058620273000001,0.0033279225000000245,0.0033279225000000245,0.00078826740000015327
0.56100000000000005,1.0075292778,1.0108755090999999,1.0108755090999999,1.0083022633000001,0.0033462312999998911,0.0033462312999998911,0.00077298550000004518
0.56200000000000006,1.0099829377,1.0133474819999999,1.0133474819999999,1.0107406856000001,0.0033645442999998831,0.0033645442999998831,0.00075774790000004977
0.56299999999999994,1.0124347066999999,1.0158175684999999,1.0158175684999999,1.0131772623999999,0.0033828618000000255,0.0033828618000000255,0.00074255570000003601
0.56399999999999995,1.0148845518,1.0182857357999999,1.0182857357999999,1.0156119613000001,0.0034011839999998905,0.0034011839999998905,0.00072740950000005355
0.56499999999999995,1.0173324398000001,1.0207519509,1.0207519509,1.0180447499,0.003419511099999939,0.003419511099999939,0.00071231009999994654
0.56599999999999995,1.0197783373,1.0232161805,1.0232161805,1.0204755956,0.003437843199999957,0.003437843199999957,0.00069725830000000322
0.56699999999999995,1.0222222104000001,1.0256783909,1.0256783909,1.0229044651000001,0.0034561804999999612,0.0034561804999999612,0.00068225470000005117
0.56799999999999995,1.0246640252000001,1.0281385483000001,1.0281385483000001,1.0253313254,0.0034745230999999599,0.0034745230999999599,0.00066730019999994283
0.56899999999999995,1.0271037473,1.0305966185,1.0305966185,1.0277561428999999,0.0034928711999999695,0.0034928711999999695,0.00065239559999996644
0.56999999999999995,1.0295413421999999,1.0330525670999999,1.0330525670999999,1.0301788837999999,0.0035112248999999984,0.0035112248999999984,0.00063754159999995785
0.57099999999999995,1.031976775,1.0355063594,1.0355063594,1.0325995140999999,0.0035295844000000631,0.0035295844000000631,0.00062273909999999155
0.57199999999999995,1.0344100106,1.0379579603,1.0379579603,1.0350179993999999,0.0035479496999999416,0.0035479496999999416,0.00060798879999990341
0.57299999999999995,1.0368410134999999,1.0404073346,1.0404073346,1.0374343049999999,0.0035663211000001027,0.0035663211000001027,0.00059329149999998165
0.57399999999999995,1.0392697478999999,1.0428544465,1.0428544465,1.039848396,0.0035846986000001024,0.0035846986000001024,0.00057864810000007871
0.57499999999999996,1.0416961777,1.0452992601,1.0452992601,1.0422602371,0.0036030823999999573,0.0036030823999999573,0.00056405940000003874
0.57599999999999996,1.0441202665,1.0477417391999999,1.0477417391999999,1.044669793,0.0036214726999999058,0.0036214726999999058,0.00054952649999995273
0.57699999999999996,1.0465419777,1.0501818472,1.0501818472,1.0470770277000001,0.0036398694999999481,0.0036398694999999481,0.0005350500000000924
0.57799999999999996,1.0489612742000001,1.0526195470999999,1.0526195470999999,1.0494819049999999,0.0036582728999998704,0.0036582728999998704,0.00052063079999986606
0.57899999999999996,1.0513781188,1.0550548016000001,1.0550548016000001,1.0518843885,0.0036766828000001084,0.0036766828000001084,0.00050626970000000604
0.57999999999999996,1.0537924737,1.0574875731,1.0574875731,1.0542844414999999,0.0036950994000000126,0.0036950994000000126,0.00049196779999993723
0.58099999999999996,1.0562043011,1.0599178237,1.0599178237,1.0566820267999999,0.0037135226000000188,0.0037135226000000188,0.00047772569999993131
0.58199999999999996,1.0586135623999999,1.0623455149000001,1.0623455149000001,1.059077107,0.0037319525000001352,0.0037319525000001352,0.00046354460000008757
0.58299999999999996,1.0610202192,1.0647706080999999,1.0647706080999999,1.0614696442,0.0037503888999999013,0.0037503888999999013,0.00044942500000000329
0.58399999999999996,1.0634242324000001,1.0671930642,1.0671930642,1.0638596004,0.0037688317999999832,0.0037688317999999832,0.00043536799999999154
0.58499999999999996,1.0658255625999999,1.0696128437000001,1.0696128437000001,1.0662469371000001,0.0037872811000001505,0.0037872811000001505,0.00042137450000012677
0.58599999999999997,1.0682241700999999,1.0720299066000001,1.0720299066000001,1.0686316155,0.0038057365000001564,0.0038057365000001564,0.00040744540000003937
0.58699999999999997,1.0706200148,1.0744442128,1.0744442128,1.0710135964,0.0038241980000000009,0.0038241980000000009,0.00039358160000002584
0.58799999999999997,1.0730130562,1.0768557214000001,1.0768557214000001,1.0733928400999999,0.0038426652000000949,0.0038426652000000949,0.00037978389999993034
0.58899999999999997,1.0754032536,1.0792643915,1.0792643915,1.0757693069000001,0.0038611378999999779,0.0038611378999999779,0.00036605330000005765
0.58999999999999997,1.0777905655,1.0816701814,1.0816701814,1.0781429563,0.0038796159000000774,0.0038796159000000774,0.00035239080000004641
0.59099999999999997,1.0801749505,1.0840730489999999,1.0840730489999999,1.0805137476,0.0038980984999998913,0.0038980984999998913,0.00033879709999995455
0.59199999999999997,1.0825563664,1.0864729521000001,1.0864729521000001,1.0828816399000001,0.0039165857000000859,0.0039165857000000859,0.00032527350000011168
0.59299999999999997,1.0849347708999999,1.0888698475,1.0888698475,1.0852465915,0.0039350766000001425,0.0039350766000001425,0.00031182060000012335
0.59399999999999997,1.087310121,1.0912636921000001,1.0912636921000001,1.0876085605000001,0.0039535711000000529,0.0039535711000000529,0.00029843950000008057
0.59499999999999997,1.0896823736000001,1.0936544418,1.0936544418,1.0899675046999999,0.0039720681999999563,0.0039720681999999563,0.00028513109999983577
0.59599999999999997,1.0920514848,1.0960420524000001,1.0960420524000001,1.0923233811999999,0.0039905676000000501,0.0039905676000000501,0.00027189639999991577
0.59699999999999998,1.0944174105,1.0984264789,1.0984264789,1.0946761468999999,0.0040090684000000376,0.0040090684000000376,0.00025873639999995923
0.59799999999999998,1.0967801061,1.1008076760000001,1.1008076760000001,1.0970257582,0.0040275699000000831,0.0040275699000000831,0.00024565210000004889
0.59899999999999998,1.0991395265999999,1.1031855978,1.1031855978,1.0993721711,0.004046071200000112,0.004046071200000112,0.00023264450000004544
0.59999999999999998,1.1014956263,1.1055601975,1.1055601975,1.1017153408,0.0040645712000000334,0.0040645712000000334,0.00021971450000002335
0.60099999999999998,1.1038483593999999,1.1079314281999999,1.1079314281999999,1.1040552225,0.0040830687999999782,0.0040830687999999782,0.00020686310000006536
0.60199999999999998,1.1061976792999999,1.1102992421,1.1102992421,1.1063917708,0.0041015628000000692,0.0041015628000000692,0.00019409150000004871
0.60299999999999998,1.108543539,1.1126635912,1.1126635912,1.1087249395000001,0.0041200522000000017,0.0041200522000000017,0.0001814005000000396
0.60399999999999998,1.1108858909999999,1.1150244263,1.1150244263,1.1110546823,0.0041385353000000791,0.0041385353000000791,0.00016879130000013731
0.60499999999999998,1.1132246874,1.1173816981,1.1173816981,1.1133809519,0.0041570106999999634,0.0041570106999999634,0.0001562644999999474
0.60599999999999998,1.1155598795999999,1.1197353564999999,1.1197353564999999,1.1157037009999999,0.0041754768999999747,0.0041754768999999747,0.00014382140000002153
0.60699999999999998,1.1178914185,1.1220853506999999,1.1220853506999999,1.1180228813999999,0.0041939321999999724,0.0041939321999999724,0.00013146289999999006
0.60799999999999998,1.1202192546,1.1244316292000001,1.1244316292000001,1.1203384445,0.0042123746000000128,0.0042123746000000128,0.00011918989999992746
0.60899999999999999,1.1225433377,1.12677414,1.12677414,1.1226503412,0.0042308022999999473,0.0042308022999999473,0.00010700349999992476
0.60999999999999999,1.1248636169999999,1.1291128303,1.1291128303,1.1249585216,0.0042492133000000543,0.0042492133000000543,9.4904600000056405e-05
0.61099999999999999,1.1271800412999999,1.1314476466000001,1.1314476466000001,1.1272629973999999,0.0042676053000001435,0.0042676053000001435,8.2956099999975663e-05
0.61199999999999999,1.1294925586,1.1337785346,1.1337785346,1.1295636359000001,0.0042859760000000247,0.0042859760000000247,7.107730000011081e-05
0.61299999999999999,1.1318011162999999,1.1361054393000001,1.1361054393000001,1.1318604058999999,0.0043043230000001653,0.0043043230000001653,5.9289600000012044e-05
0.61399999999999999,1.1341056615,1.1384283049999999,1.1384283049999999,1.1341532553,0.0043226434999998897,0.0043226434999998897,4.7593799999967601e-05
0.61499999999999999,1.1364061403000001,1.1407470749999999,1.1407470749999999,1.1364421313999999,0.0043409346999998544,0.0043409346999998544,3.5991099999854725e-05
0.61599999999999999,1.1387024982,1.1430616920000001,1.1430616920000001,1.1387269809,0.0043591938000000496,0.0043591938000000496,2.448269999999475e-05
0.61699999999999999,1.1409946803,1.1453720977999999,1.1453720977999999,1.1410077499,0.0043774174999999804,0.0043774174999999804,1.3069600000026327e-05
0.61799999999999999,1.1432826307999999,1.1476782332,1.1476782332,1.1432843837,0.0043956024000000316,0.0043956024000000316,1.7529000000404693e-06
0.61899999999999999,1.1455662932999999,1.1499800383000001,1.1499800383000001,1.1455568269,0.0044137450000001355,0.0044137450000001355,9.4663999998800819e-06
0.62,1.1478456104999999,1.1522774522999999,1.1522774522999999,1.1478250236,0.0044318418000000026,0.0044318418000000026,2.0586899999841535e-05
0.621,1.1501205247999999,1.1545704133000001,1.1545704133000001,1.1500889170999999,0.0044498885000001653,0.0044498885000001653,3.1607699999991468e-05
0.622,1.1523909775000001,1.1568588584999999,1.1568588584999999,1.1523484500000001,0.0044678809999998403,0.0044678809999998403,4.2527500000000273e-05
0.623,1.1546569092000001,1.1591427241000001,1.1591427241000001,1.1546035642000001,0.0044858148999999958,0.0044858148999999958,5.3344999999982434e-05
0.624,1.1569182599000001,1.1614219453000001,1.1614219453000001,1.1568542007,0.0045036854000000126,0.0045036854000000126,6.4059200000077254e-05
0.625,1.1591749686999999,1.1636964564000001,1.1636964564000001,1.1591002999,0.0045214877000001596,0.0045214877000001596,7.4668799999955127e-05
0.626,1.1614269739,1.1659661902,1.1659661902,1.1613418012000001,0.0045392162999999819,0.0045392162999999819,8.5172699999969126e-05
0.627,1.1636742127999999,1.1682310789000001,1.1682310789000001,1.1635786436,0.0045568661000001676,0.0045568661000001676,9.5569199999978593e-05
0.628,1.1659166221999999,1.1704910531999999,1.1704910531999999,1.1658107649,0.0045744309999999899,0.0045744309999999899,0.00010585729999990079
0.629,1.1681541379,1.1727460427,1.1727460427,1.1680381021999999,0.0045919048000000462,0.0045919048000000462,0.00011603570000007224
0.63,1.1703866946000001,1.1749959758999999,1.1749959758999999,1.1702605917,0.0046092812999998234,0.0046092812999998234,0.00012610290000014679
0.63100000000000001,1.1726142263999999,1.1772407799,1.1772407799,1.1724781688999999,0.0046265535000000746,0.0046265535000000746,0.0001360575000000086
0.63200000000000001,1.1748366663000001,1.1794803803,1.1794803803,1.1746907679,0.0046437139999999655,0.0046437139999999655,0.00014589840000001075
0.63300000000000001,1.1770539463,1.1817147018,1.1817147018,1.1774462998999999,0.0046607555000000023,0.0046607555000000023,0.00039235359999989505
0.63400000000000001,1.1792659975999999,1.1839436674999999,1.1839436674999999,1.1796388479,0.0046776698999999589,0.0046776698999999589,0.00037285030000000496
0.63500000000000001,1.1814727502,1.186167199,1.186167199,1.1818261655,0.0046944488000000284,0.0046944488000000284,0.00035341529999999288
0.63600000000000001,1.1836741332,1.1883852165,1.1883852165,1.1840081838000001,0.0047110832999999186,0.0047110832999999186,0.00033405060000002429
0.63700000000000001,1.1858700744999999,1.1905976385999999,1.1905976385999999,1.1861848329,0.0047275640999999702,0.0047275640999999702,0.00031475840000005917
0.63800000000000001,1.1880605011000001,1.1928043825000001,1.1928043825000001,1.1883560420999999,0.0047438814000000384,0.0047438814000000384,0.00029554099999984373
0.63900000000000001,1.1902453386,1.1950053635,1.1950053635,1.190521739,0.0047600248999999373,0.0047600248999999373,0.00027640039999998756
0.64000000000000001,1.1924245117000001,1.1972004952999999,1.1972004952999999,1.1926818508000001,0.0047759835999998668,0.0047759835999998668,0.00025733910000003135
0.64100000000000001,1.1945979438000001,1.1993896900000001,1.1993896900000001,1.194836303,0.0047917462000000022,0.0047917462000000022,0.00023835919999992683
0.64200000000000002,1.1967655571,1.2015728575,1.2015728575,1.1969850203000001,0.0048073003999999919,0.0048073003999999919,0.00021946320000010289
0.64300000000000002,1.1989272721999999,1.2037499062999999,1.2037499062999999,1.1991279259000001,0.0048226340999999451,0.0048226340999999451,0.00020065370000010851
0.64400000000000002,1.2010830082999999,1.2059207425,1.2059207425,1.2012649419999999,0.00483773420000011,0.00483773420000011,0.00018193369999996989
0.64500000000000002,1.2032326832,1.2080852705,1.2080852705,1.2033959892999999,0.0048525873000000441,0.0048525873000000441,0.00016330609999992696
0.64600000000000002,1.2053762133999999,1.2102433923,1.2102433923,1.2055209872999999,0.004867178900000102,0.004867178900000102,0.0001447739000000059
0.64700000000000002,1.207513514,1.2123950080000001,1.2123950080000001,1.2076398543,0.0048814940000001528,0.0048814940000001528,0.00012634030000002738
0.64800000000000002,1.2096444985000001,1.2145400151000001,1.2145400151000001,1.2097525067999999,0.0048955165999999828,0.0048955165999999828,0.00010800829999979555
0.64900000000000002,1.2117690791,1.2166783088999999,1.2166783088999999,1.2118588599,0.0049092297999999701,0.0049092297999999701,8.9780799999994443e-05
0.65000000000000002,1.2138871662999999,1.2188097821999999,1.2188097821999999,1.2139588272999999,0.0049226158999999825,0.0049226158999999825,7.1661000000000641e-05
0.65100000000000002,1.215998669,1.2209343254,1.2209343254,1.2160524304,0.0049356564000000436,0.0049356564000000436,5.3761400000018611e-05
0.65200000000000002,1.2181034946,1.2230518259000001,1.2230518259000001,1.2181394053000001,0.0049483313000000528,0.0049483313000000528,3.5910700000085782e-05
0.65300000000000002,1.2202015486,1.2251621686,1.2251621686,1.2202197258,0.0049606200000000822,0.0049606200000000822,1.8177200000080163e-05
0.65400000000000003,1.2222927348999999,1.2272652352,1.2272652352,1.2222932989999999,0.0049725003000000711,0.0049725003000000711,5.6410000004447625e-07
0.65500000000000003,1.2243769552999999,1.2293609046,1.2293609046,1.2243600301999999,0.0049839493000001234,0.0049839493000001234,1.692509999995373e-05
0.65600000000000003,1.2264541095999999,1.2314490523999999,1.2314490523999999,1.2264198228000001,0.0049949428000000129,0.0049949428000000129,3.4286799999838635e-05
0.65700000000000003,1.2285240958000001,1.2335295508999999,1.2335295508999999,1.2284725784999999,0.0050054550999998337,0.0050054550999998337,5.1517300000192279e-05
0.65800000000000003,1.2305868099999999,1.2356022689999999,1.2356022689999999,1.2305181970000001,0.0050154589999999999,0.0050154589999999999,6.8612999999828617e-05
0.65900000000000003,1.2326421459000001,1.2376670717,1.2376670717,1.2325565759999999,0.0050249257999999131,0.0050249257999999131,8.5569900000193044e-05
0.66000000000000003,1.2346899951999999,1.2397238206000001,1.2397238206000001,1.2345876111,0.0050338254000001914,0.0050338254000001914,0.00010238409999985265
0.66100000000000003,1.2367302473999999,1.2417723728000001,1.2417723728000001,1.2366111957999999,0.0050421254000001525,0.0050421254000001525,0.00011905160000003079
0.66200000000000003,1.2387627895,1.2438125814000001,1.2438125814000001,1.2386272213,0.0050497919000001001,0.0050497919000001001,0.00013556819999993586
0.66300000000000003,1.2407875064,1.2458442944999999,1.2458442944999999,1.2406355764999999,0.005056788099999876,0.005056788099999876,0.00015192990000012507
0.66400000000000003,1.2428042801999999,1.2478673554999999,1.2478673554999999,1.2426361476000001,0.0050630753000000528,0.0050630753000000528,0.00016813259999981511
0.66500000000000004,1.2448129905,1.2498816027999999,1.2498816027999999,1.2446288185000001,0.0050686122999998862,0.0050686122999998862,0.00018417199999998246
0.66600000000000004,1.2468135142000001,1.2518868697000001,1.2518868697000001,1.2466134705,0.0050733554999999875,0.0050733554999999875,0.00020004370000004101
0.66700000000000004,1.2488057251,1.2538829840000001,1.2538829840000001,1.2485899823,0.0050772589000001034,0.0050772589000001034,0.00021574280000002943
0.66800000000000004,1.2507894947,1.2558697672000001,1.2558697672000001,1.2505582297,0.0050802725000000937,0.0050802725000000937,0.00023126500000003603
0.66900000000000004,1.2527646909000001,1.2578470343999999,1.2578470343999999,1.2525242232,0.0050823434999998085,0.0050823434999998085,0.00024046770000007989
0.67000000000000004,1.2547311785999999,1.2598145939000001,1.2598145939000001,1.2544756535999999,0.0050834153000001159,0.0050834153000001159,0.0002555250000000342
0.67100000000000004,1.2566888195000001,1.2617722471999999,1.2617722471999999,1.2564184291,0.0050834276999998096,0.0050834276999998096,0.00027039040000009784
0.67200000000000004,1.2586374714999999,1.2637197882,1.2637197882,1.2583524129999999,0.0050823167000000335,0.0050823167000000335,0.00028505850000004607
0.67300000000000004,1.2605769892000001,1.2656570027,1.2656570027,1.2602774654,0.0050800134999999802,0.0050800134999999802,0.00029952380000008993
0.67400000000000004,1.2625072233000001,1.2675836679000001,1.2675836679000001,1.2621934425000001,0.0050764446000000074,0.0050764446000000074,0.00031378079999999642
0.67500000000000004,1.2644280206,1.2694995524999999,1.2694995524999999,1.2641001966000001,0.0050715318999998704,0.0050715318999998704,0.00032782399999997658
0.67600000000000005,1.2663392236,1.2714044151999999,1.2714044151999999,1.2659975762,0.005065191599999963,0.005065191599999963,0.00034164739999997806
0.67700000000000005,1.2682406707,1.2732980045,1.2732980045,1.2678854256000001,0.0050573337999999524,0.0050573337999999524,0.00035524509999995679
0.67800000000000005,1.2701321954,1.2751800579000001,1.2751800579000001,1.2697635845999999,0.0050478625000001109,0.0050478625000001109,0.00036861080000005764
0.67900000000000005,1.2720136268,1.2770503012000001,1.2770503012000001,1.2716318889,0.0050366744000001074,0.0050366744000001074,0.00038173789999995655
0.68000000000000005,1.2738847886,1.2789084475000001,1.2789084475000001,1.273490169,0.0050236589000001164,0.0050236589000001164,0.00039461959999997909
0.68100000000000005,1.2757454994999999,1.2807541955999999,1.2807541955999999,1.2753382507,0.0050086960999999874,0.0050086960999999874,0.00040724879999998187
0.68200000000000005,1.2775955724000001,1.2825872300000001,1.2825872300000001,1.2771759546000001,0.0049916575999999768,0.0049916575999999768,0.00041961779999999393
0.68300000000000005,1.2794348146000001,1.2844072188,1.2844072188,1.2790030955,0.0049724041999998914,0.0049724041999998914,0.00043171910000006086
0.68400000000000005,1.2812630269,1.2862138122,1.2862138122,1.2808196702000001,0.0049507852999999269,0.0049507852999999269,0.00044335669999995275
0.68500000000000005,1.2830800037000001,1.2880066418,1.2880066418,1.2826251507999999,0.004926638099999936,0.004926638099999936,0.00045485290000013556
0.68600000000000005,1.2848855323999999,1.2897853177,1.2897853177,1.2844194776,0.0048997853000001257,0.0048997853000001257,0.0004660547999999487
0.68700000000000006,1.2866793931,1.2915494259,1.2915494259,1.2862024400000001,0.0048700327999999793,0.0048700327999999793,0.00047695309999995494
0.68799999999999994,1.2884613579999999,1.2932985236000001,1.2932985236000001,1.2879738188000001,0.0048371656000001373,0.0048371656000001373,0.00048753919999988682
0.68899999999999995,1.2902311911,1.2950321393999999,1.2950321393999999,1.2897333869000001,0.0048009482999999964,0.0048009482999999964,0.00049780419999989611
0.68999999999999995,1.2919886473,1.2967497697000001,1.2967497697000001,1.2914809088000001,0.0047611224000001506,0.0047611224000001506,0.00050773849999985465
0.69099999999999995,1.2937334721,1.2984508755999999,1.2984508755999999,1.29321614,0.0047174034999999392,0.0047174034999999392,0.00051733210000004526
0.69199999999999995,1.2954654004999999,1.3001348778999999,1.3001348778999999,1.2949388269,0.0046694774000000105,0.0046694774000000105,0.00052657359999996878
0.69299999999999995,1.2971841547,1.3018011511000001,1.3018011511000001,1.2966487054,0.0046169964000000174,0.0046169964000000174,0.00053544930000004598
0.69399999999999995,1.2988894440000001,1.3034490152,1.3034490152,1.298345501,0.0045595711999999455,0.0045595711999999455,0.00054394300000004669
0.69499999999999995,1.3005809641999999,1.3050777280000001,1.3050777280000001,1.3000289272000001,0.0044967638000001919,0.0044967638000001919,0.00055203699999983868
0.69599999999999995,1.3022583971999999,1.3066864743,1.3066864743,1.3016986852000001,0.0044280771000000385,0.0044280771000000385,0.00055971199999982346
0.69699999999999995,1.3039214100000001,1.3082743573,1.3082743573,1.3028385659999999,0.0043529472999999097,0.0043529472999999097,0.0010828440000001383
0.69799999999999995,1.3055696531000001,1.3098403851,1.3098403851,1.3044997419,0.0042707319999999438,0.0042707319999999438,0.0010699112000001065
0.69899999999999995,1.3072027593,1.3113834521000001,1.3113834521000001,1.306146123,0.0041806928000001076,0.0041806928000001076,0.001056636299999969
0.69999999999999996,1.3088203426,1.312902316,1.312902316,1.3077773311000001,0.0040819733999999386,0.0040819733999999386,0.0010430114999999684
0.70099999999999996,1.3104219961000001,1.3143955562,1.3143955562,1.3093929669,0.0039735600999999399,0.0039735600999999399,0.0010290292000001422
0.70199999999999996,1.3120072900999999,1.3158615185,1.3158615185,1.3109926067,0.0038542284000000482,0.0038542284000000482,0.0010146833999999938
0.70299999999999996,1.3135757698999999,1.3172982677,1.3172982677,1.3125758010999999,0.003722497800000113,0.003722497800000113,0.0009999687999999729
0.70399999999999996,1.3151269535000001,1.3187035037999999,1.3187035037999999,1.3141420725999999,0.0035765502999998144,0.0035765502999998144,0.00098488090000015127
0.70499999999999996,1.316660328,1.3200744342999999,1.3200744342999999,1.3156909126,0.0034141062999999416,0.0034141062999999416,0.00096941539999995108
0.70599999999999996,1.3181753467999999,1.3214075714,1.3214075714,1.3172217786,0.0032322246000000554,0.0032322246000000554,0.00095356819999992126
0.70699999999999996,1.3196714252999999,1.3226983832000001,1.3226983832000001,1.31873409,0.0030269579000001823,0.0030269579000001823,0.00093733529999995291
0.70799999999999996,1.3211479362,1.3239405274,1.3239405274,1.3202272234000001,0.002792591199999972,0.002792591199999972,0.00092071279999994537
0.70899999999999996,1.3226042013999999,1.3251242170999999,1.3251242170999999,1.3217006492000001,0.0025200157000000445,0.0025200157000000445,0.00090355219999982417
0.70999999999999996,1.3240394866,1.3262309050000001,1.3262309050000001,1.3231533985999999,0.0021914184000000336,0.0021914184000000336,0.00088608800000011811
0.71099999999999997,1.3254529942,0.34584743580999999,0.34584743580999999,1.3245847804999999,0.97960555838999996,0.97960555838999996,0.00086821370000000897
0.71199999999999997,1.3268438534,0.3438254496,0.3438254496,1.3259939261,0.98301840380000005,0.98301840380000005,0.00084992729999999739
0.71299999999999997,1.3282111019,0.34180754482999998,0.34180754482999998,1.3273798713,0.98640355707000005,0.98640355707000005,0.00083123060000001026
0.71399999999999997,1.3295536637000001,0.33979373647,0.33979373647,1.3287415477,0.98975992723000006,0.98975992723000006,0.00081211600000008488
0.71499999999999997,1.3308703373999999,0.33778403953000002,0.33778403953000002,1.3300777639000001,0.99308629786999991,0.99308629786999991,0.00079257349999983795
0.71599999999999997,1.3321597698000001,0.33577846875,0.33577846875,1.3313871789,0.99638130105,0.99638130105,0.00077259090000003638
0.71699999999999997,1.3334204206,0.33377703905,0.33377703905,1.3327992741000001,0.99964338154999999,0.99964338154999999,0.00062114649999989169
0.71799999999999997,1.3346505156999999,0.33177976511000001,0.33177976511000001,1.3340446115,1.0028707505899999,1.0028707505899999,0.00060590419999995149
0.71899999999999997,1.3358479696000001,0.32978666167999998,0.32978666167999998,1.3352570511999999,1.00606130792,1.00606130792,0.00059091840000013995
0.71999999999999997,1.3370102881000001,0.32779774337000001,0.32779774337000001,1.3364339679999999,1.00921254473,1.00921254473,0.00057632010000019385
0.72099999999999997,1.3381344246,0.32581302479000002,0.32581302479000002,1.3375721253999999,1.01232139981,1.01232139981,0.0005622992000000604
0.72199999999999998,1.3392165291,0.32383252048,0.32383252048,1.3386673927999999,1.0153840086199999,1.0153840086199999,0.00054913630000008595
0.72299999999999998,1.3402515348999999,0.32185624495999998,0.32185624495999998,1.3399084041,1.0183952899399999,1.0183952899399999,0.00034313079999992446
0.72399999999999998,1.3412322999999999,0.31988421262,0.31988421262,1.3409120537000001,1.0213480873799998,1.0213480873799998,0.00032024629999982679
0.72499999999999998,1.3421474278000001,0.31791643791000002,0.31791643791000002,1.3418490943000001,1.0242309898899999,1.0242309898899999,0.00029833349999996983
0.72599999999999998,1.3429737708,0.31595293516,0.31595293516,1.3427344005999999,1.0270208356400001,1.0270208356400001,0.00023937020000008857
0.72699999999999998,0.32175199965000001,0.31399371868999998,0.31399371868999998,0.32238709019,0.0077582809600000302,0.0077582809600000302,0.00063509053999999399
0.72799999999999998,0.31971264631000001,0.31203880279000001,0.31203880279000001,0.32035037319999998,0.007673843520000001,0.007673843520000001,0.00063772688999996774
0.72899999999999998,0.31767741334999999,0.31008820161,0.31008820161,0.31831772458000002,0.0075892117399999903,0.0075892117399999903,0.00064031123000002355
0.72999999999999998,0.31564632334999998,0.30814192940000001,0.30814192940000001,0.31628916632999998,0.0075043939499999657,0.0075043939499999657,0.0006428429800000024
0.73099999999999998,0.31361939892000001,0.30620000026999999,0.30620000026999999,0.31426472053999999,0.0074193986500000197,0.0074193986500000197,0.00064532161999997228
0.73199999999999998,0.31159666261000002,0.30426242834,0.30426242834,0.31224440933999997,0.0073342342700000174,0.0073342342700000174,0.00064774672999995397
0.73299999999999998,0.30957813721999999,0.30232922766999998,0.30232922766999998,0.31022825488,0.0072489095500000156,0.0072489095500000156,0.0006501176600000047
0.73399999999999999,0.30756384534999998,0.30040041227999997,0.30040041227999997,0.30821627940000001,0.0071634330700000026,0.0071634330700000026,0.00065243405000003918
0.73499999999999999,0.30555380977000002,0.29847599619999998,0.29847599619999998,0.30620850515999998,0.0070778135700000355,0.0070778135700000355,0.00065469538999995969
0.73599999999999999,0.30354805322,0.29655599332999999,0.29655599332999999,0.30420495448000001,0.006992059890000013,0.006992059890000013,0.00065690126000000904
0.73699999999999999,0.30154659852999999,0.29464041766999999,0.29464041766999999,0.30220564973000003,0.0069061808599999996,0.0069061808599999996,0.00065905120000003814
0.73799999999999999,0.29954946854999998,0.29272928310000002,0.29272928310000002,0.30021061333999999,0.0068201854499999603,0.0068201854499999603,0.00066114479000001225
0.73899999999999999,0.29755668604000002,0.29082260347,0.29082260347,0.29821986766000003,0.0067340825700000218,0.0067340825700000218,0.00066318162000000846
0.73999999999999999,0.29556827401000002,0.28892039262000002,0.28892039262000002,0.29623343532000002,0.0066478813899999989,0.0066478813899999989,0.00066516130999999534
0.74099999999999999,0.29358425531999999,0.28702266443000002,0.28702266443000002,0.29425133884999999,0.0065615908899999686,0.0065615908899999686,0.00066708353000000109
0.74199999999999999,0.29160465296999999,0.28512943261000001,0.28512943261000001,0.29227360080999998,0.006475220359999978,0.006475220359999978,0.0006689478399999893
0.74299999999999999,0.28962948989999998,0.28324071098999998,0.28324071098999998,0.29030024390999998,0.0063887789100000036,0.0063887789100000036,0.00067075400999999646
0.74399999999999999,0.28765878917999999,0.2813565133,0.2813565133,0.28833129081999997,0.0063022758799999856,0.0063022758799999856,0.00067250163999998946
0.745,0.28569257386000002,0.27947685328999999,0.27947685328999999,0.28636676430000002,0.0062157205700000273,0.0062157205700000273,0.00067419043999999984
0.746,0.28373086706,0.27760174463999998,0.27760174463999998,0.28440668712,0.0061291224200000216,0.0061291224200000216,0.00067582005999999861
0.747,0.28177369182000001,0.27573120102999998,0.27573120102999998,0.28245108211999997,0.0060424907900000213,0.0060424907900000213,0.00067739029999996925
0.748,0.27982107138000001,0.27386523622999998,0.27386523622999998,0.28049997222,0.0059558351500000328,0.0059558351500000328,0.00067890083999999629
0.749,0.27787302890999999,0.27200386380000002,0.27200386380000002,0.27855338035999999,0.0058691651099999631,0.0058691651099999631,0.00068035145000000519
0.75,0.27592958762000003,0.27014709739999998,0.27014709739999998,0.27661132953000001,0.0057824902200000472,0.0057824902200000472,0.00068174190999997775
0.751,0.27399077080000001,0.26829495071999998,0.26829495071999998,0.27467384268,0.0056958200800000247,0.0056958200800000247,0.00068307187999999686
0.752,0.27205660171000001,0.26644743736999998,0.26644743736999998,0.27274094302000002,0.0056091643400000279,0.0056091643400000279,0.00068434131000000287
0.753,0.27012710368999998,0.26460457099000001,0.26460457099000001,0.27081265355,0.0055225326999999713,0.0055225326999999713,0.00068554986000002316
0.754,0.26820230013000002,0.26276636521000002,0.26276636521000002,0.2688889975,0.0054359349199999962,0.0054359349199999962,0.00068669736999998898
0.755,0.26628221431999999,0.26093283362000003,0.26093283362000003,0.26696999811,0.0053493806999999616,0.0053493806999999616,0.00068778379000000722
0.75600000000000001,0.26436686979000001,0.25910398976999999,0.25910398976999999,0.26505567864000001,0.005262880020000027,0.005262880020000027,0.00068880885000000003
0.75700000000000001,0.26245628994999998,0.25727984734999998,0.25727984734999998,0.26314606237999999,0.0051764425999999975,0.0051764425999999975,0.00068977243000001298
0.75800000000000001,0.26055049830999999,0.25546041996000002,0.25546041996000002,0.26124117271000002,0.0050900783499999713,0.0050900783499999713,0.00069067440000003533
0.75900000000000001,0.25864951843,0.25364572121000001,0.25364572121000001,0.25934103301,0.0050037972199999947,0.0050037972199999947,0.00069151457999999666
0.76000000000000001,0.25675337374000001,0.25183576472000002,0.25183576472000002,0.25744566676000002,0.0049176090199999911,0.0049176090199999911,0.00069229302000001214
0.76100000000000001,0.25486208794999998,0.25003056408000002,0.25003056408000002,0.25555509747999999,0.0048315238699999652,0.0048315238699999652,0.00069300953000001053
0.76200000000000001,0.25297568467999998,0.24823013295999999,0.24823013295999999,0.25366934866000002,0.0047455517199999908,0.0047455517199999908,0.0006936639800000366
0.76300000000000001,0.25109418760000002,0.24643448497000001,0.24643448497000001,0.25178844389999999,0.0046597026300000122,0.0046597026300000122,0.00069425629999997351
0.76400000000000001,0.24921762023999999,0.24464363379000001,0.24464363379000001,0.24991240687999999,0.0045739864499999838,0.0045739864499999838,0.00069478664000000023
0.76500000000000001,0.24734600647999999,0.24285759308999999,0.24285759308999999,0.24804126125000001,0.0044884133900000012,0.0044884133900000012,0.00069525477000001445
0.76600000000000001,0.24547937007000001,0.24107637647999999,0.24107637647999999,0.24617503075,0.004402993590000015,0.004402993590000015,0.0006956606799999876
0.76700000000000002,0.24361773478000001,0.23929999772999999,0.23929999772999999,0.24431373914000001,0.0043177370500000201,0.0043177370500000201,0.0006960043600000021
0.76800000000000002,0.24176112442,0.23752847051000001,0.23752847051000001,0.24245741025000001,0.0042326539099999949,0.0042326539099999949,0.0006962858300000041
0.76900000000000002,0.23990956286000001,0.23576180856000001,0.23576180856000001,0.24060606795,0.0041477543000000006,0.0041477543000000006,0.00069650508999999361
0.77000000000000002,0.23806307400000001,0.23400002564,0.23400002564,0.23875973616999999,0.0040630483600000156,0.0040630483600000156,0.0006966621699999731
0.77100000000000002,0.23622168173999999,0.23224313552,0.23224313552,0.23691843876999999,0.0039785462199999899,0.0039785462199999899,0.00069675702999999478
0.77200000000000002,0.23438541004999999,0.23049115203000001,0.23049115203000001,0.23508219986000001,0.0038942580199999854,0.0038942580199999854,0.00069678981000001472
0.77300000000000002,0.23255428291999999,0.22874408893000001,0.22874408893000001,0.23325104341,0.0038101939899999882,0.0038101939899999882,0.00069676049000000351
0.77400000000000002,0.23072832439999999,0.22700196013999999,0.22700196013999999,0.23142499354000001,0.0037263642600000035,0.0037263642600000035,0.00069666914000002245
0.77500000000000002,0.22890755846999999,0.22526477952999999,0.22526477952999999,0.22960407438,0.0036427789400000077,0.0036427789400000077,0.00069651591000000068
0.77600000000000002,0.22709200930000001,0.22353256102999999,0.22353256102999999,0.22778831011,0.0035594482700000152,0.0035594482700000152,0.00069630080999999455
0.77700000000000002,0.22528170096,0.22180531857999999,0.22180531857999999,0.22597772492000001,0.0034763823800000038,0.0034763823800000038,0.00069602396000001399
0.77800000000000002,0.22347665764999999,0.22008306617000001,0.22008306617000001,0.22417234309,0.0033935914799999856,0.0033935914799999856,0.00069568544000001009
0.77900000000000003,0.22167690354,0.21836581785,0.21836581785,0.22237218892999999,0.003311085689999993,0.003311085689999993,0.00069528538999999445
0.78000000000000003,0.21988246282999999,0.21665358767000001,0.21665358767000001,0.22057728678999999,0.0032288751599999777,0.0032288751599999777,0.00069482396000000723
0.78100000000000003,0.21809335976999999,0.21494638974999999,0.21494638974999999,0.21878766104,0.0031469700200000006,0.0031469700200000006,0.00069430127000000286
0.78200000000000003,0.21630961865000001,0.21324423827,0.21324423827,0.21700333616,0.0030653803800000101,0.0030653803800000101,0.00069371750999999704
0.78300000000000003,0.21453126381000001,0.21154714739,0.21154714739,0.21522433657000001,0.0029841164200000159,0.0029841164200000159,0.0006930727599999964
0.78400000000000003,0.21275831958999999,0.20985513137,0.20985513137,0.21345068680000001,0.0029031882199999914,0.0029031882199999914,0.00069236721000001666
0.78500000000000003,0.21099081037,0.20816820455000001,0.20816820455000001,0.21168241145,0.0028226058199999904,0.0028226058199999904,0.00069160107999999276
0.78600000000000003,0.20922876057000001,0.20648638120999999,0.20648638120999999,0.2099195351,0.002742379360000019,0.002742379360000019,0.00069077452999999345
0.78700000000000003,0.20747219457999999,0.20480967581000001,0.20480967581000001,0.20816208239,0.002662518769999983,0.002662518769999983,0.00068988781000001165
0.78800000000000003,0.20572113696,0.20313810279,0.20313810279,0.20641007801,0.0025830341699999981,0.0025830341699999981,0.00068894105000000261
0.78900000000000003,0.20397561217999999,0.20147167671999999,0.20147167671999999,0.2046635467,0.0025039354599999952,0.0025039354599999952,0.00068793452000001643
0.79000000000000004,0.20223564479,0.19981041204,0.19981041204,0.20292251319999999,0.0024252327500000059,0.0024252327500000059,0.00068686840999998555
0.79100000000000004,0.20050125936999999,0.19815432352000001,0.19815432352000001,0.20118700232,0.0023469358499999815,0.0023469358499999815,0.00068574295000001229
0.79200000000000004,0.19877248050999999,0.19650342580999999,0.19650342580999999,0.19945703897,0.002269054699999995,0.002269054699999995,0.00068455846000001208
0.79300000000000004,0.19704933278,0.19485773370000001,0.19485773370000001,0.19773264802000001,0.0021915990799999951,0.0021915990799999951,0.00068331524000000976
0.79400000000000004,0.19533184099000001,0.19321726204,0.19321726204,0.19601385425000001,0.0021145789500000012,0.0021145789500000012,0.00068201326000000284
0.79500000000000004,0.1936200297,0.19158202564999999,0.19158202564999999,0.19430068285999999,0.0020380040500000141,0.0020380040500000141,0.00068065315999998877
0.79600000000000004,0.19191392370999999,0.18995203961000001,0.18995203961000001,0.19259315874999999,0.0019618840999999776,0.0019618840999999776,0.00067923504000000356
0.79700000000000004,0.19021354780999999,0.18832731886000001,0.18832731886000001,0.19089130689,0.0018862289499999851,0.0018862289499999851,0.00067775908000000662
0.79800000000000004,0.18851892670000001,0.18670787859999999,0.18670787859999999,0.18919515248999999,0.0018110481000000178,0.0018110481000000178,0.00067622578999998462
0.79900000000000004,0.18683008523,0.18509373404000001,0.18509373404000001,0.18750472067000001,0.0017363511899999851,0.0017363511899999851,0.00067463544000001541
0.80000000000000004,0.18514704826,0.18348490041000001,0.18348490041000001,0.18582003651000001,0.0016621478499999898,0.0016621478499999898,0.00067298825000000617
0.80100000000000005,0.18346984071,0.18188139310000001,0.18188139310000001,0.18414112525000001,0.0015884476099999878,0.0015884476099999878,0.00067128454000001114
0.80200000000000005,0.18179848741999999,0.18028322758000001,0.18028322758000001,0.18246801215,0.0015152598399999773,0.0015152598399999773,0.00066952473000000956
0.80300000000000005,0.18013301336000001,0.17869041932999999,0.17869041932999999,0.18080072250000001,0.0014425940300000217,0.0014425940300000217,0.00066770914000000015
0.80400000000000005,0.1784734435,0.17710298399999999,0.17710298399999999,0.17913928161000001,0.0013704595000000042,0.0013704595000000042,0.00066583811000001103
0.80500000000000005,0.17681980285000001,0.17552093731000001,0.17552093731000001,0.17748371473999999,0.0012988655399999993,0.0012988655399999993,0.00066391188999997963
0.80600000000000005,0.17517211638999999,0.17394429503,0.17394429503,0.1758340474,0.0012278213599999921,0.0012278213599999921,0.00066193101000000532
0.80700000000000005,0.17353040928999999,0.17237307306999999,0.17237307306999999,0.17419030494000001,0.0011573362199999992,0.0011573362199999992,0.00065989565000001971
0.80800000000000005,0.17189470639000001,0.17080728749999999,0.17080728749999999,0.17255251284000001,0.0010874188900000248,0.0010874188900000248,0.00065780644999999249
0.80900000000000005,0.17026503311999999,0.16924695418999999,0.16924695418999999,0.17092069662000001,0.0010180789299999993,0.0010180789299999993,0.00065566350000001439
0.81000000000000005,0.16864141429999999,0.16769208955000001,0.16769208955000001,0.16929488185,0.00094932474999998018,0.00094932474999998018,0.00065346755000000867
0.81100000000000005,0.16702387532999999,0.16614270973,0.16614270973,0.16767509391999999,0.00088116559999998345,0.00088116559999998345,0.00065121859000000226
0.81200000000000006,0.16541244138,0.16459883120999999,0.16459883120999999,0.16606135863999999,0.00081361017000000646,0.00081361017000000646,0.00064891725999999261
0.81299999999999994,0.16380713759000001,0.16306047044999999,0.16306047044999999,0.16445370152,0.00074666714000001799,0.00074666714000001799,0.00064656392999998258
0.81399999999999995,0.16220798920000001,0.16152764411000001,0.16152764411000001,0.16285214827,0.00068034509000000631,0.00068034509000000631,0.00064415906999998329
0.81499999999999995,0.16061502155999999,0.16000036880999999,0.16000036880999999,0.16125672453000001,0.00061465274999999986,0.00061465274999999986,0.00064170297000001875
0.81599999999999995,0.15902825996,0.15847866145,0.15847866145,0.15966745615,0.00054959850999999893,0.00054959850999999893,0.0006391961899999965
0.81699999999999995,0.15744772970000001,0.15696253900000001,0.15696253900000001,0.15808436885999999,0.00048519069999999886,0.00048519069999999886,0.00063663915999997989
0.81799999999999995,0.15587345618000001,0.15545201844000001,0.15545201844000001,0.15650748844000001,0.00042143774000000245,0.00042143774000000245,0.00063403226000000035
0.81899999999999995,0.15430546472000001,0.15394711701,0.15394711701,0.15493684071,0.00035834771000001209,0.00035834771000001209,0.00063137598999998823
0.81999999999999995,0.15274378077,0.15244785201,0.15244785201,0.15337245158000001,0.00029592876000000823,0.00029592876000000823,0.00062867081000000935
0.82099999999999995,0.15118842976999999,0.15095424082,0.15095424082,0.15181434694000001,0.00023418894999999162,0.00023418894999999162,0.00062591717000001768
0.82199999999999995,0.14963943714,0.14946630104,0.14946630104,0.15026255269,0.00017313609999999868,0.00017313609999999868,0.00062311554999999741
0.82299999999999995,0.14809682840999999,0.14798405033000001,0.14798405033000001,0.14871709481000001,0.00011277807999998668,0.00011277807999998668,0.00062026640000001354
0.82399999999999995,0.14656062905,0.14650750645999999,0.14650750645999999,0.14717799932,5.3122590000009851e-05,5.3122590000009851e-05,0.00061737027000000055
0.82499999999999996,0.1450308646,0.14503668742,0.14503668742,0.14564529219,5.8228200000010055e-06,5.8228200000010055e-06,0.00061442758999999403
0.82599999999999996,0.14350756065,0.14357161124000001,0.14357161124000001,0.14411899950000001,6.4050590000003238e-05,6.4050590000003238e-05,0.00061143885000000675
0.82699999999999996,0.14199074269,0.14211229615000001,0.14211229615000001,0.14259914733000001,0.00012155346000000677,0.00012155346000000677,0.00060840464000000427
0.82799999999999996,0.14048043641999999,0.14065876049000001,0.14065876049000001,0.14108576176000001,0.00017832407000001327,0.00017832407000001327,0.00060532534000001803
0.82899999999999996,0.13897666742000001,0.13921102271999999,0.13921102271999999,0.13957886895999999,0.00023435529999998872,0.00023435529999998872,0.00060220153999998582
0.82999999999999996,0.13747946139,0.13776910144999999,0.13776910144999999,0.13807849513000001,0.00028964005999998488,0.00028964005999998488,0.00059903374000000453
0.83099999999999996,0.13598884391999999,0.13633301548999999,0.13633301548999999,0.13658466638,0.00034417156999999587,0.00034417156999999587,0.00059582246000000616
0.83199999999999996,0.13450484065000001,0.13490278372,0.13490278372,0.13509740898,0.00039794306999998974,0.00039794306999998974,0.00059256832999998732
0.83299999999999996,0.13302747742000001,0.13347842521,0.13347842521,0.13361674921,0.00045094778999998919,0.00045094778999998919,0.00058927178999998442
0.83399999999999996,0.13155677996000001,0.13205995917999999,0.13205995917999999,0.13214271327999999,0.00050317921999998294,0.00050317921999998294,0.00058593331999998166
0.83499999999999996,0.13009277392999999,0.13064740497999999,0.13064740497999999,0.13067532752,0.00055463105000000401,0.00055463105000000401,0.00058255359000000673
0.83599999999999997,0.12863548521000001,0.12924078213000001,0.12924078213000001,0.12921461828,0.00060529691999999802,0.00060529691999999802,0.00057913306999998748
0.83699999999999997,0.12718493952000001,0.12784011027,0.12784011027,0.12776061187000001,0.00065517074999998925,0.00065517074999998925,0.0005756723500000005
0.83799999999999997,0.12574116267999999,0.12644540929,0.12644540929,0.12631333472,0.00070424661000001443,0.00070424661000001443,0.00057217204000001298
0.83899999999999997,0.12430418061,0.12505669911,0.12505669911,0.12487281317,0.00075251850000000731,0.00075251850000000731,0.00056863256000000417
0.83999999999999997,0.12287401902,0.12367399992,0.12367399992,0.1234390737,0.00079998089999999689,0.00079998089999999689,0.00056505467999999615
0.84099999999999997,0.12145070393,0.12229733205,0.12229733205,0.12201214276,0.0008466281199999981,0.0008466281199999981,0.00056143882999999672
0.84199999999999997,0.1200342611,0.12092671596,0.12092671596,0.12059204677,0.00089245486000000263,0.00089245486000000263,0.00055778567000000501
0.84299999999999997,0.11862471655,0.11956217230000001,0.11956217230000001,0.11917881227,0.00093745575000001025,0.00093745575000001025,0.00055409572000000851
0.84399999999999997,0.11722209610000001,0.11820372188,0.11820372188,0.11777246574,0.00098162577999999501,0.00098162577999999501,0.00055036963999999244
0.84499999999999997,0.11582642578000001,0.1168513857,0.1168513857,0.11637303374999999,0.0010249599199999987,0.0010249599199999987,0.00054660796999998762
0.84599999999999997,0.11443773151,0.11550518494000001,0.11550518494000001,0.11498054284000001,0.0010674534300000038,0.0010674534300000038,0.0005428113300000037
0.84699999999999998,0.11305603928000001,0.11416514094000001,0.11416514094000001,0.11359501961,0.0011091016600000003,0.0011091016600000003,0.00053898032999999401
0.84799999999999998,0.11168137510999999,0.1128312752,0.1128312752,0.11221649065,0.0011499000900000028,0.0011499000900000028,0.00053511554000000572
0.84899999999999998,0.11031376489,0.11150360944,0.11150360944,0.11084498259,0.0011898445499999993,0.0011898445499999993,0.0005312177000000029
0.84999999999999998,0.10895323475,0.11018216555,0.11018216555,0.10948052201,0.0012289307999999999,0.0012289307999999999,0.00052728725999999504
0.85099999999999998,0.10759981070999999,0.10886696558,0.10886696558,0.10812313563000001,0.001267154870000009,0.001267154870000009,0.00052332492000001229
0.85199999999999998,0.1062535188,0.10755803178999999,0.10755803178999999,0.10677285016,0.0013045129899999924,0.0013045129899999924,0.00051933135999999991
0.85299999999999998,0.10491438509999999,0.10625538664,0.10625538664,0.10542969224,0.0013410015400000114,0.0013410015400000114,0.00051530714000000422
0.85399999999999998,0.10358243572,0.10495905273,0.10495905273,0.10409368858,0.0013766170099999975,0.0013766170099999975,0.00051125285999999159
0.85499999999999998,0.10225769662,0.10366905291,0.10366905291,0.10276486595000001,0.0014113562899999987,0.0014113562899999987,0.00050716933000000131
0.85599999999999998,0.10094019403,0.10238541019,0.10238541019,0.10144325109000001,0.0014452161599999985,0.0014452161599999985,0.00050305706000000616
0.85699999999999998,0.099629954061000003,0.10110814778,0.10110814778,0.10012887076,0.0014781937190000011,0.0014781937190000011,0.0004989166989999988
0.85799999999999998,0.098327002760999996,0.099837289105999996,0.099837289105999996,0.098821751770999999,0.0015102863450000004,0.0015102863450000004,0.00049474901000000349
0.85899999999999999,0.097031366310000006,0.098572857774000003,0.098572857774000003,0.097521920821000002,0.0015414914639999971,0.0015414914639999971,0.00049055451099999647
0.85999999999999999,0.095743070878000006,0.09731487758,0.09731487758,0.096229404879000002,0.0015718067019999948,0.0015718067019999948,0.00048633400099999669
0.86099999999999999,0.094462142609000002,0.096063372561999996,0.096063372561999996,0.094944230581999994,0.001601229952999994,0.001601229952999994,0.00048208797299999218
0.86199999999999999,0.093188607635000004,0.094818366936000001,0.094818366936000001,0.093666424930000006,0.0016297593009999972,0.0016297593009999972,0.00047781729500000203
0.86299999999999999,0.091922492172999998,0.093579885128000001,0.093579885128000001,0.092396014745000005,0.0016573929550000033,0.0016573929550000033,0.00047352257200000691
0.86399999999999999,0.090663822394999996,0.092347951794000002,0.092347951794000002,0.091133026818000007,0.0016841293990000061,0.0016841293990000061,0.00046920442300001086
0.86499999999999999,0.089412624502999999,0.091122591742999998,0.091122591742999998,0.089877488132,0.0017099672399999988,0.0017099672399999988,0.00046486362900000078
0.86599999999999999,0.088168924704999999,0.089903830062000006,0.089903830062000006,0.088629425498,0.0017349053570000078,0.0017349053570000078,0.00046050079300000157
0.86699999999999999,0.086932749170999996,0.088691692042999995,0.088691692042999995,0.087388865822000006,0.0017589428719999994,0.0017589428719999994,0.00045611665100001031
0.86799999999999999,0.085704124209000004,0.087486203161999995,0.087486203161999995,0.086155836138,0.0017820789529999909,0.0017820789529999909,0.00045171192899999546
0.86899999999999999,0.084483075850000006,0.086287389110000001,0.086287389110000001,0.084930363147999996,0.0018043132599999956,0.0018043132599999956,0.00044728729799999034
0.87,0.083269630531999997,0.085095275834000006,0.085095275834000006,0.083712473996,0.0018256453020000091,0.0018256453020000091,0.00044284346400000341
0.871,0.082063814398000007,0.083909889498999995,0.083909889498999995,0.082502195550999996,0.0018460751009999887,0.0018460751009999887,0.00043838115299998925
0.872,0.080865653659999995,0.082731256466999997,0.082731256466999997,0.081299554647999997,0.0018656028070000025,0.0018656028070000025,0.00043390098800000221
0.873,0.079675174619999997,0.081559403323000004,0.081559403323000004,0.080104578430999995,0.0018842287030000071,0.0018842287030000071,0.00042940381099999814
0.874,0.078492403518000006,0.080394356897999994,0.080394356897999994,0.078917293794999996,0.0019019533799999877,0.0019019533799999877,0.0004248902769999896
0.875,0.077317366509999999,0.079236144253000004,0.079236144253000004,0.077737727689999994,0.0019187777430000053,0.0019187777430000053,0.00042036117999999512
0.876,0.07615008996,0.078084792666000005,0.078084792666000005,0.076565907136999997,0.0019347027060000049,0.0019347027060000049,0.00041581717699999687
0.877,0.074990600103000002,0.076940329653999995,0.076940329653999995,0.075401859107999999,0.0019497295509999929,0.0019497295509999929,0.00041125900499999757
0.878,0.073838923195999995,0.075802782966999993,0.075802782966999993,0.074245610626999997,0.0019638597709999983,0.0019638597709999983,0.00040668743100000238
0.879,0.072695085457,0.074672180583,0.074672180583,0.073097188593000004,0.0019770951260000003,0.0019770951260000003,0.0004021031360000038
0.88,0.071559113179999995,0.073548550690999998,0.073548550690999998,0.071956620112000005,0.0019894375110000029,0.0019894375110000029,0.00039750693200001075
0.88100000000000001,0.070431032653000006,0.072431921792000004,0.072431921792000004,0.070823932192000005,0.0020008891389999978,0.0020008891389999978,0.00039289953899999952
0.88200000000000001,0.069310870055000001,0.071322322548,0.071322322548,0.069699151742999996,0.0020114524929999988,0.0020114524929999988,0.00038828168799999452
0.88300000000000001,0.068198651745000005,0.070219781895,0.070219781895,0.068582305922,0.0020211301499999945,0.0020211301499999945,0.00038365417699999516
0.88400000000000001,0.067094403898000005,0.069124329043999996,0.069124329043999996,0.067473421618000004,0.0020299251459999917,0.0020299251459999917,0.00037901771999999945
0.88500000000000001,0.065998152823999998,0.068035993330000002,0.068035993330000002,0.066372525968000001,0.0020378405060000049,0.0020378405060000049,0.00037437314400000365
0.88600000000000001,0.064909924798999999,0.066954804490999997,0.066954804490999997,0.065279645851999996,0.0020448796919999984,0.0020448796919999984,0.00036972105299999669
0.88700000000000001,0.063829745997000004,0.065880792413000003,0.065880792413000003,0.064194808340000006,0.0020510464159999992,0.0020510464159999992,0.00036506234300000273
0.88800000000000001,0.062757642724000001,0.064813987244999996,0.064813987244999996,0.063118040506000006,0.0020563445209999948,0.0020563445209999948,0.00036039778200000483
0.88900000000000001,0.061693641232000003,0.063754419411000005,0.063754419411000005,0.062049369335999999,0.0020607781790000015,0.0020607781790000015,0.00035572810399999572
0.89000000000000001,0.060637767808000002,0.062702119545999996,0.062702119545999996,0.060988821867999997,0.0020643517379999934,0.0020643517379999934,0.00035105405999999451
0.89100000000000001,0.059590048525000001,0.061657118566999999,0.061657118566999999,0.059936425130999997,0.0020670700419999979,0.0020670700419999979,0.00034637660599999565
0.89200000000000002,0.058550509786000002,0.060619447630000003,0.060619447630000003,0.058892206056999997,0.0020689378440000017,0.0020689378440000017,0.00034169627099999572
0.89300000000000002,0.057519177758999999,0.059589138147000002,0.059589138147000002,0.057856191738000003,0.0020699603880000028,0.0020699603880000028,0.00033701397900000318
0.89400000000000002,0.056496078680999998,0.058566221767999999,0.058566221767999999,0.056828409182000002,0.0020701430870000009,0.0020701430870000009,0.00033233050100000411
0.89500000000000002,0.055481238746999999,0.057550730442999999,0.057550730442999999,0.055808885370999997,0.0020694916960000004,0.0020694916960000004,0.00032764662399999839
0.89600000000000002,0.054474684181000002,0.056542696339999997,0.056542696339999997,0.054797647344,0.0020680121589999947,0.0020680121589999947,0.00032296316299999794
0.89700000000000002,0.053476441218999998,0.055542151895000003,0.055542151895000003,0.05379472205,0.0020657106760000044,0.0020657106760000044,0.0003182808310000021
0.89800000000000002,0.052486535964999997,0.054549129799999999,0.054549129799999999,0.052800136524999999,0.0020625938350000012,0.0020625938350000012,0.00031360056000000192
0.89900000000000002,0.051504994674,0.053563663044000002,0.053563663044000002,0.051813917752999997,0.0020586683700000025,0.0020586683700000025,0.00030892307899999666
0.90000000000000002,0.050531843516,0.052585784779999999,0.052585784779999999,0.050836092691,0.002053941263999999,0.002053941263999999,0.00030424917500000009
0.90100000000000002,0.049567108653999999,0.051615528568000002,0.051615528568000002,0.049866688286000001,0.0020484199140000034,0.0020484199140000034,0.00029957963200000215
0.90200000000000002,0.048610816245999999,0.050652928079000001,0.050652928079000001,0.048905731586999998,0.0020421118330000015,0.0020421118330000015,0.00029491534099999883
0.90300000000000002,0.047662992457000002,0.049698017364000001,0.049698017364000001,0.047953249514999997,0.0020350249069999993,0.0020350249069999993,0.00029025705799999579
0.90400000000000003,0.046723663365000001,0.048750830687999999,0.048750830687999999,0.047009269042999999,0.0020271673229999981,0.0020271673229999981,0.0002856056779999977
0.90500000000000003,0.045792855144999998,0.047811402553000003,0.047811402553000003,0.046073817044000001,0.0020185474080000043,0.0020185474080000043,0.00028096189900000262
0.90600000000000003,0.044870593904999999,0.046879767817999997,0.046879767817999997,0.045146920537999999,0.002009173912999998,0.002009173912999998,0.00027632663299999999
0.90700000000000003,0.043956905768000001,0.045955961523000001,0.045955961523000001,0.044228606411000002,0.0019990557549999996,0.0019990557549999996,0.00027170064300000019
0.90800000000000003,0.043051816739999998,0.045040019016999999,0.045040019016999999,0.043318901551000003,0.0019882022770000007,0.0019882022770000007,0.00026708481100000403
0.90900000000000003,0.042155352982000002,0.044131975905000002,0.044131975905000002,0.042417832905000001,0.0019766229230000001,0.0019766229230000001,0.00026247992299999884
0.91000000000000003,0.041267540524000002,0.043231868062000002,0.043231868062000002,0.041525427350999997,0.0019643275380000005,0.0019643275380000005,0.0002578868269999951
0.91100000000000003,0.040388405395999999,0.042339731609000002,0.042339731609000002,0.040641711749999997,0.0019513262130000028,0.0019513262130000028,0.00025330635399999774
0.91200000000000003,0.039517973674,0.041455603027,0.041455603027,0.039766712997999998,0.0019376293530000005,0.0019376293530000005,0.00024873932399999826
0.91300000000000003,0.038656271319999998,0.040579518895999998,0.040579518895999998,0.038900457914,0.0019232475760000006,0.0019232475760000006,0.00024418659400000237
0.91400000000000003,0.037803324375000003,0.039711516278999999,0.039711516278999999,0.038042973346,0.0019081919039999964,0.0019081919039999964,0.00023964897099999771
0.91500000000000004,0.036959158818,0.038851632327999999,0.038851632327999999,0.037194286189000003,0.0018924735099999992,0.0018924735099999992,0.00023512737100000319
0.91600000000000004,0.036123800613000003,0.037999904592999997,0.037999904592999997,0.036354423098999999,0.0018761039799999948,0.0018761039799999948,0.00023062248599999696
0.91700000000000004,0.035297275693000001,0.037156370824000001,0.037156370824000001,0.035523410997000002,0.0018590951310000006,0.0018590951310000006,0.00022613530400000109
0.91800000000000004,0.034479610022999999,0.036321069088000001,0.036321069088000001,0.034701276624000001,0.0018414590650000021,0.0018414590650000021,0.00022166660100000207
0.91900000000000004,0.033670829530000002,0.035494037642000001,0.035494037642000001,0.033888046759,0.0018232081119999993,0.0018232081119999993,0.00021721722899999824
0.92000000000000004,0.032870960015999998,0.034675315163999999,0.034675315163999999,0.033083748162999999,0.0018043551480000017,0.0018043551480000017,0.00021278814700000093
0.92100000000000004,0.032080027467999997,0.033864940428,0.033864940428,0.032288407445999999,0.0017849129600000027,0.0017849129600000027,0.00020837997800000202
0.92200000000000004,0.031298057754999997,0.033062952600000001,0.033062952600000001,0.031502051449999999,0.0017648948450000035,0.0017648948450000035,0.00020399369500000153
0.92300000000000004,0.030525076583999999,0.032269391118999999,0.032269391118999999,0.030724706870999999,0.0017443145349999994,0.0017443145349999994,0.00019963028699999941
0.92400000000000004,0.029761109888999999,0.031484295645,0.031484295645,0.029956400272,0.0017231857560000008,0.0017231857560000008,0.00019529038300000051
0.92500000000000004,0.029006183410000001,0.030707706128999999,0.030707706128999999,0.029197158405999998,0.0017015227189999989,0.0017015227189999989,0.00019097499599999776
0.92600000000000005,0.028260323008999999,0.029939662812999999,0.029939662812999999,0.028447007861999999,0.0016793398040000004,0.0016793398040000004,0.00018668485299999996
0.92700000000000005,0.027523554329,0.029180206180000001,0.029180206180000001,0.027705975295000001,0.0016566518510000017,0.0016566518510000017,0.00018242096600000132
0.92800000000000005,0.026795903185000001,0.028429376998000001,0.028429376998000001,0.026974087231000001,0.0016334738130000005,0.0016334738130000005,0.00017818404600000032
0.92900000000000005,0.026077395199,0.027687216338,0.027687216338,0.026251370286000001,0.0016098211389999999,0.0016098211389999999,0.00017397508700000078
0.93000000000000005,0.025368056167000001,0.026953765487999999,0.026953765487999999,0.025537851016,0.0015857093209999985,0.0015857093209999985,0.00016979484899999966
0.93100000000000005,0.024667911696000001,0.026229066063999999,0.026229066063999999,0.024833555933,0.0015611543679999972,0.0015611543679999972,0.000165644236999999
0.93200000000000005,0.023976987472999998,0.025513159903000002,0.025513159903000002,0.024138511527000001,0.0015361724300000032,0.0015361724300000032,0.00016152405400000208
0.93300000000000005,0.023295309005999999,0.024806089129000002,0.024806089129000002,0.023452744317999999,0.0015107801230000023,0.0015107801230000023,0.00015743531199999966
0.93400000000000005,0.022622902112999999,0.024107896161000002,0.024107896161000002,0.022776280727000001,0.0014849940480000032,0.0014849940480000032,0.00015337861400000277
0.93500000000000005,0.021959791969000001,0.023418623664999999,0.023418623664999999,0.022109147233999999,0.0014588316959999979,0.0014588316959999979,0.00014935526499999796
0.93600000000000005,0.021306004480000001,0.022738314571,0.022738314571,0.021451370160999999,0.0014323100909999983,0.0014323100909999983,0.00014536568099999744
0.93700000000000006,0.02066156504,0.022067012103000001,0.022067012103000001,0.020802975973000001,0.0014054470630000017,0.0014054470630000017,0.00014141093300000171
0.93799999999999994,0.020026499098,0.021404759725,0.021404759725,0.020163990973999998,0.0013782606269999997,0.0013782606269999997,0.00013749187599999824
0.93899999999999995,0.019400832177000001,0.020751601163,0.020751601163,0.019534441539999999,0.0013507689859999991,0.0013507689859999991,0.00013360936299999793
0.93999999999999995,0.018784589664000002,0.020107580454999999,0.020107580454999999,0.018914353972,0.0013229907909999977,0.0013229907909999977,0.000129764307999998
0.94099999999999995,0.018177797047999999,0.019472741855999998,0.019472741855999998,0.018303754504,0.0012949448079999995,0.0012949448079999995,0.00012595745600000111
0.94199999999999995,0.017580479576999999,0.018847129883,0.018847129883,0.017702669413,0.0012666503060000008,0.0012666503060000008,0.00012218983600000011
0.94299999999999995,0.016992662709999998,0.018230789375999999,0.018230789375999999,0.017111124958999999,0.0012381266660000008,0.0012381266660000008,0.00011846224900000091
0.94399999999999995,0.016414371737999998,0.017623765372999999,0.017623765372999999,0.016529147231000001,0.0012093936350000001,0.0012093936350000001,0.00011477549300000292
0.94499999999999995,0.015845631964,0.017026103223000001,0.017026103223000001,0.015956762509000001,0.0011804712590000009,0.0011804712590000009,0.00011113054500000094
0.94599999999999995,0.015286468645999999,0.016437848432999998,0.016437848432999998,0.015393996844,0.0011513797869999991,0.0011513797869999991,0.00010752819800000091
0.94699999999999995,0.014736907023,0.015859046939000001,0.015859046939000001,0.014840876397,0.001122139916000001,0.001122139916000001,0.000103969374
0.94799999999999995,0.014196972307,0.015289744762999999,0.015289744762999999,0.014297427196000001,0.0010927724559999987,0.0010927724559999987,0.00010045488900000017
0.94899999999999995,0.013666689709,0.014729988314999999,0.014729988314999999,0.01376367532,0.0010632986059999992,0.0010632986059999992,9.698561099999968e-05
0.94999999999999996,0.013146084258,0.014179824149,0.014179824149,0.013239646791000001,0.001033739891,0.001033739891,9.3562533000000198e-05
0.95099999999999996,0.012635181149,0.01363929918,0.01363929918,0.012725367555,0.0010041180309999995,0.0010041180309999995,9.0186406000000024e-05
0.95199999999999996,0.012134005484,0.013108460466,0.013108460466,0.012220863578000001,0.00097445498200000001,0.00097445498200000001,8.6858094000000913e-05
0.95299999999999996,0.011642582285,0.012587355409,0.012587355409,0.011726160770000001,0.00094477312400000069,0.00094477312400000069,8.3578485000001049e-05
0.95399999999999996,0.011160936586,0.012076031613999999,0.012076031613999999,0.011241285036,0.00091509502799999934,0.00091509502799999934,8.0348449999999988e-05
0.95499999999999996,0.010689093352999999,0.011574536910000001,0.011574536910000001,0.010766262219000001,0.00088544355700000132,0.00088544355700000132,7.7168866000001599e-05
0.95599999999999996,0.010227077574,0.011082919417999999,0.011082919417999999,0.010301118117,0.00085584184399999964,0.00085584184399999964,7.4040543000000042e-05
0.95699999999999996,0.0097749140948000003,0.010601227467000001,0.010601227467000001,0.0098458785657999995,0.00082631337220000038,0.00082631337220000038,7.0964470999999169e-05
0.95799999999999996,0.0093326278883000009,0.010129509661,0.010129509661,0.0094005692218999994,0.00079688177269999876,0.00079688177269999876,6.7941333599998502e-05
0.95899999999999996,0.0089002437864999992,0.0096678147951999999,0.0096678147951999999,0.0089652158598000006,0.00076757100870000067,0.00076757100870000067,6.4972073300001432e-05
0.95999999999999996,0.0084777865143999993,0.0092161919510999994,0.0092161919510999994,0.0085398441937999999,0.00073840543670000008,0.00073840543670000008,6.2057679400000579e-05
0.96099999999999997,0.0080652809862999993,0.0087746904143000005,0.0087746904143000005,0.0081244797883000004,0.00070940942800000115,0.00070940942800000115,5.9198802000001022e-05
0.96199999999999997,0.0076627519461000002,0.0083433597133000005,0.0083433597133000005,0.0077191482899000002,0.00068060776720000032,0.00068060776720000032,5.6396343799999978e-05
0.96299999999999997,0.0072702240602,0.0079222495793999995,0.0079222495793999995,0.0073238752859000004,0.00065202551919999949,0.00065202551919999949,5.3651225700000402e-05
0.96399999999999997,0.0068877219236999996,0.0075114100322000001,0.0075114100322000001,0.0069386863173999998,0.0006236881085000005,0.0006236881085000005,5.0964393700000249e-05
0.96499999999999997,0.0065152703498999997,0.0071108912515999998,0.0071108912515999998,0.0065636068229000004,0.00059562090170000009,0.00059562090170000009,4.8336473000000664e-05
0.96599999999999997,0.0061528938622000002,0.0067207436855,0.0067207436855,0.0061986623162,0.00056784982329999983,0.00056784982329999983,4.5768453999999771e-05
0.96699999999999997,0.0058006170439999999,0.0063410179823999999,0.0063410179823999999,0.0058438781898999996,0.00054040093839999997,0.00054040093839999997,4.3261145899999714e-05
0.96799999999999997,0.0054584644557,0.0059717650303999998,0.0059717650303999998,0.0054992798694000001,0.00051330057469999978,0.00051330057469999978,4.0815413700000074e-05
0.96899999999999997,0.0051264605681000004,0.0056130358796000002,0.0056130358796000002,0.0051648926361999997,0.00048657531149999978,0.00048657531149999978,3.84320680999993e-05
0.96999999999999997,0.0048046298257999999,0.0052648818600999998,0.0052648818600999998,0.0048407418569999996,0.00046025203429999988,0.00046025203429999988,3.6112031199999652e-05
0.97099999999999997,0.0044929966920999997,0.0049273544613,0.0049273544613,0.0045268528004000002,0.00043435776920000037,0.00043435776920000037,3.3856108300000555e-05
0.97199999999999998,0.0041915855650000002,0.0046005054529999999,0.0046005054529999999,0.0042232506013999997,0.0004089198879999997,0.0004089198879999997,3.1665036399999499e-05
0.97299999999999998,0.0039004207698000001,0.0042843866337999997,0.0042843866337999997,0.0039299605708999997,0.00038396586399999958,0.00038396586399999958,2.9539801099999572e-05
0.97399999999999998,0.0036195266241000001,0.0039790502461000002,0.0039790502461000002,0.0036470077748000001,0.00035952362200000016,0.00035952362200000016,2.7481150699999995e-05
0.97499999999999998,0.0033489274016,0.0036845485939000001,0.0036845485939000001,0.0033744173487999999,0.00033562119230000007,0.00033562119230000007,2.5489947199999925e-05
0.97599999999999998,0.0030886473579999998,0.003400934111,0.003400934111,0.0031122144286,0.00031228675300000019,0.00031228675300000019,2.3567070600000184e-05
0.97699999999999998,0.0028387106825,0.0031282595978,0.0031282595978,0.0028604238909999999,0.0002895489153,0.0002895489153,2.1713208499999845e-05
0.97799999999999998,0.0025991415251999999,0.0028665779130000002,0.0028665779130000002,0.002619070818,0.00026743638780000025,0.00026743638780000025,1.9929292800000085e-05
0.97899999999999998,0.0023699640166999999,0.0026159421741999999,0.0026159421741999999,0.0023881801420999999,0.00024597815750000002,0.00024597815750000002,1.8216125399999998e-05
0.97999999999999998,0.0021512022666999998,0.0023764055714999999,0.0023764055714999999,0.0021677767245000001,0.00022520330480000012,0.00022520330480000012,1.6574457800000268e-05
0.98099999999999998,0.0019428802477,0.0021480216250999999,0.0021480216250999999,0.0019578854269999999,0.00020514137739999997,0.00020514137739999997,1.5005179299999987e-05
0.98199999999999998,0.0017450220313000001,0.0019308439482000001,0.0019308439482000001,0.0017585311376,0.00018582191690000001,0.00018582191690000001,1.3509106299999926e-05
0.98299999999999998,0.0015576515067000001,0.0017249262868000001,0.0017249262868000001,0.0015697385770000001,0.00016727478010000003,0.00016727478010000003,1.2087070300000015e-05
0.98399999999999999,0.0013807927040999999,0.0015303226448999999,0.0015303226448999999,0.0013915324893999999,0.0001495299408,0.0001495299408,1.0739785300000002e-05
0.98499999999999999,0.0012144693812000001,0.0013470871529,0.0013470871529,0.0012239375194999999,0.00013261777169999993,0.00013261777169999993,9.4681382999998141e-06
0.98599999999999999,0.0010587054737000001,0.0011752740734999999,0.0011752740734999999,0.0010669783626999999,0.00011656859979999987,0.00011656859979999987,8.2728889999998407e-06
0.98699999999999999,0.00091352474621000002,0.001014937885,0.001014937885,0.00092067953715000003,0.00010141313878999996,0.00010141313878999996,7.1547909400000113e-06
0.98799999999999999,0.00077895097749000001,0.00086613317848000004,0.00086613317848000004,0.00078506571791000005,8.7182200990000027e-05,8.7182200990000027e-05,6.1147404200000404e-06
0.98899999999999999,0.00065500787323000001,0.00072891469132000005,0.00072891469132000005,0.00066016131649000004,7.3906818090000033e-05,7.3906818090000033e-05,5.1534432600000308e-06
0.98999999999999999,0.00054171913441999995,0.00060333731449000003,0.00060333731449000003,0.00054599079256000005,6.1618180070000081e-05,6.1618180070000081e-05,4.2716581400000994e-06
0.99099999999999999,0.00043910835856999998,0.00048945612608000005,0.00048945612608000005,0.00044257860328999999,5.0347767510000065e-05,5.0347767510000065e-05,3.4702447200000075e-06
0.99199999999999999,0.00034719914131999999,0.00038732630193999998,0.00038732630193999998,0.00034994913429000003,4.0127160619999984e-05,4.0127160619999984e-05,2.749992970000031e-06
0.99299999999999999,0.00026601506048999998,0.00029700311685999998,0.00029700311685999998,0.00026812672714999998,3.0988056369999999e-05,3.0988056369999999e-05,2.1116666599999977e-06
0.99399999999999999,0.00019557963437,0.00021854204051000001,0.00021854204051000001,0.00019713554578,2.296240614000001e-05,2.296240614000001e-05,1.5559114099999961e-06
0.995,0.00013591632793,0.00015199864551,0.00015199864551,0.0001369999434,1.6082317580000003e-05,1.6082317580000003e-05,1.0836154700000005e-06
0.996,8.7048580518000001e-05,9.7428614508000003e-05,9.7428614508000003e-05,8.7744051186999997e-05,1.0380033990000002e-05,1.0380033990000002e-05,6.9547066899999636e-07
0.997,4.8999734300999999e-05,5.4887779572999997e-05,5.4887779572999997e-05,4.9392117357999997e-05,5.8880452719999976e-06,5.8880452719999976e-06,3.9238305699999798e-07
0.998,2.1793164272000001e-05,2.4432008251e-05,2.4432008251e-05,2.1968022631e-05,2.6388439789999996e-06,2.6388439789999996e-06,1.748583589999992e-07
0.999,5.4521651988999999e-06,6.1173810399e-06,6.1173810399e-06,5.4960071504999996e-06,6.6521584100000018e-07,6.6521584100000018e-07,4.3841951599999743e-08
1,5.6244564561000001e-11,9.8745456256e-12,9.8745456256e-12,5.1419979385999997e-11,4.6370018935400001e-11,4.6370018935400001e-11,4.8245851750000038e-12
1.0009999999999999,5.5843898960999999e-06,5.6148300473999997e-06,5.6148300473999997e-06,5.6022928836000003e-06,3.0440151299999818e-08,3.0440151299999818e-08,1.7902987500000376e-08
1.002,2.2320630972e-05,2.2439233750000001e-05,2.2439233750000001e-05,2.2389097329000001e-05,1.1860277800000056e-07,1.1860277800000056e-07,6.846635700000095e-08
1.0029999999999999,5.0183421288e-05,5.0443173109999999e-05,5.0443173109999999e-05,5.0330399162999997e-05,2.5975182199999955e-07,2.5975182199999955e-07,1.4697787499999738e-07
1.004,8.9147160010000006e-05,8.9596668593000002e-05,8.9596668593000002e-05,8.9396249978000006e-05,4.4950858299999577e-07,4.4950858299999577e-07,2.490899679999999e-07
1.0049999999999999,0.00013918653152999999,0.00013986983575000001,0.00013986983575000001,0.00013955674532999999,6.8330422000001476e-07,6.8330422000001476e-07,3.7021380000000037e-07
1.006,0.00020027596242000001,0.00020123278001,0.00020123278001,0.00020078214149999999,9.5681758999999699e-07,9.5681758999999699e-07,5.0617907999998628e-07
1.0069999999999999,0.00027238987362000001,0.00027365577424,0.00027365577424,0.00027304248518,1.2659006199999866e-06,1.2659006199999866e-06,6.5261155999998127e-07
1.008,0.00035550265540999998,0.00035710907652999999,0.00035710907652999999,0.00035630824647000001,1.6064211200000076e-06,1.6064211200000076e-06,8.0559106000003275e-07
1.0089999999999999,0.00044958868498000003,0.00045156307053000001,0.00045156307053000001,0.00045054979565,1.9743855499999852e-06,1.9743855499999852e-06,9.61110669999972e-07
1.01,0.00055462214061000005,0.00055698809153999999,0.00055698809153999999,0.00055573747333999995,2.3659509299999402e-06,2.3659509299999402e-06,1.1153327299999027e-06
1.0109999999999999,0.00067057738906000004,0.00067335471126999996,0.00067335471126999996,0.00067184188501000002,2.7773222099999233e-06,2.7773222099999233e-06,1.2644959499999876e-06
1.012,0.00079742857891,0.00080063348246999996,0.00080063348246999996,0.00079883354410999999,3.2049035599999651e-06,3.2049035599999651e-06,1.4049651999999916e-06
1.0129999999999999,0.00093514990155000005,0.00093879498950000001,0.00093879498950000001,0.00093668310475000002,3.6450879499999676e-06,3.6450879499999676e-06,1.5332031999999718e-06
1.014,0.0010837155146000001,0.0010878098870000001,0.0010878098870000001,0.0010853612503000001,4.0943724000000025e-06,4.0943724000000025e-06,1.6457357000000412e-06
1.0149999999999999,0.0012430994869999999,0.0012476488905,0.0012476488905,0.0012448387547999999,4.5494035000000817e-06,4.5494035000000817e-06,1.7392678000000081e-06
1.016,0.0014132758003,0.0014182829186,0.0014182829186,0.001415086459,5.0071183000000193e-06,5.0071183000000193e-06,1.8106587000000195e-06
1.0169999999999999,0.001594218578,0.0015996827856,0.0015996827856,0.0015960752694000001,5.4642076000000709e-06,5.4642076000000709e-06,1.856691400000136e-06
1.018,0.0017859017750999999,0.0017918194244,0.0017918194244,0.0017877760392000001,5.9176493000000826e-06,5.9176493000000826e-06,1.8742641000001319e-06
1.0189999999999999,0.0019882993290000002,0.0019946638662,0.0019946638662,0.0019901599156999998,6.3645371999997841e-06,6.3645371999997841e-06,1.8605866999995765e-06
1.02,0.0022013851319000002,0.0022081871318999999,0.0022081871318999999,0.0022031979362999998,6.8019999999997631e-06,6.8019999999997631e-06,1.8128043999996422e-06
1.0209999999999999,0.0024251331603000002,0.0024323603892000001,0.0024323603892000001,0.0024268612388999998,7.227228899999924e-06,7.227228899999924e-06,1.7280785999996585e-06
1.022,0.0026595171073000002,0.0026671548083,0.0026671548083,0.0026611210286000002,7.6377009999998094e-06,7.6377009999998094e-06,1.603921300000026e-06
1.0229999999999999,0.0029045109699000001,0.0029125416715999998,0.0029125416715999998,0.0029059486263999998,8.0307016999997712e-06,8.0307016999997712e-06,1.4376564999997281e-06
1.024,0.0031600883712000001,0.0031684922919999999,0.0031684922919999999,0.0031613153133000001,8.4039207999997596e-06,8.4039207999997596e-06,1.2269421000000134e-06
1.0249999999999999,0.0034262232256999999,0.0034349780222999999,0.0034349780222999999,0.0034271925183999999,8.7547966000000796e-06,8.7547966000000796e-06,9.6929270000005799e-07
1.026,0.0037028892322000001,0.0037119703466000002,0.0037119703466000002,0.0037035517155000002,9.0811144000000829e-06,9.0811144000000829e-06,6.6248330000007877e-07
1.0269999999999999,0.0039900599391999997,0.0039994407729999999,0.0039994407729999999,0.0039903644396000002,9.3808338000002031e-06,9.3808338000002031e-06,3.0450040000053191e-07
1.028,0.0042877092603000001,0.0042973608792000002,0.0042973608792000002,0.0042876022375000003,9.6516189000001029e-06,9.6516189000001029e-06,1.0702279999979386e-07
1.0289999999999999,0.0045958107513000002,0.0046057022226999996,0.0046057022226999996,0.0045952368079000003,9.8914713999994838e-06,9.8914713999994838e-06,5.7394339999985305e-07
1.03,0.0049143380737999998,0.0049244366006000002,0.0049244366006000002,0.0049132398273,1.0098526800000375e-05,1.0098526800000375e-05,1.0982464999998234e-06
1.0309999999999999,0.0052432648425000004,0.0052535357292999999,0.0052535357292999999,0.0052415831150000002,1.0270886799999476e-05,1.0270886799999476e-05,1.6817275000002505e-06
1.032,0.0055825646766999998,0.0055929714483,0.0055929714483,0.0055802384660000003,1.040677160000017e-05,1.040677160000017e-05,2.3262106999995258e-06
1.0329999999999999,0.0059322110275000003,0.0059427155997000001,0.0059427155997000001,0.0059291778246000001,1.0504572199999777e-05,1.0504572199999777e-05,3.0332029000001287e-06
1.034,0.0062921776219999996,0.0063027402248999999,0.0063027402248999999,0.0062883731415,1.0562602900000308e-05,1.0562602900000308e-05,3.8044804999996448e-06
1.0349999999999999,0.0066624378501000002,0.0066730171521,0.0066730171521,0.0066577963269999997,1.0579301999999804e-05,1.0579301999999804e-05,4.6415231000004886e-06
1.036,0.0070429653231999997,0.0070535185976999997,0.0070535185976999997,0.0070374196268000004,1.0553274499999939e-05,1.0553274499999939e-05,5.5456963999993281e-06
1.0369999999999999,0.0074337335163999997,0.0074442166222999998,0.0074442166222999998,0.0074272150950000001,1.0483105900000074e-05,1.0483105900000074e-05,6.5184213999995924e-06
1.038,0.0078347159098999999,0.0078450834488999997,0.0078450834488999997,0.0078271549681000006,1.0367538999999856e-05,1.0367538999999856e-05,7.5609417999993045e-06
1.0389999999999999,0.0082458859892999992,0.0082560913032,0.0082560913032,0.0082372114943999996,1.020531390000072e-05,1.020531390000072e-05,8.6744948999996352e-06
1.04,0.0086672171797999992,0.0086772125014999996,0.0086772125014999996,0.0086573569882000007,9.9953217000004618e-06,9.9953217000004618e-06,9.8601915999984441e-06
1.0409999999999999,0.0090986829649000005,0.0091084194131999998,0.0091084194131999998,0.0090875638480999998,9.7364482999993257e-06,9.7364482999993257e-06,1.1119116800000634e-05
1.042,0.0095402567364000004,0.0095496844368999998,0.0095496844368999998,0.0095278045126999996,9.4277004999993724e-06,9.4277004999993724e-06,1.2452223700000833e-05
1.0429999999999999,0.0099919119509000003,0.010000980116000001,0.010000980116000001,0.0099780514811999999,9.068165100000608e-06,9.068165100000608e-06,1.3860469700000336e-05
1.044,0.010453622015999999,0.010462278905999999,0.010462278905999999,0.010438277372,8.6568900000000282e-06,8.6568900000000282e-06,1.534464399999963e-05
1.0449999999999999,0.010925360279,0.010933553476,0.010933553476,0.010908454663,8.1931969999997356e-06,8.1931969999997356e-06,1.6905616000000359e-05
1.046,0.011407100198,0.011414776487000001,0.011414776487000001,0.011388556096999999,7.6762890000008771e-06,7.6762890000008771e-06,1.8544101000000576e-05
1.0469999999999999,0.01189881512,0.011905920636,0.011905920636,0.011878554478,7.1055159999999784e-06,7.1055159999999784e-06,2.0260641999999413e-05
1.048,0.012400478435999999,0.012406958706999999,0.012406958706999999,0.012378422537,6.4802709999998986e-06,6.4802709999998986e-06,2.2055898999999435e-05
1.0489999999999999,0.012912063513,0.012917863547999999,0.012917863547999999,0.012888133148000001,5.8000349999996759e-06,5.8000349999996759e-06,2.3930364999999107e-05
1.05,0.013433543706000001,0.013438608027000001,0.013438608027000001,0.013407659166999999,5.064320999999955e-06,5.064320999999955e-06,2.5884539000001205e-05
1.0509999999999999,0.013964892390000001,0.013969165126999999,0.013969165126999999,0.013936973613,4.2727369999988329e-06,4.2727369999988329e-06,2.7918777000000838e-05
1.052,0.014506082922999999,0.014509507822000001,0.014509507822000001,0.01447604951,3.4248990000013135e-06,3.4248990000013135e-06,3.0033412999999273e-05
1.0529999999999999,0.015057088664999999,0.015059609202,0.015059609202,0.015024859973,2.5205370000006694e-06,2.5205370000006694e-06,3.2228691999999434e-05
1.054,0.015617882933,0.015619442371999999,0.015619442371999999,0.015583377971,1.5594389999994823e-06,1.5594389999994823e-06,3.4504961999999931e-05
1.0549999999999999,0.016188439110000001,0.016188980517,0.016188980517,0.016151576838,5.4140699999941089e-07,5.4140699999941089e-07,3.6862272000001001e-05
1.056,0.016768730515999999,0.016768196860000001,0.016768196860000001,0.016729429814999999,5.3365599999785629e-07,5.3365599999785629e-07,3.930070100000016e-05
1.0569999999999999,0.017358730512999999,0.017357064697000001,0.017357064697000001,0.017316910170000002,1.665815999998127e-06,1.665815999998127e-06,4.18203429999979e-05
1.0580000000000001,0.017958412465999999,0.017955557375,0.017955557375,0.017913991253,2.8550909999987273e-06,2.8550909999987273e-06,4.4421212999998932e-05
1.0589999999999999,0.018567749740999999,0.018563648312000001,0.018563648312000001,0.018520646512,4.1014289999981302e-06,4.1014289999981302e-06,4.7103228999999247e-05
1.0600000000000001,0.019186715682000002,0.019181310884000002,0.019181310884000002,0.019136849380000001,5.4047979999999329e-06,5.4047979999999329e-06,4.9866302000000501e-05
1.0609999999999999,0.019815283582999998,0.019808518652999998,0.019808518652999998,0.019762573395999999,6.7649300000000023e-06,6.7649300000000023e-06,5.271018699999977e-05
1.0620000000000001,0.020453426896,0.020445245205,0.020445245205,0.020397792131,8.1816909999997411e-06,8.1816909999997411e-06,5.5634764999999697e-05
1.0629999999999999,0.021101118950000001,0.021091464096999999,0.021091464096999999,0.021042479203000002,9.6548530000017951e-06,9.6548530000017951e-06,5.863974699999927e-05
1.0640000000000001,0.021758333094999999,0.021747149023000002,0.021747149023000002,0.021696608324,1.1184071999997131e-05,1.1184071999997131e-05,6.1724770999999068e-05
1.0649999999999999,0.022425042746999999,0.022412273715999999,0.022412273715999999,0.022360153163999998,1.2769031000000458e-05,1.2769031000000458e-05,6.4889583000000972e-05
1.0660000000000001,0.023101221240999999,0.023086811948,0.023086811948,0.023033087572,1.4409292999999213e-05,1.4409292999999213e-05,6.8133668999999231e-05
1.0669999999999999,0.023786842074999998,0.023770737539000001,0.023770737539000001,0.023715385366999998,1.6104535999997283e-05,1.6104535999997283e-05,7.1456707999999897e-05
1.0680000000000001,0.024481878439000002,0.024464024362,0.024464024362,0.024407020455000001,1.78540770000013e-05,1.78540770000013e-05,7.4857984000000627e-05
1.069,0.025186303975000001,0.025166646341999999,0.025166646341999999,0.025107966727999999,1.9657633000002422e-05,1.9657633000002422e-05,7.8337247000001553e-05
1.0700000000000001,0.025900091909,0.025878577489999999,0.025878577489999999,0.025818198261,2.1514419000001617e-05,2.1514419000001617e-05,8.189364800000043e-05
1.071,0.026623215775,0.026599791821000002,0.026599791821000002,0.026537689034999999,2.3423953999998637e-05,2.3423953999998637e-05,8.5526740000001211e-05
1.0720000000000001,0.027355648997999998,0.027330263420000001,0.027330263420000001,0.027266413166000002,2.5385577999997855e-05,2.5385577999997855e-05,8.9235831999996684e-05
1.073,0.028097364994,0.028069966427999998,0.028069966427999998,0.028004344814,2.7398566000001734e-05,2.7398566000001734e-05,9.302018000000023e-05
1.0740000000000001,0.028848337232999999,0.028818875032999999,0.028818875032999999,0.028751458176999999,2.9462200000000133e-05,2.9462200000000133e-05,9.6879056000000879e-05
1.075,0.029608539196000001,0.029576963466,0.029576963466,0.029507727481000001,3.1575730000000385e-05,3.1575730000000385e-05,0.00010081171499999944
1.0760000000000001,0.030377944366000002,0.030344206039,0.030344206039,0.030273127048,3.37383270000019e-05,3.37383270000019e-05,0.00010481731800000144
1.077,0.031156526204000001,0.031120577013,0.031120577013,0.031047631215,3.5949191000000935e-05,3.5949191000000935e-05,0.00010889498900000169
1.0780000000000001,0.031944258277000002,0.031906050838000001,0.031906050838000001,0.031831214380999999,3.8207439000001453e-05,3.8207439000001453e-05,0.00011304389600000353
1.079,0.032741114086000001,0.032700601943999999,0.032700601943999999,0.032623850986,4.0512142000001528e-05,4.0512142000001528e-05,0.00011726310000000073
1.0800000000000001,0.033547067113999997,0.033504204805999999,0.033504204805999999,0.033425515578999997,4.2862307999998184e-05,4.2862307999998184e-05,0.00012155153500000015
1.081,0.034362091041999998,0.034316833923999999,0.034316833923999999,0.034236182576000002,4.5257117999998597e-05,4.5257117999998597e-05,0.0001259084659999965
1.0820000000000001,0.035186159278999998,0.035138463935000003,0.035138463935000003,0.035055826594999999,4.7695343999995532e-05,4.7695343999995532e-05,0.00013033268399999937
1.083,0.036019245574999997,0.035969069377,0.035969069377,0.035884422380000003,5.0176197999997341e-05,5.0176197999997341e-05,0.00013482319499999451
1.0840000000000001,0.036861323417999997,0.036808624999999998,0.036808624999999998,0.036721944510999999,5.2698417999999525e-05,5.2698417999999525e-05,0.00013937890699999844
1.085,0.037712366471999999,0.037657105497,0.037657105497,0.03756836777,5.5260974999998824e-05,5.5260974999998824e-05,0.00014399870199999915
1.0860000000000001,0.038572348403999999,0.038514485638000001,0.038514485638000001,0.038423666905999999,5.7862765999998345e-05,5.7862765999998345e-05,0.00014868149800000008
1.087,0.039441242845000002,0.039380740216,0.039380740216,0.039287816772000002,6.0502629000001862e-05,6.0502629000001862e-05,0.00015342607300000005
1.0880000000000001,0.040319023484000002,0.040255844103000003,0.040255844103000003,0.040160792192999999,6.3179380999998924e-05,6.3179380999998924e-05,0.0001582312910000036
1.089,0.041205664022000002,0.041139772214000003,0.041139772214000003,0.041042568091000001,6.5891807999998719e-05,6.5891807999998719e-05,0.0001630959310000013
1.0900000000000001,0.042101138187000002,0.042032499445000003,0.042032499445000003,0.04193311945,6.8638741999998976e-05,6.8638741999998976e-05,0.00016801873700000164
1.091,0.043005419663999997,0.042934000861,0.042934000861,0.042832421237999997,7.1418802999996533e-05,7.1418802999996533e-05,0.00017299842599999976
1.0920000000000001,0.043918482267999999,0.043844251427999997,0.043844251427999997,0.043740448532000001,7.423084000000163e-05,7.423084000000163e-05,0.00017803373599999811
1.093,0.044840299787,0.044763226264999997,0.044763226264999997,0.044657176387000001,7.707352200000267e-05,7.707352200000267e-05,0.00018312339999999871
1.0940000000000001,0.045770845981000001,0.045690900499000001,0.045690900499000001,0.045582579977999998,7.9945482000000345e-05,7.9945482000000345e-05,0.00018826600300000246
1.095,0.046710094682999997,0.046627249288000001,0.046627249288000001,0.046516634448999998,8.2845394999996047e-05,8.2845394999996047e-05,0.0001934602339999994
1.0960000000000001,0.047658019779999998,0.047572247848000002,0.047572247848000002,0.047459315026000003,8.5771931999996387e-05,8.5771931999996387e-05,0.00019870475399999532
1.097,0.048614595113000002,0.048525871411000003,0.048525871411000003,0.048410596968,8.8723701999998683e-05,8.8723701999998683e-05,0.00020399814500000196
1.0980000000000001,0.049579794615999997,0.049488095292000003,0.049488095292000003,0.049370455591,9.1699323999994142e-05,9.1699323999994142e-05,0.00020933902499999796
1.099,0.050553592155999999,0.050458894826000002,0.050458894826000002,0.050338866231,9.4697329999997304e-05,9.4697329999997304e-05,0.00021472592499999915
1.1000000000000001,0.051535961658999999,0.051438245399,0.051438245399,0.051315804286000001,9.7716259999998389e-05,9.7716259999998389e-05,0.00022015737299999755
1.101,0.052526877132000001,0.052426122403999999,0.052426122403999999,0.052301245172000001,0.00010075472800000207,0.00010075472800000207,0.00022563196000000008
1.1020000000000001,0.053526312606999998,0.053422501359999999,0.053422501359999999,0.053295164361999998,0.00010381124699999911,0.00010381124699999911,0.00023114824499999992
1.103,0.054534242030999998,0.054427357672,0.054427357672,0.054297537365000002,0.00010688435899999793,0.00010688435899999793,0.00023670466599999551
1.1040000000000001,0.055550639444000002,0.055440666958999997,0.055440666958999997,0.055308339730000003,0.00010997248500000528,0.00010997248500000528,0.00024229971399999939
1.105,0.056575478992000001,0.056462404773999997,0.056462404773999997,0.056327547048999997,0.00011307421800000467,0.00011307421800000467,0.00024793194300000432
1.1060000000000001,0.057608734682,0.057492546754999999,0.057492546754999999,0.057355134948999999,0.0001161879270000013,0.0001161879270000013,0.00025359973300000116
1.107,0.058650380714999999,0.058531068556000002,0.058531068556000002,0.058391079099000001,0.00011931215899999709,0.00011931215899999709,0.00025930161599999751
1.1080000000000001,0.059700391205000002,0.059577945847999997,0.059577945847999997,0.059435355198000001,0.00012244535700000475,0.00012244535700000475,0.00026503600700000102
1.109,0.060758740253000001,0.060633154411,0.060633154411,0.060487938994999997,0.00012558584200000195,0.00012558584200000195,0.00027080125800000437
1.1100000000000001,0.061825402190000003,0.061696669981999998,0.061696669981999998,0.061548806279000001,0.00012873220800000557,0.00012873220800000557,0.00027659591100000214
1.111,0.062900351165999999,0.062768468428999996,0.062768468428999996,0.062617932853000005,0.00013188273700000253,0.00013188273700000253,0.00028241831299999354
1.1120000000000001,0.063983561480999998,0.063848525500999995,0.063848525500999995,0.063695294587000004,0.00013503598000000339,0.00013503598000000339,0.00028826689399999439
1.113,0.065075007386,0.064936817177000006,0.064936817177000006,0.064780867377000007,0.00013819020899999424,0.00013819020899999424,0.00029414000899999349
1.1140000000000001,0.066174663226999997,0.066033319361000001,0.066033319361000001,0.065874627138999997,0.00014134386599999604,0.00014134386599999604,0.0003000360879999997
1.115,0.067282503356000001,0.067138007989999998,0.067138007989999998,0.066976549849000006,0.00014449536600000257,0.00014449536600000257,0.00030595350699999524
1.1160000000000001,0.068398502087000004,0.068250859078999998,0.068250859078999998,0.068086611512999995,0.00014764300800000629,0.00014764300800000629,0.00031189057400000941
1.117,0.069522633860999994,0.069371848658999993,0.069371848658999993,0.069204788157,0.00015078520200000056,0.00015078520200000056,0.00031784570399999434
1.1180000000000001,0.070654873113000005,0.070500952778999995,0.070500952778999995,0.070331055860000005,0.00015392033400001004,0.00015392033400001004,0.00032381725299999997
1.119,0.071795194307999993,0.071638147557000001,0.071638147557000001,0.071465390727999997,0.00015704675099999232,0.00015704675099999232,0.00032980357999999599
1.1200000000000001,0.072943571947000005,0.072783409132000002,0.072783409132000002,0.072607768897999997,0.0001601628150000034,0.0001601628150000034,0.00033580304900000801
1.121,0.074099980519000005,0.073936713661000006,0.073936713661000006,0.073758166560999996,0.00016326685799999963,0.00016326685799999963,0.00034181395800000902
1.1220000000000001,0.075264394612999996,0.075098037350999999,0.075098037350999999,0.074916559906999997,0.00016635726199999701,0.00016635726199999701,0.00034783470599999977
1.123,0.076436788721000001,0.076267356453999999,0.076267356453999999,0.076082925191000003,0.00016943226700000258,0.00016943226700000258,0.00035386352999999815
1.1240000000000001,0.077617137545999998,0.077444647217000007,0.077444647217000007,0.077257238682000004,0.00017249032899999128,0.00017249032899999128,0.00035989886399999393
1.125,0.078805415727999997,0.078629885960000007,0.078629885960000007,0.078439476697999999,0.00017552976799999065,0.00017552976799999065,0.00036593902999999817
1.1259999999999999,0.080001597921000006,0.079823049031000001,0.079823049031000001,0.079629615572000004,0.00017854889000000485,0.00017854889000000485,0.00037198234900000238
1.127,0.081205658858000004,0.081024112751999999,0.081024112751999999,0.080827631674999997,0.00018154610600000509,0.00018154610600000509,0.00037802718300000704
1.1279999999999999,0.082417573233999994,0.082233053564,0.082233053564,0.082033501415999993,0.00018451966999999403,0.00018451966999999403,0.00038407181800000079
1.129,0.083637315811999999,0.083449847911000005,0.083449847911000005,0.083247201221000003,0.00018746790099999355,0.00018746790099999355,0.0003901145909999959
1.1299999999999999,0.084864861382000001,0.084674472190999994,0.084674472190999994,0.084468707562000006,0.00019038919100000662,0.00019038919100000662,0.00039615381999999477
1.131,0.086100184841999994,0.085906902958999998,0.085906902958999998,0.085697996934000001,0.00019328188299999605,0.00019328188299999605,0.00040218790799999293
1.1319999999999999,0.087343261024000002,0.087147116720000001,0.087147116720000001,0.086935045870000005,0.00019614430400000105,0.00019614430400000105,0.00040821515399999675
1.133,0.088594064808,0.088395089999000004,0.088395089999000004,0.088179830932000006,0.00019897480899999653,0.00019897480899999653,0.00041423387599999473
1.1339999999999999,0.089852571138999998,0.089650799417999999,0.089650799417999999,0.089432328692000004,0.00020177172099999918,0.00020177172099999918,0.0004202424469999938
1.135,0.091118754959000001,0.090914221577999998,0.090914221577999998,0.090692515779999996,0.00020453338100000218,0.00020453338100000218,0.00042623917900000419
1.1359999999999999,0.092392591280999997,0.092185333118000007,0.092185333118000007,0.091960368818000002,0.00020725816299999034,0.00020725816299999034,0.00043222246299999545
1.137,0.093674055096000006,0.093464110693999999,0.093464110693999999,0.093235864498999996,0.0002099444020000063,0.0002099444020000063,0.00043819059700000995
1.1379999999999999,0.094963121491999994,0.094750531026999998,0.094750531026999998,0.094518979518999999,0.00021259046499999545,0.00021259046499999545,0.00044414197299999514
1.139,0.096259765560000002,0.096044570847999999,0.096044570847999999,0.095809690633000003,0.00021519471200000251,0.00021519471200000251,0.00045007492699999929
1.1399999999999999,0.097563962343999999,0.097346206874000002,0.097346206874000002,0.097107974518999995,0.00021775546999999729,0.00021775546999999729,0.00045598782500000379
1.141,0.098875687084000005,0.098655415918000006,0.098655415918000006,0.098413808036,0.00022027116599999952,0.00022027116599999952,0.00046187904800000512
1.1419999999999999,0.10019491495000001,0.099972174790000007,0.099972174790000007,0.099727167973000005,0.00022274015999999841,0.00022274015999999841,0.00046774697699999979
1.143,0.10152162117999999,0.10129646031,0.10129646031,0.10104803117,0.00022516086999999074,0.00022516086999999074,0.00047359000999999679
1.1439999999999999,0.10285578093,0.10262824935000001,0.10262824935000001,0.10237637448,0.00022753157999999551,0.00022753157999999551,0.00047940644999999726
1.145,0.10419736958,0.10396751879,0.10396751879,0.1037121748,0.00022985078999999964,0.00022985078999999964,0.00048519478000000338
1.1459999999999999,0.10554636242,0.10531424555,0.10531424555,0.10505540904000001,0.00023211686999999315,0.00023211686999999315,0.00049095337999999211
1.147,0.1069027348,0.10666840659,0.10666840659,0.10640605415,0.00023432820999999548,0.00023432820999999548,0.00049668064999999761
1.1479999999999999,0.10826646208,0.10802997881,0.10802997881,0.10776408708,0.00023648327000000413,0.00023648327000000413,0.00050237499999999935
1.149,0.10963751970000001,0.10939893924999999,0.10939893924999999,0.10912948484,0.0002385804500000116,0.0002385804500000116,0.00050803486000000619
1.1499999999999999,0.11101588311,0.11077526492000001,0.11077526492000001,0.11050222443,0.00024061818999999984,0.00024061818999999984,0.00051365868000000092
1.151,0.11240152774999999,0.11215893288000001,0.11215893288000001,0.11188228288,0.00024259486999998747,0.00024259486999998747,0.00051924486999999075
1.1519999999999999,0.11379442919,0.11354992013,0.11354992013,0.11326963726,0.00024450906000000883,0.00024450906000000883,0.00052479193000000424
1.153,0.11519456297,0.11494820376000001,0.11494820376000001,0.11466426466,0.00024635920999999117,0.00024635920999999117,0.00053029830999999639
1.1539999999999999,0.11660190461,0.11635376095,0.11635376095,0.11606614218,0.00024814366000000532,0.00024814366000000532,0.00053576243000000301
1.155,0.11801642978,0.11776656873999999,0.11776656873999999,0.11747524696,0.00024986104000000731,0.00024986104000000731,0.00054118281999999962
1.1559999999999999,0.11943811417,0.11918660436,0.11918660436,0.11889155614999999,0.00025150980999999462,0.00025150980999999462,0.0005465580200000042
1.157,0.12086693331999999,0.12061384494999999,0.12061384494999999,0.12031504691,0.00025308837000000139,0.00025308837000000139,0.00055188640999999372
1.1579999999999999,0.12230286304,0.12204826771000001,0.12204826771000001,0.12174569645,0.0002545953299999959,0.0002545953299999959,0.00055716659000000501
1.159,0.12374587909,0.12348984991,0.12348984991,0.12318348201,0.00025602917999999197,0.00025602917999999197,0.00056239707999999888
1.1599999999999999,0.12519595714000001,0.12493856867,0.12493856867,0.12462838079999999,0.00025738847000000842,0.00025738847000000842,0.00056757634000001445
1.161,0.12665307309000001,0.12639440136999999,0.12639440136999999,0.12608037008,0.00025867172000001992,0.00025867172000001992,0.00057270301000000856
1.1619999999999999,0.12811720277999999,0.12785732525999999,0.12785732525999999,0.12753942715,0.00025987752000000697,0.00025987752000000697,0.00057777562999999921
1.163,0.12958832205000001,0.12932731760999999,0.12932731760999999,0.12900552928,0.00026100444000001777,0.00026100444000001777,0.00058279277000000684
1.1639999999999999,0.13106640684000001,0.13080435577999999,0.13080435577999999,0.13047865385999999,0.0002620510600000181,0.0002620510600000181,0.00058775298000002252
1.165,0.13255143307,0.1322884171,0.1322884171,0.13195877818000001,0.00026301597000000232,0.00026301597000000232,0.00059265488999998839
1.1659999999999999,0.13404337674,0.13377947896,0.13377947896,0.13344587963999999,0.0002638977799999942,0.0002638977799999942,0.00059749710000001066
1.167,0.13554221378,0.13527751871999999,0.13527751871999999,0.13493993551,0.00026469506000001419,0.00026469506000001419,0.00060227827000000622
1.1679999999999999,0.13704792032999999,0.13678251380000001,0.13678251380000001,0.13644092332999999,0.00026540652999998415,0.00026540652999998415,0.00060699699999999801
1.169,0.13856047235999999,0.13829444162000001,0.13829444162000001,0.13794882046000001,0.00026603073999997839,0.00026603073999997839,0.00061165189999998204
1.1699999999999999,0.14007984604000001,0.13981327957,0.13981327957,0.13946360435999999,0.00026656647000000699,0.00026656647000000699,0.00061624168000001811
1.171,0.14160601752999999,0.14133900517,0.14133900517,0.14098525244999999,0.00026701235999998518,0.00026701235999998518,0.00062076508000000197
1.1719999999999999,0.14313896283999999,0.14287159592000001,0.14287159592000001,0.14251374223999999,0.00026736691999998397,0.00026736691999998397,0.00062522060000000379
1.173,0.14467865831999999,0.14441102923999999,0.14441102923999999,0.14404905123,0.00026762907999999808,0.00026762907999999808,0.00062960708999998394
1.1739999999999999,0.14622508015999999,0.14595728269,0.14595728269,0.14559115684999999,0.00026779746999999743,0.00026779746999999743,0.00063392331000000635
1.175,0.14777820462999999,0.14751033382000001,0.14751033382000001,0.14714003672000001,0.00026787080999998714,0.00026787080999998714,0.00063816790999998707
1.1759999999999999,0.14933800798999999,0.14907016012999999,0.14907016012999999,0.14869566834,0.00026784786000000338,0.00026784786000000338,0.00064233964999999005
1.177,0.15090446657000001,0.15063673922000001,0.15063673922000001,0.15025802929000001,0.00026772734999999659,0.00026772734999999659,0.00064643727999999512
1.1779999999999999,0.15247755676999999,0.15221004867999999,0.15221004867999999,0.15182709714000001,0.00026750809000000708,0.00026750809000000708,0.00065045962999998874
1.179,0.15405725492,0.15379006606000001,0.15379006606000001,0.15340284946999999,0.00026718885999998943,0.00026718885999998943,0.00065440545000000627
1.1799999999999999,0.15564353746000001,0.15537676903,0.15537676903,0.15498526394000001,0.00026676843000000838,0.00026676843000000838,0.00065827352000000228
1.181,0.15723638086,0.15697013521,0.15697013521,0.15657431809,0.00026624564999999656,0.00026624564999999656,0.00066206276999999925
1.1819999999999999,0.15883576156000001,0.15857014222999999,0.15857014222999999,0.15816998964000001,0.00026561933000002202,0.00026561933000002202,0.00066577192000000229
1.1830000000000001,0.1604416561,0.16017676776000001,0.16017676776000001,0.15977225624999999,0.00026488833999999128,0.00026488833999999128,0.00066939985000000202
1.1839999999999999,0.16205404100000001,0.16178998950000001,0.16178998950000001,0.16138109549999999,0.00026405150000000099,0.00026405150000000099,0.00067294550000002173
1.1850000000000001,0.16367289291000001,0.16340978515999999,0.16340978515999999,0.16299648516000001,0.00026310775000001896,0.00026310775000001896,0.00067640774999999653
1.1859999999999999,0.16529818827000001,0.16503613233,0.16503613233,0.16461840291999999,0.00026205594000000554,0.00026205594000000554,0.00067978535000001727
1.1870000000000001,0.16692990388000001,0.16666900887,0.16666900887,0.16624682649,0.00026089501000001181,0.00026089501000001181,0.00068307739000000867
1.1879999999999999,0.16856801632000001,0.16830839246000001,0.16830839246000001,0.16788173362,0.00025962386000000226,0.00025962386000000226,0.00068628270000001268
1.1890000000000001,0.17021250231999999,0.16995426088999999,0.16995426088999999,0.16952310199000001,0.00025824143000000022,0.00025824143000000022,0.00068940032999997847
1.1899999999999999,0.17186333857,0.17160659186999999,0.17160659186999999,0.17117090943999999,0.00025674670000000455,0.00025674670000000455,0.00069242913000000517
1.1910000000000001,0.17352050187000001,0.17326536325,0.17326536325,0.17282513371,0.00025513862000001164,0.00025513862000001164,0.000695368160000015
1.1919999999999999,0.17518396892999999,0.17493055276,0.17493055276,0.17448575259999999,0.00025341616999999261,0.00025341616999999261,0.00069821633000000105
1.1930000000000001,0.17685371663999999,0.17660213824000001,0.17660213824000001,0.17615274387999999,0.00025157839999997988,0.00025157839999997988,0.00070097276000000153
1.194,0.17852972178000001,0.17828009752000001,0.17828009752000001,0.17782608537,0.0002496242599999976,0.0002496242599999976,0.00070363641000001365
1.1950000000000001,0.18021196128,0.17996440845,0.17996440845,0.17950575497999999,0.00024755282999999739,0.00024755282999999739,0.00070620630000001183
1.196,0.18190041202000001,0.18165504882,0.18165504882,0.1811917304,0.00024536320000001499,0.00024536320000001499,0.00070868162000001234
1.1970000000000001,0.1835950509,0.18335199655000001,0.18335199655000001,0.18288398956999999,0.00024305434999999376,0.00024305434999999376,0.00071106133000001237
1.198,0.18529585495000001,0.18505522949,0.18505522949,0.18458251042000001,0.00024062546000000462,0.00024062546000000462,0.00071334452999999298
1.1990000000000001,0.18700280107,0.18676472553000001,0.18676472553000001,0.18628727066,0.00023807553999999342,0.00023807553999999342,0.00071553040999999817
1.2,0.18871586632000001,0.18848046260000001,0.18848046260000001,0.18799824831,0.00023540371999999921,0.00023540371999999921,0.00071761801000000403
1.2010000000000001,0.19043502775999999,0.19020241856,0.19020241856,0.18971542124999999,0.00023260919999998353,0.00023260919999998353,0.0007196065099999982
1.202,0.19216026249000001,0.19193057137,0.19193057137,0.19143876738000001,0.00022969112000001402,0.00022969112000001402,0.00072149510999999777
1.2030000000000001,0.19389154749000001,0.19366489895,0.19366489895,0.19316826467000001,0.00022664854000001289,0.00022664854000001289,0.0007232828200000041
1.204,0.19562886002999999,0.19540537927000001,0.19540537927000001,0.19490389090999999,0.00022348075999997774,0.00022348075999997774,0.00072496912000000191
1.2050000000000001,0.19737217717,0.1971519903,0.1971519903,0.19664562421000001,0.00022018686999999981,0.00022018686999999981,0.00072655295999998759
1.206,0.19912147618000001,0.19890470994000001,0.19890470994000001,0.19839344246000001,0.00021676623999999922,0.00021676623999999922,0.00072803371999999311
1.2070000000000001,0.20087673416999999,0.20066351625000001,0.20066351625000001,0.20014732364999999,0.00021321791999998063,0.00021321791999998063,0.00072941052000000117
1.208,0.20263792846000001,0.20242838719,0.20242838719,0.20190724575999999,0.00020954127000000211,0.00020954127000000211,0.00073068270000001267
1.2090000000000001,0.20440503635000001,0.20419930076000001,0.20419930076000001,0.20367318677999999,0.00020573559000000574,0.00020573559000000574,0.00073184957000002604
1.21,0.20617803500000001,0.20597623503000001,0.20597623503000001,0.20544512469000001,0.0002017999699999995,0.0002017999699999995,0.00073291031000000118
1.2110000000000001,0.20795690184000001,0.20775916793999999,0.20775916793999999,0.20722303753999999,0.00019773390000002444,0.00019773390000002444,0.00073386430000002556
1.212,0.20974161421000001,0.20954807760999999,0.20954807760999999,0.20900690335,0.00019353660000001605,0.00019353660000001605,0.00073471086000001518
1.2130000000000001,0.21153214944000001,0.21134294205000001,0.21134294205000001,0.21079670012000001,0.00018920739000000131,0.00018920739000000131,0.00073544931999999785
1.214,0.21332848497000001,0.21314373932,0.21314373932,0.21259240597000001,0.0001847456500000122,0.0001847456500000122,0.00073607900000000059
1.2150000000000001,0.21513059824,0.21495044751,0.21495044751,0.21439399883999999,0.00018015072999999493,0.00018015072999999493,0.00073659940000000979
1.216,0.21693846663999999,0.21676304467999999,0.21676304467999999,0.21620145691000001,0.00017542196000000509,0.00017542196000000509,0.00073700972999998782
1.2170000000000001,0.2187520677,0.21858150896,0.21858150896,0.21801475815999999,0.00017055873999999305,0.00017055873999999305,0.00073730954000000848
1.218,0.22057137892000001,0.22040581837000001,0.22040581837000001,0.21983388075999999,0.00016556054999999903,0.00016556054999999903,0.00073749816000001633
1.2190000000000001,0.22239637782999999,0.22223595107999999,0.22223595107999999,0.22165880276,0.00016042674999999784,0.00016042674999999784,0.00073757506999999611
1.22,0.22422704197000001,0.22407188520999999,0.22407188520999999,0.22348950234000001,0.00015515676000002476,0.00015515676000002476,0.00073753963000000589
1.2210000000000001,0.22606334903,0.22591359891000001,0.22591359891000001,0.22532595741,0.00014975011999998622,0.00014975011999998622,0.00073739161999999969
1.222,0.22790527636999999,0.22776107027,0.22776107027,0.22716814632999999,0.00014420609999998835,0.00014420609999998835,0.00073713004000000582
1.2230000000000001,0.22975280184999999,0.22961427747999999,0.22961427747999999,0.22901604709000001,0.00013852437000000384,0.00013852437000000384,0.00073675475999998574
1.224,0.23160590304000001,0.23147319866999999,0.23147319866999999,0.23086963789000001,0.00013270437000001412,0.00013270437000001412,0.00073626514999999837
1.2250000000000001,0.23346455761000001,0.23333781206000001,0.23333781206000001,0.23272889689000001,0.00012674555000000143,0.00012674555000000143,0.00073566072000000315
1.226,0.23532874331,0.23520809575000001,0.23520809575000001,0.23459380219000001,0.00012064755999999233,0.00012064755999999233,0.00073494111999999889
1.2270000000000001,0.2371984379,0.23708402799,0.23708402799,0.23646433202,0.00011440991000000178,0.00011440991000000178,0.00073410588000000221
1.228,0.23907361899999999,0.23896558697,0.23896558697,0.23834046454999999,0.00010803202999998263,0.00010803202999998263,0.00073315444999999535
1.2290000000000001,0.24095426447000001,0.24085275092,0.24085275092,0.24022217793,0.00010151355000001527,0.00010151355000001527,0.00073208654000000983
1.23,0.24284035210999999,0.24274549798,0.24274549798,0.24210945041000001,9.4854129999988324e-05,9.4854129999988324e-05,0.00073090169999998067
1.2310000000000001,0.24473185976,0.24464380643,0.24464380643,0.24400226018000001,8.8053330000004149e-05,8.8053330000004149e-05,0.00072959957999998992
1.232,0.24662876525999999,0.24654765448999999,0.24654765448999999,0.24590058536000001,8.1110770000003551e-05,8.1110770000003551e-05,0.00072817989999998667
1.2330000000000001,0.24853104642000001,0.24845702043000001,0.24845702043000001,0.24780440437000001,7.4025990000003983e-05,7.4025990000003983e-05,0.0007266420500000037
1.234,0.25043868118000001,0.25037188245999997,0.25037188245999997,0.24971369522,6.6798720000038614e-05,6.6798720000038614e-05,0.00072498596000000748
1.2350000000000001,0.25235164744999999,0.25229221887999997,0.25229221887999997,0.25162843626999998,5.9428570000019665e-05,5.9428570000019665e-05,0.00072321118000001627
1.236,0.25426992318000002,0.25421800794999999,0.25421800794999999,0.25354860577999999,5.1915230000032508e-05,5.1915230000032508e-05,0.00072131740000003219
1.2370000000000001,0.25619348633,0.25614922791,0.25614922791,0.25547418199999999,4.4258419999998466e-05,4.4258419999998466e-05,0.00071930433000000349
1.238,0.25812231485999998,0.25808585711999998,0.25808585711999998,0.25740514315000002,3.6457739999995464e-05,3.6457739999995464e-05,0.00071717170999996416
1.2390000000000001,0.26005638679999998,0.26002787381999998,0.26002787381999998,0.25934146753999998,2.8512980000006127e-05,2.8512980000006127e-05,0.00071491926000000205
1.24,0.26199568017000002,0.26197525631000002,0.26197525631000002,0.26128313344999998,2.0423860000007288e-05,2.0423860000007288e-05,0.00071254672000004016
1.2410000000000001,0.26394017302,0.26392798294999997,0.26392798294999997,0.26323011908999999,1.2190070000028808e-05,1.2190070000028808e-05,0.00071005393000000971
1.242,0.26588984341999999,0.26588603205,0.26588603205,0.26518240292,3.8113699999953177e-06,3.8113699999953177e-06,0.00070744049999998948
1.2430000000000001,0.26784466946000002,0.26784938192000002,0.26784938192000002,0.26713996309999999,4.7124600000003625e-06,4.7124600000003625e-06,0.00070470636000002917
1.244,0.26980462924999998,0.26981801090000002,0.26981801090000002,0.26910277799999999,1.3381650000032774e-05,1.3381650000032774e-05,0.00070185124999999626
1.2450000000000001,0.27176970095000003,0.27179189735999998,0.27179189735999998,0.27107082592999998,2.219640999995276e-05,2.219640999995276e-05,0.00069887502000004487
1.246,0.27373986272,0.27377101966,0.27377101966,0.27304408525000001,3.1156939999998912e-05,3.1156939999998912e-05,0.0006957774699999919
1.2470000000000001,0.27571509266999999,0.27575535612000002,0.27575535612000002,0.27502253427000001,4.0263450000022072e-05,4.0263450000022072e-05,0.00069255839999998736
1.248,0.27769536907999998,0.27774488515000001,0.27774488515000001,0.27700615139000001,4.9516070000032997e-05,4.9516070000032997e-05,0.0006892176899999658
1.2490000000000001,0.27968067012999998,0.27973958514000002,0.27973958514000002,0.27899491486,5.8915010000049062e-05,5.8915010000049062e-05,0.00068575526999997694
1.25,0.28167097409000003,0.28173943446999999,0.28173943446999999,0.28098880315000002,6.8460379999968346e-05,6.8460379999968346e-05,0.00068217094000000422
1.2509999999999999,0.28366625915999999,0.28374441153000002,0.28374441153000002,0.28298779456000001,7.8152370000028615e-05,7.8152370000028615e-05,0.00067846459999998388
1.252,0.28566650370000002,0.28575449473999998,0.28575449473999998,0.28499186752,8.7991039999957277e-05,8.7991039999957277e-05,0.00067463618000002112
1.2529999999999999,0.28767168594999998,0.28776966250000002,0.28776966250000002,0.28700100038999998,9.7976550000045126e-05,9.7976550000045126e-05,0.00067068555999999502
1.254,0.28968178428000002,0.28978989324999999,0.28978989324999999,0.28901517155000001,0.00010810896999996489,0.00010810896999996489,0.00066661273000001575
1.2549999999999999,0.29169677700000002,0.29181516541000002,0.29181516541000002,0.29103435942,0.00011838841000000322,0.00011838841000000322,0.00066241758000001871
1.256,0.29371664247000001,0.29384545746000001,0.29384545746000001,0.29305854242000001,0.00012881499000000352,0.00012881499000000352,0.00065810004999999894
1.2569999999999999,0.29574135906999999,0.29588074779000001,0.29588074779000001,0.29508769893999998,0.00013938872000002211,0.00013938872000002211,0.00065366013000001111
1.258,0.29777090523999999,0.29792101487,0.29792101487,0.29712180746,0.00015010963000000599,0.00015010963000000599,0.0006490977799999964
1.2589999999999999,0.29980525934000002,0.29996623720999999,0.29996623720999999,0.29916084634000001,0.00016097786999996755,0.00016097786999996755,0.00064441300000001034
1.26,0.30184439984,0.30201639326000002,0.30201639326000002,0.30120479409000001,0.00017199342000001616,0.00017199342000001616,0.00063960574999999409
1.2609999999999999,0.30388830518999999,0.30407146148999997,0.30407146148999997,0.30325362914999998,0.00018315629999998695,0.00018315629999998695,0.00063467604000000399
1.262,0.30593695386999997,0.30613142040000002,0.30613142040000002,0.30530732989999998,0.0001944665300000481,0.0001944665300000481,0.00062962396999999282
1.2629999999999999,0.30799032440000002,0.30819624847999999,0.30819624847999999,0.30736587491,0.00020592407999997508,0.00020592407999997508,0.00062444949000001193
1.264,0.31004839523,0.31026592427999999,0.31026592427999999,0.30942924257999999,0.00021752904999999823,0.00021752904999999823,0.00061915265000000996
1.2649999999999999,0.31211114493999997,0.31234042626000003,0.31234042626000003,0.31149741142999998,0.00022928132000005208,0.00022928132000005208,0.00061373350999999188
1.266,0.31417855208000001,0.31441973297999998,0.31441973297999998,0.31357035996999999,0.00024118089999997094,0.00024118089999997094,0.00060819211000001649
1.2669999999999999,0.31625059518999998,0.31650382296000001,0.31650382296000001,0.31564806668000001,0.00025322777000003072,0.00025322777000003072,0.00060252850999997776
1.268,0.31832725285000002,0.31859267475000003,0.31859267475000003,0.31773050997000002,0.00026542190000000687,0.00026542190000000687,0.00059674288000000075
1.2689999999999999,0.32040850378000002,0.32068626689000002,0.32068626689000002,0.31981766845999998,0.00027776310999999554,0.00027776310999999554,0.00059083532000003824
1.27,0.32249432636999997,0.32278457795999999,0.32278457795999999,0.32190952069000001,0.00029025159000001244,0.00029025159000001244,0.0005848056799999668
1.2709999999999999,0.32458469947000002,0.32488758649999999,0.32488758649999999,0.32400604508000003,0.00030288702999997641,0.00030288702999997641,0.00057865438999998853
1.272,0.32667960165999999,0.32699527109999998,0.32699527109999998,0.32610722028,0.0003156694399999993,0.0003156694399999993,0.00057238137999998662
1.2729999999999999,0.32877901158,0.32910761034000002,0.32910761034000002,0.32821302477999997,0.00032859876000002064,0.00032859876000002064,0.00056598680000002899
1.274,0.33088290798999997,0.33122458282,0.33122458282,0.33032343715000001,0.00034167483000002719,0.00034167483000002719,0.00055947083999996483
1.2749999999999999,0.33299126954000002,0.33334616712999998,0.33334616712999998,0.33243843593,0.00035489758999995846,0.00035489758999995846,0.00055283361000002529
1.276,0.335104075,0.33547234189000003,0.33547234189000003,0.33455799969,0.00036826689000002411,0.00036826689000002411,0.00054607531000000487
1.2769999999999999,0.33722130307999998,0.33760308570999997,0.33760308570999997,0.33668210702000001,0.00038178262999999379,0.00038178262999999379,0.000539196059999969
1.278,0.33934293256999998,0.33973837723,0.33973837723,0.33881073656999999,0.00039544466000002165,0.00039544466000002165,0.00053219599999998479
1.2789999999999999,0.34146894217000001,0.34187819508,0.34187819508,0.34094386673999999,0.00040925290999999087,0.00040925290999999087,0.00052507543000002155
1.28,0.34359931074,0.34402251785999999,0.34402251785999999,0.34308147636000003,0.00042320711999999094,0.00042320711999999094,0.00051783437999997073
1.2809999999999999,0.34573401714000002,0.34617132428000003,0.34617132428000003,0.34522354386999998,0.00043730714000000948,0.00043730714000000948,0.00051047327000003362
1.282,0.34787304001000002,0.34832459302000002,0.34832459302000002,0.34737004790999998,0.00045155300999999426,0.00045155300999999426,0.00050299210000004368
1.2829999999999999,0.35001635838,0.35048230263000002,0.35048230263000002,0.34952096717999998,0.0004659442500000166,0.0004659442500000166,0.00049539120000002823
1.284,0.35216395097999997,0.35264443191,0.35264443191,0.35167628026999997,0.00048048093000002678,0.00048048093000002678,0.00048767070999999884
1.2849999999999999,0.35431579679000003,0.35481095946000002,0.35481095946000002,0.35383596580999999,0.00049516266999999337,0.00049516266999999337,0.00047983098000003999
1.286,0.35647187464000002,0.35698186401999998,0.35698186401999998,0.35600000245000002,0.00050998937999996441,0.00050998937999996441,0.00047187219000000002
1.2869999999999999,0.35863216330999997,0.35915712429000002,0.35915712429000002,0.35816836886999998,0.00052496098000004432,0.00052496098000004432,0.00046379443999999825
1.288,0.36079664195,0.36133671897000003,0.36133671897000003,0.36034104362000002,0.00054007702000002933,0.00054007702000002933,0.00045559832999997329
1.2889999999999999,0.36296528930999999,0.36352062676000002,0.36352062676000002,0.36251800549000002,0.00055533745000002632,0.00055533745000002632,0.00044728381999997735
1.29,0.36513808443000001,0.36570882641000002,0.36570882641000002,0.36469923313000002,0.00057074198000001131,0.00057074198000001131,0.00043885129999998718
1.2909999999999999,0.36731500625000002,0.36790129664999999,0.36790129664999999,0.36688470519999999,0.0005862903999999669,0.0005862903999999669,0.00043030105000002594
1.292,0.36949603378000001,0.37009801621999999,0.37009801621999999,0.36907440041,0.0006019824399999818,0.0006019824399999818,0.00042163337000000745
1.2929999999999999,0.37168114594000001,0.37229896385,0.37229896385,0.37126829743,0.00061781790999998476,0.00061781790999998476,0.00041284851000000788
1.294,0.37387032178000001,0.37450411833000002,0.37450411833000002,0.37346637500000002,0.00063379655000000978,0.00063379655000000978,0.0004039467799999974
1.2949999999999999,0.37606354034,0.37671345842999998,0.37671345842999998,0.37566861182,0.00064991808999997902,0.00064991808999997902,0.00039492852000000411
1.296,0.37826078061000001,0.37892696294,0.37892696294,0.37787498662000002,0.00066618232999998694,0.00066618232999998694,0.00038579398999999404
1.2969999999999999,0.38046202170999999,0.38114461060999999,0.38114461060999999,0.38008547813999999,0.00068258890000000294,0.00068258890000000294,0.00037654356999999861
1.298,0.38266724261000001,0.38336638026999997,0.38336638026999997,0.38230006510999998,0.00069913765999995992,0.00069913765999995992,0.00036717750000003768
1.2989999999999999,0.38487642246999998,0.38559225069000003,0.38559225069000003,0.38451872628,0.00071582822000004764,0.00071582822000004764,0.00035769618999997865
1.3,0.38708954033999998,0.38782220072000001,0.38782220072000001,0.38674144043000003,0.00073266038000002753,0.00073266038000002753,0.00034809990999995488
1.3009999999999999,0.38930657537000002,0.39005620917,0.39005620917,0.38896818627000002,0.00074963379999998248,0.00074963379999998248,0.00033838910000000277
1.302,0.39152750666000002,0.39229425486000002,0.39229425486000002,0.39119894264999999,0.00076674820000000032,0.00076674820000000032,0.00032856401000003199
1.3029999999999999,0.39375231324999999,0.39453631665,0.39453631665,0.39343368826000003,0.00078400340000001068,0.00078400340000001068,0.00031862498999996047
1.304,0.39598097443000002,0.39678237338,0.39678237338,0.39567240195999998,0.0008013989499999763,0.0008013989499999763,0.00030857247000004584
1.3049999999999999,0.39821346937000002,0.39903240389,0.39903240389,0.39791506252999997,0.0008189345199999809,0.0008189345199999809,0.00029840684000004281
1.306,0.40044977705000001,0.40128638707999997,0.40128638707999997,0.40016164875999999,0.00083661002999996237,0.00083661002999996237,0.0002881282900000226
1.3069999999999999,0.40268987685000002,0.4035443018,0.4035443018,0.40241213940999998,0.00085442494999998786,0.00085442494999998786,0.00027773744000003653
1.3080000000000001,0.40493374791999998,0.40580612694000001,0.40580612694000001,0.40466651341999998,0.00087237902000003587,0.00087237902000003587,0.00026723449999999094
1.3089999999999999,0.40718136946,0.40807184139000002,0.40807184139000002,0.40692474952000002,0.00089047193000002522,0.00089047193000002522,0.00025661993999998023
1.3100000000000001,0.40943272068999997,0.41034142410000002,0.41034142410000002,0.40918682659,0.00090870341000004462,0.00090870341000004462,0.00024589409999997702
1.3109999999999999,0.41168778089000002,0.41261485387000002,0.41261485387000002,0.41145272348,0.00092707297999999883,0.00092707297999999883,0.0002350574100000169
1.3120000000000001,0.41394652921000002,0.41489210973000001,0.41489210973000001,0.41372241901000001,0.00094558051999998893,0.00094558051999998893,0.00022411020000001614
1.3129999999999999,0.41620894503,0.41717317054000003,0.41717317054000003,0.41599589206999998,0.00096422551000002743,0.00096422551000002743,0.00021305296000001528
1.3140000000000001,0.41847500758,0.41945801525999998,0.41945801525999998,0.41827312150000001,0.00098300767999998095,0.00098300767999998095,0.00020188607999999109
1.3149999999999999,0.42074469614999999,0.42174662285999998,0.42174662285999998,0.42055408618000001,0.0010019267099999896,0.0010019267099999896,0.00019060996999997748
1.3160000000000001,0.42301799006000002,0.42403897225999998,0.42403897225999998,0.42283876507000001,0.0010209821999999646,0.0010209821999999646,0.00017922499000000425
1.3169999999999999,0.42529486857999999,0.42633504242999998,0.42633504242999998,0.42512713687999998,0.0010401738499999924,0.0010401738499999924,0.0001677317000000067
1.3180000000000001,0.42757531107000002,0.42863481235000001,0.42863481235000001,0.42741918067000001,0.0010595012799999859,0.0010595012799999859,0.00015613040000000966
1.319,0.42985929684000002,0.43093826098999999,0.43093826098999999,0.42971487533000002,0.0010789641499999725,0.0010789641499999725,0.00014442150999999237
1.3200000000000001,0.43214680527999999,0.43324536734000002,0.43324536734000002,0.43201419968999999,0.0010985620600000301,0.0010985620600000301,0.00013260559000000116
1.321,0.43443781578000001,0.43555611041999998,0.43555611041999998,0.43431713276,0.0011182946399999616,0.0011182946399999616,0.00012068302000001196
1.3220000000000001,0.43673230756999998,0.4378704692,0.4378704692,0.43662365340999998,0.001138161630000023,0.001138161630000023,0.00010865415999999906
1.323,0.43903026013000002,0.44018842271000003,0.44018842271000003,0.4389337405,0.0011581625800000106,0.0011581625800000106,9.6519630000013734e-05
1.3240000000000001,0.44133165286999998,0.44250994997999998,0.44250994997999998,0.44124737322000002,0.0011782971100000039,0.0011782971100000039,8.427964999996318e-05
1.325,0.44363646516999999,0.44483503005000002,0.44483503005000002,0.44356453020999997,0.0011985648800000304,0.0011985648800000304,7.1934960000019643e-05
1.3260000000000001,0.44594467645000002,0.44716364193000002,0.44716364193000002,0.44588519067999999,0.0012189654800000005,0.0012189654800000005,5.9485770000033966e-05
1.327,0.44825626616000003,0.44949576468000002,0.44949576468000002,0.44820933349999997,0.0012394985199999931,0.0012394985199999931,4.6932660000054138e-05
1.3280000000000001,0.45057121372999998,0.45183137737000001,0.45183137737000001,0.45053693765000002,0.0012601636400000338,0.0012601636400000338,3.4276079999950859e-05
1.329,0.45288949849999999,0.45417045904999997,0.45417045904999997,0.45286798205000001,0.0012809605499999877,0.0012809605499999877,2.1516449999980924e-05
1.3300000000000001,0.45521110006999999,0.45651298884000002,0.45651298884000002,0.45520244576000002,0.001301888770000037,0.001301888770000037,8.6543099999669693e-06
1.331,0.45753599785999999,0.45885894574000002,0.45885894574000002,0.45754030777999999,0.001322947880000036,0.001322947880000036,4.3099200000007443e-06
1.3320000000000001,0.45986417138000002,0.46120830885000003,0.46120830885000003,0.45988154705000001,0.0013441374700000064,0.0013441374700000064,1.7375669999986076e-05
1.333,0.46219560002999999,0.46356105734000003,0.46356105734000003,0.46222614264,0.00136545731000004,0.00136545731000004,3.0542610000017234e-05
1.3340000000000001,0.46453026339999998,0.46591717026000001,0.46591717026000001,0.46457407356000002,0.0013869068600000367,0.0013869068600000367,4.3810160000046228e-05
1.335,0.46686814098000001,0.46827662673999998,0.46827662673999998,0.46692531875999999,0.0014084857599999667,0.0014084857599999667,5.7177779999972866e-05
1.3360000000000001,0.46920921224000001,0.47063940593999998,0.47063940593999998,0.46927985730999999,0.0014301936999999709,0.0014301936999999709,7.0645069999986099e-05
1.337,0.47155345675999999,0.47300548687999999,0.47300548687999999,0.47163766828999998,0.001452030120000003,0.001452030120000003,8.4211529999989043e-05
1.3380000000000001,0.47390085405999999,0.47537484880000003,0.47537484880000003,0.47399873065999998,0.0014739947400000397,0.0014739947400000397,9.7876599999990876e-05
1.339,0.47625138368999997,0.47774747080000002,0.47774747080000002,0.47636302351999998,0.0014960871100000439,0.0014960871100000439,0.00011163983000000988
1.3400000000000001,0.47860502518999998,0.48012333207000002,0.48012333207000002,0.47873052592999998,0.0015183068800000421,0.0015183068800000421,0.00012550074000000633
1.341,0.48096175815999997,0.48250241171000002,0.48250241171000002,0.48110121695000002,0.0015406535500000484,0.0015406535500000484,0.00013945879000004657
1.3420000000000001,0.48332156211999999,0.48488468892999997,0.48488468892999997,0.48347507558000002,0.0015631268099999818,0.0015631268099999818,0.00015351346000003208
1.343,0.48568441670000001,0.48727014291999998,0.48727014291999998,0.48585208092999999,0.0015857262199999722,0.0015857262199999722,0.00016766422999997532
1.3440000000000001,0.48805030146,0.48965875279999999,0.48965875279999999,0.48823221212000001,0.0016084513399999834,0.0016084513399999834,0.00018191066000000644
1.345,0.49041919603,0.49205049781999999,0.49205049781999999,0.49061544822000003,0.0016313017899999838,0.0016313017899999838,0.00019625219000002359
1.3460000000000001,0.49279108000999999,0.49444535714999999,0.49444535714999999,0.49300176823000003,0.0016542771399999934,0.0016542771399999934,0.00021068822000003262
1.347,0.49516593293,0.49684330999999998,0.49684330999999998,0.49539115135,0.0016773770699999857,0.0016773770699999857,0.00022521842000000625
1.3480000000000001,0.49754373453,0.49924433557999998,0.49924433557999998,0.49778357663,0.0017006010499999724,0.0017006010499999724,0.00023984209999999839
1.349,0.49992446436999999,0.50164841311999997,0.50164841311999997,0.50017902320999996,0.0017239487499999817,0.0017239487499999817,0.00025455883999997431
1.3500000000000001,0.50230810211999999,0.50405552183000002,0.50405552183000002,0.50257747014999998,0.001747419710000031,0.001747419710000031,0.00026936802999999454
1.351,0.50469462743000004,0.50646564091000001,0.50646564091000001,0.50497889661999995,0.0017710134799999722,0.0017710134799999722,0.00028426918999990836
1.3520000000000001,0.50708401994999996,0.50887874964000002,0.50887874964000002,0.50738328166000002,0.001794729690000052,0.001794729690000052,0.00029926171000005386
1.353,0.50947625923999995,0.51129482725999997,0.51129482725999997,0.50979060447000002,0.001818568020000022,0.001818568020000022,0.0003143452300000682
1.3540000000000001,0.5118713251,0.51371385299000005,0.51371385299000005,0.51220084415,0.0018425278900000563,0.0018425278900000563,0.00032951905000000448
1.355,0.51426919713999997,0.51613580613999999,0.51613580613999999,0.51461397987000002,0.0018666090000000191,0.0018666090000000191,0.00034478273000004833
1.3560000000000001,0.51666985503999996,0.51856066588000005,0.51856066588000005,0.51702999068,0.00189081084000009,0.00189081084000009,0.00036013564000003662
1.357,0.51907327848999996,0.52098841155999998,0.52098841155999998,0.51944885578,0.0019151330700000191,0.0019151330700000191,0.00037557729000003981
1.3580000000000001,0.52147944718999995,0.52341902242000005,0.52341902242000005,0.52187055432999996,0.0019395752300001012,0.0019395752300001012,0.00039110714000001323
1.359,0.52388834081000002,0.52585247774999999,0.52585247774999999,0.52429506542000004,0.001964136939999972,0.001964136939999972,0.00040672461000001991
1.3600000000000001,0.52629993907999995,0.52828875679999998,0.52828875679999998,0.52672236824999996,0.0019888177200000356,0.0019888177200000356,0.00042242917000001601
1.361,0.52871422163000004,0.53072783889999997,0.53072783889999997,0.52915244197,0.0020136172699999344,0.0020136172699999344,0.00043822033999996179
1.3620000000000001,0.53113116825999995,0.53316970333000002,0.53316970333000002,0.53158526572999998,0.0020385350700000693,0.0020385350700000693,0.00045409747000002554
1.363,0.53355075865000001,0.53561432935999997,0.53561432935999997,0.53402081870999996,0.0020635707099999623,0.0020635707099999623,0.00047006005999994382
1.3640000000000001,0.53597297255999998,0.53806169633000001,0.53806169633000001,0.53645908003999998,0.0020887237700000227,0.0020887237700000227,0.00048610747999999759
1.365,0.53839778957999995,0.54051178352999996,0.54051178352999996,0.53890002887999999,0.0021139939500000038,0.0021139939500000038,0.00050223930000004025
1.3660000000000001,0.54082518961000003,0.54296457029,0.54296457029,0.54134364445000005,0.0021393806799999693,0.0021393806799999693,0.00051845484000001552
1.367,0.54325515226999999,0.54542003588999999,0.54542003588999999,0.54378990588999998,0.0021648836200000021,0.0021648836200000021,0.00053475361999999471
1.3680000000000001,0.54568765736000002,0.54787815968999998,0.54787815968999998,0.54623879238999995,0.0021905023299999549,0.0021905023299999549,0.00055113502999992736
1.369,0.54812268453000002,0.55033892099000004,0.55033892099000004,0.54869028309000001,0.0022162364600000206,0.0022162364600000206,0.00056759855999999331
1.3700000000000001,0.55056021360999996,0.55280229913000001,0.55280229913000001,0.55114435719999999,0.0022420855200000478,0.0022420855200000478,0.00058414359000003024
1.371,0.55300022431999996,0.55526827343999996,0.55526827343999996,0.55360099389999995,0.0022680491200000041,0.0022680491200000041,0.00060076957999999347
1.3720000000000001,0.55544269638999999,0.55773682323999996,0.55773682323999996,0.55606017234000005,0.0022941268499999667,0.0022941268499999667,0.00061747595000005706
1.373,0.55788760959999995,0.56020792787999996,0.56020792787999996,0.55852187178000001,0.0023203182800000111,0.0023203182800000111,0.00063426218000006696
1.3740000000000001,0.56033494361000002,0.56268156670000002,0.56268156670000002,0.56098607121999999,0.0023466230899999996,0.0023466230899999996,0.00065112760999996855
1.375,0.56278467829000001,0.56515771909000001,0.56515771909000001,0.56345275001999995,0.0023730408000000036,0.0023730408000000036,0.00066807172999994169
1.3759999999999999,0.56523679334999999,0.56763636425999997,0.56763636425999997,0.56592188728000004,0.0023995709099999818,0.0023995709099999818,0.00068509393000004692
1.377,0.56769126849999996,0.57011748165999998,0.57011748165999998,0.56839346218999998,0.0024262131600000236,0.0024262131600000236,0.00070219369000001919
1.3779999999999999,0.57014808358000002,0.57260105064,0.57260105064,0.57086745396000005,0.0024529670599999776,0.0024529670599999776,0.0007193703800000284
1.379,0.57260721828000005,0.57508705053999998,0.57508705053999998,0.57334384169999997,0.0024798322599999256,0.0024798322599999256,0.00073662341999991554
1.3799999999999999,0.57506865234000004,0.57757546068999999,0.57757546068999999,0.57582260465000001,0.002506808349999945,0.002506808349999945,0.00075395230999997231
1.381,0.57753236558999999,0.58006626045999998,0.58006626045999998,0.57830372197000002,0.0025338948699999975,0.0025338948699999975,0.00077135638000003226
1.3819999999999999,0.57999833770999998,0.58255942921000003,0.58255942921000003,0.58078717282000003,0.0025610915000000567,0.0025610915000000567,0.00078883511000005235
1.383,0.58246654851000002,0.58505494625999999,0.58505494625999999,0.5832729364,0.0025883977499999711,0.0025883977499999711,0.00080638788999998212
1.3839999999999999,0.58493697770999997,0.58755279101000002,0.58755279101000002,0.58576099181999997,0.0026158133000000472,0.0026158133000000472,0.00082401410999999314
1.385,0.58740960509999995,0.59005294279999998,0.59005294279999998,0.58825131829999999,0.0026433377000000258,0.0026433377000000258,0.00084171320000003824
1.3859999999999999,0.58988441036000006,0.59255538096000004,0.59255538096000004,0.59074389505000002,0.0026709705999999889,0.0026709705999999889,0.00085948468999996752
1.387,0.59236137334000005,0.59506008489999995,0.59506008489999995,0.59323870106999999,0.0026987115599999001,0.0026987115599999001,0.00087732772999993269
1.3879999999999999,0.59484047366000004,0.59756703390999999,0.59756703390999999,0.59573571568000006,0.0027265602499999542,0.0027265602499999542,0.00089524202000001996
1.389,0.59732169114,0.60007620739,0.60007620739,0.59823491796999995,0.0027545162500000053,0.0027545162500000053,0.00091322682999994687
1.3899999999999999,0.59980500551000004,0.60258758467999995,0.60258758467999995,0.60073628709000004,0.0027825791699999103,0.0027825791699999103,0.0009312815799999985
1.391,0.60229039654000005,0.60510114514000002,0.60510114514000002,0.60323980221999995,0.0028107485999999682,0.0028107485999999682,0.000949405679999904
1.3919999999999999,0.60477784381999999,0.60761686809000004,0.60761686809000004,0.60574544243999995,0.0028390242700000456,0.0028390242700000456,0.00096759861999995422
1.393,0.60726732728999999,0.61013473291999998,0.61013473291999998,0.60825318691999997,0.0028674056299999862,0.0028674056299999862,0.00098585962999997445
1.3939999999999999,0.60975882643000001,0.61265471895000001,0.61265471895000001,0.61076301477999995,0.0028958925199999985,0.0028958925199999985,0.0010041883499999349
1.395,0.61225232115999995,0.61517680554999998,0.61517680554999998,0.61327490519000005,0.0029244843900000372,0.0029244843900000372,0.0010225840300001066
1.3959999999999999,0.61474779106999999,0.61770097195999996,0.61770097195999996,0.61578883714999999,0.0029531808899999623,0.0029531808899999623,0.0010410460799999965
1.397,0.61724521591000003,0.62022719763,0.62022719763,0.61830478989000004,0.002981981719999971,0.002981981719999971,0.0010595739800000059
1.3979999999999999,0.61974457540000005,0.62275546185999997,0.62275546185999997,0.62082274243000002,0.0030108864599999174,0.0030108864599999174,0.0010781670299999657
1.399,0.62224584914000003,0.62528574396000003,0.62528574396000003,0.62334267390999998,0.0030398948199999998,0.0030398948199999998,0.0010968247699999489
1.3999999999999999,0.62474901692999996,0.62781802324000002,0.62781802324000002,0.62586456343999997,0.0030690063100000664,0.0030690063100000664,0.0011155465100000095
1.401,0.62725405829000003,0.63035227904000002,0.63035227904000002,0.62838839000000002,0.0030982207499999914,0.0030982207499999914,0.0011343317099999917
1.4019999999999999,0.62976095303000001,0.63288849066999997,0.63288849066999997,0.63091413271999996,0.0031275376399999555,0.0031275376399999555,0.0011531796899999502
1.403,0.63226968076000001,0.63542663744000005,0.63542663744000005,0.63344177067999996,0.0031569566800000448,0.0031569566800000448,0.0011720899199999524
1.4039999999999999,0.63478022109999999,0.63796669864,0.63796669864,0.63597128294000005,0.00318647754000001,0.00318647754000001,0.0011910618400000628
1.405,0.63729255372000004,0.64050865357999998,0.64050865357999998,0.63850264845000004,0.0032160998599999324,0.0032160998599999324,0.0012100947299999998
1.4059999999999999,0.63980665820000004,0.64305248155000005,0.64305248155000005,0.64103584632999999,0.00324582335000001,0.00324582335000001,0.0012291881299999474
1.407,0.64232251420999997,0.64559816179999996,0.64559816179999996,0.64357085559000005,0.003275647589999986,0.003275647589999986,0.0012483413800000731
1.4079999999999999,0.64484010134000003,0.64814567363999998,0.64814567363999998,0.64610765519000002,0.0033055722999999482,0.0033055722999999482,0.0012675538499999917
1.409,0.64735939906999995,0.65069499633000005,0.65069499633000005,0.64864622415999995,0.0033355972600001005,0.0033355972600001005,0.0012868250899999989
1.4099999999999999,0.64988038716999996,0.65324610913000003,0.65324610913000003,0.65118654146999999,0.0033657219600000676,0.0033657219600000676,0.0013061543000000286
1.411,0.65240304507000002,0.65579899127999997,0.65579899127999997,0.65372858611999995,0.0033959462099999449,0.0033959462099999449,0.0013255410499999343
1.4119999999999999,0.65492735237999999,0.65835362204000003,0.65835362204000003,0.65627233704999999,0.0034262696600000364,0.0034262696600000364,0.0013449846699999934
1.413,0.65745328861999996,0.66090998063999995,0.66090998063999995,0.65881777317000001,0.0034566920199999851,0.0034566920199999851,0.0013644845500000446
1.4139999999999999,0.65998083333000002,0.66346804631,0.66346804631,0.66136487346999995,0.0034872129799999874,0.0034872129799999874,0.0013840401399999314
1.415,0.66250996601000001,0.66602779823000002,0.66602779823000002,0.66391361683000005,0.0035178322200000167,0.0035178322200000167,0.0014036508200000464
1.4159999999999999,0.66504066609000001,0.66858921563999996,0.66858921563999996,0.66646398220000003,0.0035485495499999464,0.0035485495499999464,0.0014233161100000169
1.417,0.66757291312,0.67115227771999997,0.67115227771999997,0.66901594837,0.0035793645999999679,0.0035793645999999679,0.0014430352500000021
1.4179999999999999,0.67010668655000005,0.67371696365,0.67371696365,0.67156949429000001,0.0036102770999999478,0.0036102770999999478,0.0014628077399999606
1.419,0.67264196583000002,0.67628325262,0.67628325262,0.67412459879999997,0.0036412867899999757,0.0036412867899999757,0.001482632969999953
1.4199999999999999,0.67517873036999998,0.67885112377000001,0.67885112377000001,0.67668124069000002,0.0036723934000000291,0.0036723934000000291,0.0015025103200000389
1.421,0.67771695941999999,0.68142055624999998,0.68142055624999998,0.67923939883999995,0.0037035968299999888,0.0037035968299999888,0.0015224394199999658
1.4219999999999999,0.68025663262000002,0.68399152918999995,0.68399152918999995,0.68179905200000002,0.0037348965699999237,0.0037348965699999237,0.001542419379999993
1.423,0.68279772915000003,0.68656402174999998,0.68656402174999998,0.68436017898000001,0.003766292599999943,0.003766292599999943,0.0015624498299999789
1.4239999999999999,0.68534022843999998,0.68913801292999999,0.68913801292999999,0.68692275850999995,0.0037977844900000113,0.0037977844900000113,0.0015825300699999767
1.425,0.68788410974000003,0.69171348195000004,0.69171348195000004,0.68948676941999998,0.0038293722100000149,0.0038293722100000149,0.0016026596799999515
1.4259999999999999,0.69042935242000003,0.69429040778999995,0.69429040778999995,0.69205219026999998,0.0038610553699999217,0.0038610553699999217,0.0016228378499999474
1.427,0.69297593571000005,0.69686876955999999,0.69686876955999999,0.69461899988999998,0.0038928338499999438,0.0038928338499999438,0.0016430641799999313
1.4279999999999999,0.69552383888000002,0.69944854629999997,0.69944854629999997,0.69718717692999999,0.003924707419999951,0.003924707419999951,0.0016633380499999628
1.429,0.69807304113000002,0.70202971703999995,0.70202971703999995,0.69975669997000001,0.0039566759099999294,0.0039566759099999294,0.0016836588399999908
1.4299999999999999,0.70062352166999997,0.70461226080999995,0.70461226080999995,0.70232754774999995,0.003988739139999975,0.003988739139999975,0.0017040260799999762
1.431,0.70317525969000005,0.70719615654000001,0.70719615654000001,0.70489969883000003,0.0040208968499999553,0.0040208968499999553,0.0017244391399999781
1.4319999999999999,0.70572823432999998,0.70978138325999995,0.70978138325999995,0.70747313181000004,0.0040531489299999723,0.0040531489299999723,0.0017448974800000627
1.4330000000000001,0.70828242470000002,0.71236791993000004,0.71236791993000004,0.71004782517999998,0.0040854952300000136,0.0040854952300000136,0.0017654004799999568
1.4339999999999999,0.71083780986,0.71495574548999996,0.71495574548999996,0.71262375756999996,0.0041179356299999581,0.0041179356299999581,0.0017859477099999577
1.4350000000000001,0.71339436891999997,0.71754483883999998,0.71754483883999998,0.71520090744999998,0.0041504699200000106,0.0041504699200000106,0.0018065385300000125
1.4359999999999999,0.71595208090999995,0.72013517891000001,0.72013517891000001,0.71777925329000003,0.0041830980000000517,0.0041830980000000517,0.001827172380000075
1.4370000000000001,0.71851092476,0.72272674454999997,0.72272674454999997,0.72035877350999999,0.0042158197899999639,0.0042158197899999639,0.0018478487499999918
1.4379999999999999,0.72107087954000004,0.72531951467,0.72531951467,0.72293944659999998,0.0042486351299999559,0.0042486351299999559,0.0018685670599999371
1.4390000000000001,0.72363192413999999,0.72791346803000001,0.72791346803000001,0.72552125093999997,0.0042815438900000169,0.0042815438900000169,0.0018893267999999797
1.4399999999999999,0.72619403744,0.73050858351000003,0.73050858351000003,0.72810416481999995,0.004314546070000036,0.004314546070000036,0.0019101273799999596
1.4410000000000001,0.72875719829999996,0.73310483988999997,0.73310483988999997,0.73068816667000003,0.0043476415900000065,0.0043476415900000065,0.0019309683700000635
1.4419999999999999,0.73132138563000004,0.73570221593999996,0.73570221593999996,0.73327323477999995,0.0043808303099999168,0.0043808303099999168,0.0019518491499999069
1.4430000000000001,0.73388657815000002,0.73830069042000002,0.73830069042000002,0.73585934740000003,0.0044141122699999924,0.0044141122699999924,0.001972769250000006
1.444,0.73645275466000004,0.74090024204000005,0.74090024204000005,0.73844648274000002,0.0044474873800000037,0.0044474873800000037,0.001993728079999979
1.4450000000000001,0.73901989386,0.74350084946999995,0.74350084946999995,0.74103461907000001,0.0044809556099999481,0.0044809556099999481,0.0020147252100000124
1.446,0.74158797449000002,0.74610249143999996,0.74610249143999996,0.74362373453999997,0.004514516949999936,0.004514516949999936,0.0020357600499999462
1.4470000000000001,0.74415697510000001,0.74870514656999998,0.74870514656999998,0.74621380726999997,0.0045481714699999731,0.0045481714699999731,0.002056832169999967
1.448,0.74672687431999996,0.75130879349000002,0.75130879349000002,0.74880481535999999,0.0045819191700000594,0.0045819191700000594,0.0020779410400000309
1.4490000000000001,0.74929765082999999,0.75391341075999996,0.75391341075999996,0.75139673689999997,0.004615759929999963,0.004615759929999963,0.002099086069999978
1.45,0.75186928298,0.75651897699000004,0.75651897699000004,0.75398954989,0.0046496940100000383,0.0046496940100000383,0.0021202669100000016
1.4510000000000001,0.75444174927999996,0.75912547067000002,0.75912547067000002,0.75658323235000002,0.0046837213900000618,0.0046837213900000618,0.0021414830700000609
1.452,0.75701502822,0.76173287035000004,0.76173287035000004,0.75917776227,0.0047178421300000384,0.0047178421300000384,0.0021627340500000036
1.4530000000000001,0.75958909823999998,0.76434115450999995,0.76434115450999995,0.76177311742999998,0.0047520562699999713,0.0047520562699999713,0.0021840191899999972
1.454,0.76216393751,0.76695030154999999,0.76695030154999999,0.76436927581000003,0.0047863640399999907,0.0047863640399999907,0.002205338300000026
1.4550000000000001,0.76473952443000004,0.76956028994000003,0.76956028994000003,0.76696621521999997,0.0048207655099999913,0.0048207655099999913,0.00222669078999993
1.456,0.76731583719999996,0.77217109803999995,0.77217109803999995,0.76956391340999997,0.0048552608399999864,0.0048552608399999864,0.0022480762100000051
1.4570000000000001,0.76989285405999996,0.77478270420999995,0.77478270420999995,0.77216234819999996,0.0048898501499999858,0.0048898501499999858,0.0022694941399999946
1.458,0.77247055312000001,0.77739508678000002,0.77739508678000002,0.77476149718999998,0.0049245336600000078,0.0049245336600000078,0.0022909440699999672
1.4590000000000001,0.77504891246999996,0.78000822400000003,0.78000822400000003,0.77736133810999997,0.0049593115300000656,0.0049593115300000656,0.0023124256400000043
1.46,0.77762791011999999,0.78262209414999995,0.78262209414999995,0.77996184856999995,0.0049941840299999596,0.0049941840299999596,0.0023339384499999616
1.4610000000000001,0.78020752408000005,0.78523667545999998,0.78523667545999998,0.78256300610999996,0.0050291513799999299,0.0050291513799999299,0.0023554820299999113
1.462,0.78278773228999998,0.78785194606999998,0.78785194606999998,0.78516478821000002,0.0050642137799999931,0.0050642137799999931,0.0023770559200000374
1.4630000000000001,0.78536851259999996,0.79046788417000002,0.79046788417000002,0.78776717240000005,0.0050993715700000664,0.0050993715700000664,0.0023986598000000914
1.464,0.78794984274000002,0.79308446783999997,0.79308446783999997,0.79037013603999995,0.0051346250999999565,0.0051346250999999565,0.0024202932999999316
1.4650000000000001,0.79053170057,0.79570167516000001,0.79570167516000001,0.79297365653999996,0.0051699745900000149,0.0051699745900000149,0.0024419559699999649
1.466,0.79311406376000004,0.79831948416999998,0.79831948416999998,0.79557771119999998,0.005205420409999939,0.005205420409999939,0.0024636474399999386
1.4670000000000001,0.79569690989999997,0.80093787281999995,0.80093787281999995,0.79818227726000002,0.0052409629199999808,0.0052409629199999808,0.0024853673600000459
1.468,0.79828021658000003,0.80355681911999999,0.80355681911999999,0.80078733195999996,0.0052766025399999528,0.0052766025399999528,0.0025071153799999246
1.4690000000000001,0.80086396121000003,0.80617630094000003,0.80617630094000003,0.80339285248000003,0.0053123397300000041,0.0053123397300000041,0.0025288912699999999
1.47,0.80344812136999999,0.80879629618000004,0.80879629618000004,0.80599881576999999,0.0053481748100000503,0.0053481748100000503,0.0025506943999999976
1.4710000000000001,0.80603267433000003,0.81141678265999995,0.81141678265999995,0.80860519903000005,0.0053841083299999148,0.0053841083299999148,0.0025725247000000229
1.472,0.80861759743999995,0.81403773813000002,0.81403773813000002,0.81121197916999999,0.0054201406900000748,0.0054201406900000748,0.0025943817300000394
1.4730000000000001,0.81120286787999996,0.81665914036999998,0.81665914036999998,0.81381913318999999,0.0054562724900000248,0.0054562724900000248,0.0026162653100000322
1.474,0.81378846280999995,0.81928096706999998,0.81928096706999998,0.81642663774000002,0.0054925042600000307,0.0054925042600000307,0.0026381749300000701
1.4750000000000001,0.81637435938000003,0.82190319586000005,0.82190319586000005,0.81903446985999995,0.0055288364800000211,0.0055288364800000211,0.002660110479999922
1.476,0.81896053448999995,0.82452580437,0.82452580437,0.82164260623999996,0.0055652698800000566,0.0055652698800000566,0.0026820717500000146
1.4770000000000001,0.82154696521000004,0.82714877017999999,0.82714877017999999,0.8242510234,0.0056018049699999573,0.0056018049699999573,0.0027040581899999694
1.478,0.82413362825000003,0.82977207070000003,0.82977207070000003,0.82685969808000004,0.005638442450000003,0.005638442450000003,0.0027260698300000108
1.4790000000000001,0.82672050046000001,0.83239568351000004,0.83239568351000004,0.82946860684000001,0.0056751830500000322,0.0056751830500000322,0.0027481063800000038
1.48,0.82930755855000005,0.83501958594000003,0.83501958594000003,0.83207772609999997,0.0057120273899999852,0.0057120273899999852,0.0027701675499999245
1.4810000000000001,0.83189477911999998,0.83764375541000002,0.83764375541000002,0.83468703227999996,0.0057489762900000407,0.0057489762900000407,0.00279225315999998
1.482,0.83448213869999999,0.84026816917000002,0.84026816917000002,0.83729650168000003,0.0057860304700000365,0.0057860304700000365,0.0028143629800000403
1.4830000000000001,0.83706961375,0.84289280454000004,0.84289280454000004,0.83990611066999998,0.0058231907900000435,0.0058231907900000435,0.0028364969199999868
1.484,0.83965718065999995,0.84551763868999996,0.84551763868999996,0.84251583534999996,0.0058604580300000153,0.0058604580300000153,0.0028586546900000176
1.4850000000000001,0.84224481560999997,0.84814264875000001,0.84814264875000001,0.84512565177999999,0.0058978331400000306,0.0058978331400000306,0.0028808361700000118
1.486,0.84483249488000001,0.85076781186999995,0.85076781186999995,0.84773553616999997,0.0059353169899999392,0.0059353169899999392,0.0029030412899999636
1.4870000000000001,0.84742019450999995,0.85339310505999999,0.85339310505999999,0.85034546435000002,0.0059729105500000435,0.0059729105500000435,0.0029252698400000776
1.488,0.85000789056000003,0.85601850533000001,0.85601850533000001,0.85295541235000005,0.0060106147699999779,0.0060106147699999779,0.0029475217900000183
1.4890000000000001,0.85259555883000004,0.85864398952999998,0.85864398952999998,0.85556535576000003,0.0060484306999999404,0.0060484306999999404,0.0029697969299999905
1.49,0.85518317521999998,0.86126953466,0.86126953466,0.85817527049999998,0.006086359440000022,0.006086359440000022,0.0029920952799999956
1.4910000000000001,0.85777071540000005,0.86389511739000002,0.86389511739000002,0.86078513215999997,0.0061244019899999724,0.0061244019899999724,0.0030144167599999161
1.492,0.86035815500000001,0.86652071457000002,0.86652071457000002,0.86339491626999998,0.0061625595700000035,0.0061625595700000035,0.0030367612699999658
1.4930000000000001,0.86294546952999995,0.86914630285000005,0.86914630285000005,0.86600459835999999,0.0062008333200000987,0.0062008333200000987,0.0030591288300000352
1.494,0.86553263439000006,0.87177185886999997,0.87177185886999997,0.86861415380999996,0.0062392244799999164,0.0062392244799999164,0.0030815194199999008
1.4950000000000001,0.86811962484000005,0.87439735917000005,0.87439735917000005,0.87122355783000005,0.0062777343300000066,0.0062777343300000066,0.0031039329900000023
1.496,0.87070641617,0.87702278030000003,0.87702278030000003,0.87383278573000001,0.0063163641300000295,0.0063163641300000295,0.0031263695600000085
1.4970000000000001,0.87329298332000005,0.87964809862000004,0.87964809862000004,0.87644181259999998,0.0063551152999999916,0.0063551152999999916,0.0031488292799999318
1.498,0.87587930140000003,0.88227329057000003,0.88227329057000003,0.87905061349000002,0.0063939891700000029,0.0063939891700000029,0.0031713120899999891
1.4990000000000001,0.87846534511999996,0.88489833243000005,0.88489833243000005,0.88165916330000005,0.0064329873100000823,0.0064329873100000823,0.0031938181800000853
1.5,0.88105108942999999,0.88752320040999999,0.88752320040999999,0.88426743686999998,0.006472110980000001,0.006472110980000001,0.0032163474399999892
1.5009999999999999,0.88363650869999999,0.89014787068000001,0.89014787068000001,0.88687540894000005,0.0065113619800000189,0.0065113619800000189,0.0032389002400000644
1.502,0.88622157763999998,0.89277231938000001,0.8897615512,0.88813355582999998,0.0065507417400000323,0.0035399735600000204,0.0019119781899999966
1.5029999999999999,0.88880627050000005,0.89539652250000001,0.89237015465000002,0.89070362997999997,0.0065902519999999631,0.003563884149999974,0.0018973594799999161
1.504,0.89139056161999997,0.89802045597000002,0.89497838539999996,0.89327332756,0.006629894350000054,0.003587823779999999,0.0018827659400000307
1.5049999999999999,0.89397442513000003,0.90064409572000004,0.89758621787000004,0.89584262413000004,0.0066696705900000097,0.0036117927400000083,0.0018681990000000148
1.506,0.89655783499999997,0.90326741752999995,0.90019362626999999,0.89841149497999995,0.0067095825299999801,0.0036357912700000217,0.0018536599799999776
1.5069999999999999,0.89914076506999996,0.90589039711999997,0.90280058478000003,0.90097991538,0.0067496320500000095,0.0036598197100000673,0.0018391503100000373
1.508,0.90172318917000005,0.90851301015999997,0.90540706742999999,0.90354786043000002,0.0067898209899999173,0.0036838782599999398,0.0018246712599999659
1.5089999999999999,0.90430508082000005,0.91113523221000003,0.90801304811000005,0.90611530513000005,0.0068301513899999833,0.0037079672900000027,0.0018102243099999971
1.51,0.90688641353999999,0.91375703879000003,0.91061850066000005,0.90868222424,0.0068706252500000398,0.0037320871200000605,0.0017958107000000112
1.5109999999999999,0.90946716066,0.91637840531000003,0.91322339875000003,0.91124859258000002,0.0069112446500000368,0.0037562380900000303,0.0017814319200000206
1.512,0.91204729530999995,0.91899930708999999,0.91582771598000001,0.91381438477999999,0.0069520117800000447,0.003780420670000062,0.0017670894700000384
1.5129999999999999,0.91462679056999996,0.92161971938999998,0.91843142577000003,0.91637957525000002,0.0069929288200000217,0.0038046352000000727,0.0017527846800000635
1.514,0.91720561938,0.92423961745000005,0.92103450151999999,0.91894413828999999,0.0070339980700000471,0.0038288821399999895,0.0017385189099999865
1.5149999999999999,0.91978375433000004,0.92685897620000002,0.92363691628,0.92150804820999999,0.0070752218699999814,0.0038531619499999614,0.0017242938799999497
1.516,0.92236116815000002,0.92947777080000005,0.92623864327000005,0.92407127895999996,0.0071166026500000257,0.003877475120000029,0.0017101108099999429
1.5169999999999999,0.92493783325000001,0.93209597608999994,0.92883965540000002,0.92663380455,0.0071581428399999369,0.0039018221500000116,0.0016959712999999876
1.518,0.92751372185000003,0.93471356691999996,0.93143992550999999,0.92919559870000001,0.0071998450699999328,0.0039262036599999606,0.0016818768499999859
1.5189999999999999,0.93008880614,0.93733051806000001,0.93403942618000002,0.93175663508999995,0.0072417119200000046,0.0039506200400000191,0.0016678289499999499
1.52,0.93266305797000004,0.93994680409999998,0.93663813005999996,0.93431688718000006,0.0072837461299999351,0.0039750720899999203,0.0016538292100000129
1.5209999999999999,0.93523644920000004,0.94256239955999999,0.93923600951999997,0.93687632833000001,0.0073259503599999443,0.0039995603199999286,0.001639879129999966
1.522,0.93780895148999999,0.94517727902000004,0.94183303682999997,0.93943493173000003,0.0073683275300000517,0.0040240853399999832,0.0016259802400000467
1.5229999999999999,0.94038053617999995,0.94779141682000001,0.94442918411999999,0.94199267036000001,0.0074108806400000615,0.0040486479400000386,0.0016121341800000577
1.524,0.94295117448999999,0.95040478715999999,0.94702442335000003,0.94454951716000002,0.0074536126699999983,0.0040732488600000449,0.0015983426700000303
1.5249999999999999,0.94552083766999995,0.95301736428999995,0.94961872634,0.94710544483000003,0.0074965266199999991,0.0040978886700000494,0.0015846071600000844
1.526,0.94808949654999997,0.95562912230999997,0.95221206474999998,0.94966042598,0.0075396257600000016,0.0041225682000000097,0.0015709294300000343
1.5269999999999999,0.95065712181999995,0.95824003514,0.95480441013999995,0.95221443287999996,0.0075829133200000509,0.0041472883199999977,0.0015573110600000106
1.528,0.95322368406000002,0.96085007669,0.95739573386999999,0.95476743782999995,0.0076263926299999785,0.004172049809999967,0.0015437537699999337
1.5289999999999999,0.95578915360000005,0.96345922077000001,0.95998600714000004,0.9573194129,0.0076700671699999612,0.0041968535399999896,0.0015302592999999476
1.53,0.95835350058000002,0.96606744104999998,0.96257520094000004,0.95987032999999999,0.0077139404699999581,0.0042217003600000247,0.0015168294199999766
1.5309999999999999,0.96091669488999998,0.96867471101000002,0.96516328620000003,0.96242016079000003,0.0077580161200000441,0.0042465913100000474,0.0015034659000000561
1.532,0.96347870635999999,0.97128100423999997,0.96775023364000001,0.96496887685999999,0.0078022978799999754,0.0042715272800000204,0.0014901704999999987
1.5329999999999999,0.96603950451999998,0.97388629406000005,0.97033601374,0.96751644948000004,0.0078467895400000653,0.0042965092200000221,0.0014769449600000595
1.534,0.96859905867999996,0.97649055372000004,0.97292059691999999,0.97006284991000002,0.0078914950400000849,0.0043215382400000335,0.0014637912300000666
1.5349999999999999,0.97115733798000003,0.97909375637999996,0.97550395325999995,0.97260804910999998,0.0079364183999999227,0.0043466152799999103,0.0014507111299999487
1.536,0.97371431127999997,0.98169587504,0.97808605288999995,0.97515201789999995,0.0079815637600000322,0.0043717416099999795,0.0014377066199999788
1.5369999999999999,0.97626994728000005,0.98429688265000004,0.98066686554000004,0.97769472688000003,0.0080269353699999879,0.0043969182599999934,0.0014247795999999813
1.538,0.97882421447000001,0.98689675200000004,0.98324636085999995,0.98023614652000002,0.0080725375300000346,0.0044221463899999369,0.0014119320500000088
1.5389999999999999,0.98137708104999999,0.98949545579999998,0.98582450831000001,0.98277624687999998,0.0081183747499999903,0.0044474272600000253,0.0013991658299999932
1.54,0.983928515,0.99209296660000001,0.98840127712000003,0.98531499813000001,0.0081644516000000111,0.0044727621200000289,0.0013864831300000047
1.5409999999999999,0.98647848413000006,0.99468925688999998,0.99097663633999999,0.98785237005000004,0.0082107727599999292,0.0044981522099999394,0.0013738859199999842
1.542,0.98902695591000001,0.99728429898000004,0.99355055477999998,0.99038833229000001,0.0082573430700000339,0.0045235988699999785,0.0013613763800000012
1.5429999999999999,0.99157389769000004,0.99987806507999999,0.99612300111999996,0.99292285418000004,0.0083041673899999502,0.0045491034299999233,0.0013489564899999973
1.544,0.99411927633999997,1.0024705273000001,0.99869394380999998,0.99545590489000002,0.0083512509600001117,0.0045746674700000156,0.0013366285500000519
1.5449999999999999,0.99666305876000005,1.0050616576,1.0012633509,0.99798745347999995,0.0083985988399999378,0.0046002921399999064,0.0013243947199998996
1.546,0.99920521146999997,1.0076514279,1.0038311905999999,1.0005174687,0.0084462164299999865,0.0046259791299999575,0.0013122572300000579
1.5469999999999999,1.0017457006999999,1.0102398098000001,1.0063974306000001,1.0030459191000001,0.0084941091000001467,0.0046517299000001788,0.0013002184000001638
1.548,1.0042844922,1.0128267748999999,1.0089620385,1.0055727727999999,0.0085422826999999035,0.0046775462999999462,0.0012882805999998581
1.5489999999999999,1.0068215520999999,1.0154122946999999,1.0115249815,1.0080979981,0.0085907426000000342,0.0047034294000001253,0.0012764460000000977
1.55,1.0093568454999999,1.0179963405000001,1.0140862266999999,1.0106215626999999,0.0086394950000001636,0.0047293811999999935,0.0012647171999999873
1.5509999999999999,1.0118903375999999,1.0205788835,1.0166457411000001,1.0131434343000001,0.0086885459000001219,0.0047554035000001438,0.001253096700000178
1.552,1.0144219934000001,1.0231598948,1.0192034911000001,1.0156635803,0.00873790139999997,0.0047814977000000258,0.0012415868999999802
1.5529999999999999,1.0169517772000001,1.0257393452000001,1.0217594431999999,1.0181819675999999,0.0087875680000000234,0.0048076659999998217,0.0012301903999998309
1.554,1.0194796534999999,1.0283172056000001,1.0243135634,1.0206985633000001,0.0088375521000001456,0.0048339099000000996,0.0012189098000001675
1.5549999999999999,1.0220055861999999,1.0308934465999999,1.0268658176000001,1.023213334,0.0088878604000000028,0.0048602314000001368,0.001207747800000103
1.556,1.0245295388,1.0334680386999999,1.0294161714000001,1.0257262459000001,0.0089384998999999521,0.004886632600000107,0.0011967071000000828
1.5569999999999999,1.0270514747999999,1.0360409522,1.0319645901000001,1.0282372652,0.0089894774000001121,0.0049131153000001593,0.0011857904000001085
1.5580000000000001,1.029571357,1.0386121574,1.0345110388000001,1.0307463578,0.0090408003999999931,0.0049396818000000398,0.0011750007999999923
1.5589999999999999,1.0320891482000001,1.0411816243000001,1.0370554821,1.0332534892,0.0090924760999999688,0.0049663338999998974,0.0011643409999999577
1.5600000000000001,1.0346048108000001,1.0437493228000001,1.0395978846,1.0357586246999999,0.0091445119999999935,0.0049930737999999142,0.0011538138999998004
1.5609999999999999,1.0371183066,1.0463152227000001,1.0421382105000001,1.0382617294000001,0.0091969161000000632,0.0050199039000000667,0.0011434228000000157
1.5620000000000001,1.0396295973,1.0488792937,1.0446764235999999,1.040762768,0.0092496963999999515,0.0050468262999998625,0.0011331706999999636
1.5629999999999999,1.0421386442,1.0514415050999999,1.0472124877,1.0432617046999999,0.0093028608999998763,0.0050738434999999527,0.0011230604999998839
1.5640000000000001,1.0446454082000001,1.0540018264,1.0497463657999999,1.0457585040999999,0.009356418199999883,0.0051009575999998447,0.0011130958999998608
1.5649999999999999,1.0471498499,1.0565602265,1.0522780212,1.0482531297,0.0094103765999999922,0.005128171299999984,0.0011032797999999122
1.5660000000000001,1.0496519294,1.0591166747,1.0548074163000001,1.0507509142,0.009464745300000077,0.0051554869000001169,0.0010989848000000357
1.5669999999999999,1.0521516065000001,1.0616711395,1.0573345135000001,1.0532411564999999,0.0095195329999999689,0.0051829070000000144,0.0010895499999998837
1.5680000000000001,1.0546488405000001,1.0642235898000001,1.0598592749,1.0557291150000001,0.0095747493000000183,0.0052104343999999081,0.0010802745000000336
1.569,1.0571435905,1.0667739941000001,1.0623816619999999,1.0582147523000001,0.0096304036000001147,0.0052380714999999967,0.0010711618000001089
1.5700000000000001,1.0596358149,1.0693223206,1.0649016361999999,1.0606980307,0.0096865056999999588,0.0052658212999998621,0.0010622157999999882
1.571,1.0621254717999999,1.0718685375000001,1.0674191584999999,1.0631789120999999,0.0097430657000001641,0.0052936866999999665,0.0010534402999999859
1.5720000000000001,1.0646125189,1.0744126128,1.0699341893000001,1.0656573583,0.0098000939000000287,0.0053216704000000892,0.0010448393999999972
1.573,1.0670969133999999,1.0769545143000001,1.072446689,1.0681333305,0.0098576009000002074,0.0053497756000000507,0.001036417100000131
1.5740000000000001,1.0695786119999999,1.0794942095,1.0749566173,1.0706067897,0.0099155975000000396,0.0053780053000000994,0.0010281777000000769
1.575,1.072057571,1.082031666,1.0774639336,1.0730776965,0.0099740950000000161,0.0054063626000000475,0.0010201254999999687
1.5760000000000001,1.0745337463,1.0845668511,1.0799685970999999,1.0755460111999999,0.01003310479999997,0.0054348507999999462,0.0010122648999999484
1.577,1.0770070932,1.0870997319,1.0824705663,1.0780116934999999,0.01009263869999999,0.0054634731000000603,0.0010046002999999359
1.5780000000000001,1.0794775667000001,1.0896302751,1.0849697995000001,1.0804747030999999,0.010152708399999932,0.0054922327999999965,0.00099713639999987613
1.579,1.0819451208999999,1.0921584476999999,1.0874662546,1.0829349991999999,0.010213326799999978,0.0055211337000000693,0.0009898782999999689
1.5800000000000001,1.0844097099000001,1.0946842160000001,1.0899598889,1.0853925404,0.010274506100000025,0.0055501789999998774,0.00098283049999992045
1.581,1.0868712869999999,1.0972075466,1.0924506594000001,1.0878472851000001,0.010336259600000064,0.005579372400000171,0.00097599810000015275
1.5820000000000001,1.0893298049,1.0997284055000001,1.0949385225999999,1.0902991914,0.010398600600000085,0.0056087176999999322,0.00096938650000000237
1.583,1.0917852159000001,1.1022467588,1.0974234346,1.0927482168,0.010461542899999898,0.0056382186999999195,0.00096300089999989957
1.5840000000000001,1.0942374718000001,1.1047625721000001,1.0999053508000001,1.0951397447,0.010525100299999979,0.0056678789999999868,0.00090227289999988969
1.585,1.0966865236000001,1.1072758112000001,1.1023842264999999,1.097581991,0.010589287599999997,0.0056977028999998236,0.00089546739999990521
1.5860000000000001,1.0991323219,1.1097864413,1.1048600163,1.1000212178,0.010654119400000051,0.005727694399999983,0.0008888958999999641
1.587,1.1015748166999999,1.1122944277,1.1073326742,1.1024573807,0.010719611000000073,0.0057578575000001297,0.00088256400000008561
1.5880000000000001,1.1040139572000001,1.1147997353000001,1.109802154,1.1048904353,0.010785778100000032,0.0057881967999999784,0.00087647809999991111
1.589,1.1064496922,1.1173023289999999,1.1122684086000001,1.1073203362999999,0.010852636799999926,0.0058187164000000902,0.00087064409999992876
1.5900000000000001,1.1088819698000001,1.1198021733000001,1.1147313907,1.1097470384000001,0.010920203500000003,0.0058494208999999575,0.00086506860000001851
1.591,1.1113107374,1.1222992326000001,1.1171910521999999,1.1121704956,0.010988495200000115,0.0058803147999999528,0.00085975820000006031
1.5920000000000001,1.1137359415999999,1.124793471,1.1196473445999999,1.1145906613000001,0.011057529400000154,0.0059114030000000373,0.00085471970000017272
1.593,1.1161575286000001,1.1272848524000001,1.1221002187,1.1170074887999999,0.011127323800000033,0.0059426900999999255,0.00084996019999983297
1.5940000000000001,1.1185754438,1.1297733406999999,1.1245496249,1.1194209304,0.011197896899999948,0.0059741811000000311,0.00084548660000005604
1.595,1.1209896316000001,1.1322588993,1.1269955127,1.1218309384,0.011269267699999919,0.006005881099999888,0.00084130679999994129
1.5960000000000001,1.1234000359,1.1347414914,1.1294378312,1.1242374642999999,0.011341455499999986,0.0060377952999999263,0.00083742839999989549
1.597,1.1258066,1.1372210801,1.1318765287000001,1.1266404592000001,0.011414480100000013,0.0060699287000001156,0.00083385920000011993
1.5980000000000001,1.1282092659,1.139697628,1.1343115529000001,1.1290398735,0.011488362099999927,0.0061022870000000395,0.00083060759999997735
1.599,1.1306079754,1.1421710977999999,1.1367428506999999,1.1314356570999999,0.011563122399999903,0.0061348752999998979,0.00082768169999991592
1.6000000000000001,1.1330026690999999,1.1446414517000001,1.1391703685000001,1.1338277594999999,0.011638782600000175,0.0061676994000001706,0.00082509040000000589
1.601,1.1353932868000001,1.1471086518,1.1415940521000001,1.1362161293999999,0.011715364999999922,0.0062007653000000218,0.00082284259999987341
1.6020000000000001,1.1377797676000001,1.1495726598,1.1440138463,1.1386007149999999,0.011792892199999905,0.0062340786999999231,0.00082094739999982735
1.603,1.1401620493,1.1520334374000001,1.1464296951999999,1.1409814638,0.011871388100000102,0.0062676458999999518,0.00081941450000000415
1.6040000000000001,1.1425400694000001,1.1544909459999999,1.1488415424,1.1433583228999999,0.011950876599999827,0.0063014729999999464,0.00081825349999986585
1.605,1.1449137637,1.1569451465,1.1512493304,1.1457312387,0.012031382800000046,0.0063355667000000171,0.00081747500000006745
1.6060000000000001,1.1472830677999999,1.1593959999000001,1.1536530011999999,1.1481032826999999,0.012112932100000195,0.0063699334000000274,0.00082021490000006025
1.607,1.1496479157999999,1.1618434666999999,1.1560524958,1.1504682032,0.012195550900000018,0.0064045800000001041,0.00082028740000006373
1.6080000000000001,1.1520082408000001,1.1642875073000001,1.1584477543,1.1528290157000001,0.012279266499999997,0.0064395134999999382,0.00082077489999998754
1.609,1.1543639751999999,1.1667280818000001,1.1608387162,1.1551856643,0.012364106600000202,0.0064747410000001171,0.00082168910000013362
1.6100000000000001,1.1567150498000001,1.1691651499,1.1632253198,1.1575380919,0.012450100099999917,0.0065102699999999292,0.00082304209999994882
1.611,1.1590613946999999,1.1715986712999999,1.1656075026999999,1.1598862409999999,0.012537276600000036,0.0065461079999999949,0.00082484630000001502
1.6120000000000001,1.1614029385,1.1740286051,1.1679852015000001,1.1622300531,0.012625666599999974,0.0065822630000000881,0.00082711460000006731
1.613,1.1637396089000001,1.1764549106,1.1703583518,1.1645694693999999,0.012715301699999904,0.0066187428999999742,0.00082986049999989042
1.6140000000000001,1.1660713322,1.1788775462000001,1.1727268882999999,1.1669044299,0.012806214000000038,0.0066555560999999042,0.00083309769999995176
1.615,1.1683980335999999,1.1812964707,1.1750907447000001,1.1692348742000001,0.012898437100000049,0.0066927111000001371,0.00083684060000011051
1.6160000000000001,1.1707196367999999,1.183711642,1.1774498534,1.1715607407999999,0.012992005200000101,0.0067302166000000607,0.00084110400000003693
1.617,1.1730360642,1.1861230182,1.1798041461,1.1738819678000001,0.013086954000000039,0.0067680819000000003,0.00084590360000014186
1.6180000000000001,1.1753472368,1.1885305569,1.1821535529,1.1761984919999999,0.013183320100000007,0.0068063161000000427,0.00085125519999995625
1.619,1.1776530743,1.1909342153,1.1844980033000001,1.1785102498,0.013281140999999996,0.0068449290000001106,0.00085717549999997367
1.6200000000000001,1.1799534947000001,1.1933339505,1.1868374253,1.1808171766,0.013380455799999913,0.0068839305999999212,0.00086368189999985745
1.621,1.1822484145000001,1.1957297192,1.1891717455999999,1.1831192068,0.013481304699999974,0.0069233310999998743,0.00087079229999997843
1.6220000000000001,1.1845377488,1.1981214778,1.1915008898999999,1.1854162739,0.013583729000000044,0.0069631410999999588,0.00087852510000008266
1.623,1.1868214108999999,1.2005091826000001,1.1938247824999999,1.1877083109,0.013687771700000129,0.0070033715999999746,0.00088690000000002378
1.6240000000000001,1.1890993122,1.2028927891000001,1.1961433462,1.1899952492999999,0.013793476900000101,0.0070440339999999768,0.00089593709999991056
1.625,1.1913713628,1.205272253,1.1984565027,1.1922770198999999,0.01390089019999996,0.007085139900000037,0.0009056570999999014
1.6259999999999999,1.1936374705999999,1.2076475294,1.2007641722,1.1945535526,0.014010058800000058,0.0071267016000000627,0.00091608200000004025
1.627,1.1958975417,1.2100185730999999,1.2030662731999999,1.1968345308999999,0.014121031399999984,0.0071687314999999696,0.00093698919999996022
1.6279999999999999,1.1981514804,1.2123853386000001,1.2053627229999999,1.1991004176,0.014233858200000116,0.0072112425999999452,0.00094893719999999959
1.629,1.2003991886000001,1.2147477801,1.2076534370000001,1.2013608490000001,0.014348591499999896,0.0072542483999999963,0.00096166040000000841
1.6299999999999999,1.2026405663999999,1.2171058513999999,1.2099383293999999,1.20361575,0.014465284999999994,0.0072977629999999571,0.00097518360000004023
1.631,1.2048755116000001,1.219459506,1.2122173123,1.2058650449999999,0.014583994399999911,0.0073418006999999008,0.00098953339999985346
1.6319999999999999,1.2071039196,1.2218086969999999,1.2144902961999999,1.2081086567999999,0.01470477739999998,0.0073863765999999664,0.0010047371999999388
1.633,1.2093256836999999,1.2241533770999999,1.21675719,1.2103465072999999,0.014827693400000008,0.0074315063000001125,0.0010208235999999982
1.6339999999999999,1.2115406944,1.2264934988,1.2190179002999999,1.2125785168000001,0.014952804400000019,0.0074772058999998947,0.0010378224000000547
1.635,1.2137488397,1.2288290141,1.2212723322000001,1.2148046047000001,0.015080174399999979,0.0075234925000000619,0.0010557650000000418
1.6359999999999999,1.2159500046,1.2311598745000001,1.2235203885999999,1.217024689,0.015209869900000061,0.0075703839999998745,0.0010746844000000255
1.637,1.218144071,1.2334860315,1.2257619702,1.2192386863,0.015341960500000029,0.0076178992000000001,0.0010946152999999903
1.6379999999999999,1.2203309180999999,1.2358074358,1.2279969758,1.2214465118,0.015476517700000025,0.0076660577000000618,0.0011155937000000282
1.639,1.2225104218,1.238124038,1.2302253018,1.2236480796,0.015613616200000013,0.0077148799999999795,0.0011376577999999693
1.6399999999999999,1.2246824548999999,1.2404357880000001,1.2324468421999999,1.2258433017000001,0.015753333100000155,0.007764387299999953,0.0011608468000001704
1.641,1.2268468871,1.2427426357,1.2346614886,1.2280320894000001,0.015895748599999981,0.007814601500000018,0.0011852023000000766
1.6419999999999999,1.2290035842,1.2450445299999999,1.2368691302999999,1.2302143517999999,0.016040945799999928,0.0078655460999998983,0.0012107675999999401
1.643,1.2311524086000001,1.2473414199999999,1.2390696537000001,1.2323899969000001,0.016189011399999842,0.0079172451000000255,0.001237588299999981
1.6439999999999999,1.2332932189000001,1.2496332538999999,1.2412629424999999,1.2345589306,0.016340034999999808,0.0079697235999998117,0.0012657116999998941
1.645,1.2354258695,1.2519199797,1.2434488775999999,1.2367210575000001,0.016494110200000023,0.0080230080999998954,0.0012951880000000582
1.6459999999999999,1.2375502106,1.2542015448999999,1.2456273369999999,1.2392502173,0.016651334299999876,0.0080771263999999121,0.001700006699999923
1.647,1.2396660880999999,1.2564778963000001,1.2477981954999999,1.2413896522000001,0.016811808200000167,0.0081321074000000326,0.0017235641000001856
1.6479999999999999,1.2417733426999999,1.2587489807000001,1.2499613246000001,1.2435219715000001,0.016975638000000126,0.0081879819000001408,0.0017486288000001515
1.649,1.243871811,1.2610147438999999,1.2521165924,1.2456470732,0.017142932899999908,0.0082447813999999564,0.0017752622000000162
1.6499999999999999,1.2459613238,1.2632751315999999,1.2542638637000001,1.2477648532000001,0.017313807799999914,0.0083025399000000721,0.001803529400000059
1.651,1.2480417066,1.2655300887000001,1.2564029993000001,1.2498752054,0.017488382100000033,0.0083612927000000781,0.0018334987999999441
1.6519999999999999,1.2501127797,1.2677795597999999,1.2585338561999999,1.2519780217000001,0.01766678009999989,0.0084210764999999022,0.0018652420000000447
1.653,1.2521743567000001,1.2700234889999999,1.2606562873,1.2540731915000001,0.017849132299999848,0.0084819305999999095,0.0018988347999999711
1.6539999999999999,1.2542262452999999,1.2722618194999999,1.2627701413000001,1.2561606021,0.018035574200000015,0.0085438960000001618,0.0019343568000000921
1.655,1.2562682463999999,1.2744944945000001,1.2648752623999999,1.2582401380999999,0.018226248100000175,0.0086070160000000229,0.0019718917000000058
1.6559999999999999,1.2583001538,1.2767214561,1.2669714899,1.2603116816,0.018421302299999942,0.0086713360999999267,0.0020115277999999126
1.657,1.2603217537,1.2789426461,1.2690586580000001,1.2623751124,0.018620892399999978,0.0087369043000000701,0.0020533587000000075
1.6579999999999999,1.2623328245000001,1.2811580057,1.2711365953,1.2644303073000001,0.018825181199999985,0.0088037707999999437,0.0020974827999999945
1.659,1.2643331359000001,1.2833674755,1.2732051247,1.2664771403999999,0.019034339599999894,0.0088719887999999525,0.002144004499999852
1.6599999999999999,1.2663224489,1.2855709953000001,1.2752640631000001,1.2685154831000001,0.019248546400000066,0.0089416142000000587,0.0021930342000000547
1.661,1.2683005147999999,1.2877685046,1.2773132205,1.2705663658999999,0.019467989800000085,0.0090127057000000121,0.0022658510999999937
1.6619999999999999,1.2702670745,1.2899599419000001,1.2793524002000001,1.2725873338,0.019692867400000091,0.0090853257000000909,0.002320259300000016
1.663,1.2722218583,1.2921452452,1.2813813983,1.2745994007999999,0.019923386899999951,0.009159539999999966,0.0023775424999998851
1.6639999999999999,1.2741645849000001,1.2943243518000001,1.2834000030999999,1.2766024252999999,0.020159766899999987,0.0092354181999998453,0.0024378403999998355
1.665,1.2760949602,1.2964971983,1.2854079949999999,1.2785962621,0.02040223809999997,0.0093130347999998975,0.0025013018999999748
1.6659999999999999,1.2780126771,1.2986637202,1.2874051458,1.2805807621,0.020651043099999988,0.0093924686999999896,0.0025680850000000532
1.667,1.2799174143000001,1.3008238521,1.2893912183,1.2825557726000001,0.0209064377999999,0.0094738039999999746,0.0026383583000000321
1.6679999999999999,1.2818088348000001,1.3029775281,1.2913659656000001,1.2845211366,0.02116869329999993,0.0095571307999999799,0.0027123017999999277
1.669,1.2836865851999999,1.3051246811999999,1.2933291305000001,1.2864766929,0.021438096000000018,0.0096425453000001937,0.0027901077000000996
1.6699999999999999,1.2855502943999999,1.3072652436000001,1.2952804444999999,1.2884222753000001,0.021714949200000166,0.0097301501000000012,0.0028719809000001817
1.671,1.287399572,1.3093991463000001,1.2972196276000001,1.2903577131999999,0.021999574300000102,0.0098200556000000994,0.0029581411999999307
1.6719999999999999,1.2892340067000001,1.3115263196,1.2991463866999999,1.2922828311000001,0.022292312899999889,0.0099123799999998319,0.0030488243999999831
1.673,1.2910531648000001,1.3136466926999999,1.3010604148,1.2941974482,0.022593527899999799,0.010007249999999912,0.0031442833999999475
1.6739999999999999,1.2928565883000001,1.3157601939000001,1.3029613901999999,1.2961013782999999,0.022903605600000043,0.010104801899999849,0.0032447899999998864
1.675,1.2946437922,1.3178667505999999,1.3048489747000001,1.2979944296000001,0.023222958399999882,0.010205182500000021,0.0033506374000000783
1.6759999999999999,1.2964142622999999,1.3199662889999999,1.3067228127999999,1.2997988646,0.023552026700000006,0.010308550500000013,0.0033846023000001502
1.677,1.2981674523,1.3220587345000001,1.3085825298,1.3016679051,0.023891282200000141,0.010415077500000036,0.0035004527999999979
1.6779999999999999,1.2999027774,1.3241440113,1.31042773,1.3035254265,0.024241233899999992,0.01052495259999997,0.0036226490999999861
1.679,1.3016196121000001,1.3262220427,1.3122579951,1.3053712096000001,0.024602430599999892,0.010638382999999862,0.0037515974999999813
1.6799999999999999,1.3033172867,1.328292751,1.3140728794000001,1.3072050269,0.024975464299999972,0.010755592700000038,0.0038877401999999339
1.681,1.3049950843,1.3303560573,1.3158719067,1.3090266419000001,0.025360972999999953,0.010876822399999986,0.0040315576000000686
1.6819999999999999,1.3066522357999999,1.3324118815999999,1.3176545688000001,1.3108358094999999,0.025759645800000008,0.011002333000000197,0.0041835736999999984
1.6830000000000001,1.3082879146999999,1.334460143,1.3194203229999999,1.3126322751999999,0.0261722283000001,0.011132408299999952,0.0043443604999999774
1.6839999999999999,1.3099012297999999,1.3365007592,1.3211685870000001,1.3144157747,0.026599529400000099,0.011267357200000161,0.0045145449000001392
1.6850000000000001,1.3114912184,1.3385336469,1.3228987325999999,1.3161860330999999,0.027042428499999938,0.011407514199999857,0.004694814699999883
1.6859999999999999,1.3130568381000001,1.3405587215000001,1.3246100784999999,1.3179427643999999,0.027501883400000038,0.011553240399999831,0.0048859262999998432
1.6870000000000001,1.3145969573,1.3425758972999999,1.3263018814,1.3196856699999999,0.027978939999999897,0.011704924100000014,0.0050887126999998866
1.6879999999999999,1.3161103437999999,1.3445850874,1.3279733294,1.3210806811,0.02847474360000013,0.011862985600000098,0.0049703373000000717
1.6890000000000001,1.3175956511,1.3465862035,1.3296235324000001,1.3228222732999999,0.028990552400000036,0.012027881300000098,0.0052266221999999196
1.6899999999999999,1.3190513973,1.3485791561,1.3312515096999999,1.3244511108999999,0.029527758800000026,0.012200112399999963,0.0053997135999999113
1.6910000000000001,1.3204759451999999,1.3505638545,1.3328561729999999,1.3261560719000001,0.03008790930000016,0.012380227800000032,0.0056801267000001765
1.6919999999999999,1.3218674695999999,1.3525402065000001,1.3344363035,1.3278453383,0.030672736900000164,0.012568833900000076,0.0059778687000000552
1.6930000000000001,1.3232238996000001,1.3545081188000001,1.3359905160000001,1.3295184949000001,0.031284219200000019,0.012766616399999986,0.0062945952999999832
1.694,1.3245428800000001,1.3564674967000001,1.3375172104999999,1.3311751025,0.031924616700000019,0.012974330499999853,0.0066322224999999513
1.6950000000000001,1.3258217101000001,1.3584182440999999,1.3390145326,1.3328146934,0.032596533999999844,0.013192822499999979,0.0069929832999999775
1.696,1.3270572351000001,1.3603602634,1.3404803038999999,1.3344367709,0.033303028299999982,0.013423068799999882,0.0073795357999999478
1.6970000000000001,1.3282456523999999,1.3622934547000001,1.3419119165,1.3360408068,0.034047802300000152,0.013666264100000047,0.0077951544000001149
1.698,1.3293822486,1.3642177158,1.3433061754,1.3376262371000001,0.03483546719999997,0.013923926799999986,0.0082439885000000768
1.6990000000000001,1.3304608756,1.3661329435,1.3446590181,1.3391924587999999,0.035672067899999993,0.014198142499999955,0.0087315831999998927
1.7,1.3314727530999999,1.3680390328000001,1.3459649574999999,1.3408269582000001,0.036566279700000148,0.014492204399999986,0.0093542051000001791
1.7010000000000001,1.3324033561999999,1.3699358775999999,1.3472160875999999,1.3423510028000001,0.037532521399999963,0.014812731399999945,0.0099476466000001373
1.702,1.3332188312,1.3718233702,1.3483993135000001,1.3438536531,0.038604539000000049,0.015180482300000131,0.010634821900000091
1.7030000000000001,1.3063228920000001,1.3737014015,1.3494858164000001,1.3453340787000001,0.067378509499999906,0.043162924400000025,0.039011186700000033
1.704,1.3051557427,1.3755698614,0.37269170306999999,1.3467913642,0.070414118700000028,0.93246403963000002,0.041635621499999997
1.7050000000000001,1.3039867529,1.3774286379,0.37056784562,1.348224498,0.07344188500000004,0.93341890727999999,0.044237745100000003
1.706,1.3028160010000001,1.3792776174000001,0.36844809307999998,1.3496323586000001,0.076461616400000043,0.93436790792000002,0.046816357600000025
1.7070000000000001,1.3016435597,1.3811166845,0.36633246195000002,1.3510136938999999,0.079473124800000017,0.93531109774999999,0.049370134199999915
1.708,1.3004694959,1.3829457219000001,0.36422096859999997,1.3525046493999999,0.082476226000000041,0.93624852730000008,0.052035153499999875
1.7090000000000001,1.2992938708999999,1.3847646102,0.36211362945999997,1.3538249883,0.085470739300000043,0.93718024143999989,0.054531117400000051
1.71,1.2981167404,1.3865732289999999,0.36001046068999998,1.3551134773,0.088456488599999883,0.93810627971000005,0.056996736899999956
1.7110000000000001,1.2969381548000001,1.3883714565,0.35791147863,1.3563678451000001,0.091433301699999969,0.93902667617000013,0.059429690300000004
1.712,1.2957581591,1.3901591705,0.35581669937999999,1.3575853657000001,0.094401011400000012,0.93994145971999998,0.061827206600000073
1.7130000000000001,1.2945767927,1.3919362475999999,0.35372613904,1.3587626885999999,0.097359454899999864,0.94085065366000009,0.064185895899999901
1.714,1.2933940894,1.3937025639,0.35163981361000002,1.3600485287999999,0.10030847450000002,0.94175427578999993,0.066654439399999932
1.7150000000000001,1.2922100776000001,1.3954579953999999,0.34955773908999999,1.3611376610999999,0.10324791779999987,0.94265233851000008,0.068927583499999834
1.716,1.2910247795000001,1.3972024176,0.34747993134999999,1.3621690606000001,0.10617763809999992,0.94354484815000006,0.07114428110000004
1.7170000000000001,1.2898382115,1.3989357061000001,0.34540640625000002,1.3631346070999999,0.10909749460000007,0.94443180525000003,0.073296395599999897
1.718,1.2886503832,1.4006577366999999,0.34333717955999998,1.3639940881999999,0.11200735349999991,0.94531320364000004,0.075343704999999872
1.7190000000000001,1.2874612977,1.4023683859,0.34127226701000002,0.34986881607999998,0.11490708820000006,0.94618903068999993,0.93759248161999997
1.72,1.2862709504000001,1.4040675292,0.33921168424999998,0.34773234808999998,0.11779657879999994,0.94705926615000013,0.93853860231000008
1.7210000000000001,1.2850793288,1.4057550399000001,0.33715544688999999,0.34559990773999999,0.12067571110000008,0.94792388190999999,0.93947942105999993
1.722,1.2838864117,1.4074307925,0.33510357051,0.34347151742999998,0.12354438080000008,0.94878284118999989,0.94041489426999991
1.7230000000000001,1.2826921679000001,1.4090946626,0.33305607057999997,0.34134719961999999,0.12640249469999998,0.94963609732000009,0.94134496828000014
1.724,1.2814965545999999,1.4107465284,0.33101296257000001,0.33922697674000002,0.12924997380000014,0.95048359202999988,0.94226957785999987
1.7250000000000001,1.2802995158999999,1.4123862705000001,0.32897426184,0.33711087142000001,0.13208675460000019,0.9513252540599999,0.94318864447999995
1.726,1.279100981,1.4140137725999999,0.32693998375,0.33499890615,0.13491279159999991,0.95216099725000003,0.94410207484999997
1.7270000000000001,1.2779008617000001,1.4156289223,0.32491014360999998,0.33289110359000001,0.13772806059999998,0.95299071809000013,0.9450097581100001
1.728,1.2766990490000001,1.4172316116000001,0.32288475664999999,0.33078748647,0.14053256260000002,0.95381429235000015,0.94591156253000008
1.7290000000000001,1.2754954089999999,1.4188217374000001,0.32086383808000002,0.32868807744,0.14332632840000015,0.95463157091999995,0.94680733155999985
1.73,1.274289776,1.4203992025000001,0.31884740303999998,0.32659289932000002,0.14610942650000003,0.95544237296000012,0.94769687668000002
1.7310000000000001,1.2730819447999999,1.4219639160999999,0.31683546665000001,0.32450197494999999,0.14888197130000003,0.95624647814999997,0.94857996984999993
1.732,1.2718716576,1.4235157944000001,0.31482804398000003,0.32241532707999998,0.15164413680000011,0.95704361362000001,0.94945633052
1.7330000000000001,1.2706585851000001,1.4250547616,0.31282515004,0.32033297871999999,0.15439617649999993,0.95783343506000007,0.95032560638000008
1.734,1.2694422961,1.4265807505000001,0.31082679982,0.31825495282999999,0.15713845440000007,0.95861549627999998,0.95118734326999999
1.7350000000000001,1.268222204,1.4280937035000001,0.30883300827999999,0.3161812725,0.15987149950000012,0.95938919572000003,0.95204093150000002
1.736,1.2669974635000001,1.4295935724,0.30684379031999998,0.31411196048000001,0.16259610889999987,0.96015367318000011,0.95288550302000008
1.7370000000000001,1.2657667301,1.4310803167999999,0.30485916078999997,0.31204704017000001,0.16531358669999996,0.96090756930999999,0.95371968993
1.738,1.2645273856000001,1.4325539058000001,0.30287913454999998,0.30998653462999998,0.16802652019999997,0.96164825105000018,0.95454085097000019
1.7390000000000001,0.30717526686000002,1.4340143192999999,0.30090372641000002,0.30793046702999999,1.1268390524399998,0.0062715404500000016,0.00075520016999996997
1.74,0.305122002,1.4354615501000001,0.29893295111000001,0.30587886069999998,1.1303395481,0.0061890508899999919,0.00075685869999997379
1.7410000000000001,0.30307327667,1.4368956043000001,0.29696682344000003,0.30383173879000003,1.1338223276300001,0.0061064532299999752,0.00075846212000002522
1.742,0.30102911468999999,1.4383165017999999,0.29500535806,0.30178912468000002,1.13728738711,0.0060237566299999878,0.00076000999000003233
1.7430000000000001,0.29898953994999999,1.4397242759,0.29304856968999998,0.29975104182000001,1.14073473595,0.0059409702600000114,0.00076150187000001424
1.744,0.29695457610999998,1.4411189705,0.29109647297000002,0.29771751363999999,1.1441643943900002,0.0058581031399999595,0.00076293753000000741
1.7450000000000001,0.29492424729,1.4425006415999999,0.28914908254999999,0.29568856357000001,1.1475763943099999,0.005775164740000005,0.00076431628000001028
1.746,0.29289857737000002,1.4438693601999999,0.28720641303,0.29366421515000002,1.15097078283,0.0056921643400000277,0.00076563777999999472
1.7470000000000001,0.29087759032999999,1.4452252122,0.28526847901000002,0.29164449195999997,1.15434762187,0.0056091113199999709,0.00076690162999998313
1.748,0.28886131008999999,1.4465682979000001,0.28333529504999999,0.28962941754999999,1.1577069878100001,0.0055260150399999985,0.00076810746000000041
1.7490000000000001,0.28684976070000001,1.4478987323000001,0.28140687571,0.28761901572999998,1.1610489716000001,0.0054428849900000076,0.0007692550299999712
1.75,0.28484296631,1.4492166451999999,0.27948323554999999,0.28561331012000002,1.1643736788899999,0.0053597307600000144,0.00077034381000001817
1.7509999999999999,0.28284095092,1.4505221805999999,0.27756438900000002,0.28361232452000001,1.1676812296799999,0.005276561919999978,0.00077137360000001376
1.752,0.28084373876000002,1.451815496,0.27565035066999999,0.28161608271999999,1.17097175724,0.0051933880900000284,0.00077234395999997707
1.7529999999999999,0.27885135383999998,1.4530967617999999,0.27374113501000003,0.27962460861999999,1.17424540796,0.0051102188299999574,0.00077325478000001002
1.754,0.27686382047000002,1.4543661604,0.27183675656,0.27763792602999998,1.17750233993,0.0050270639100000181,0.00077410555999996022
1.7549999999999999,0.27488116284000003,1.4556238848,0.26993722968,0.27565605897000001,1.18074272196,0.0049439331600000247,0.00077489612999998014
1.756,0.2729034052,1.4568701386,0.26804256891,0.27367903144,1.1839667334000001,0.0048608362900000035,0.00077562623999999358
1.7569999999999999,0.27093057186000002,1.4581051346,0.26615278873999998,0.27170686746,1.1871745627400001,0.0047777831200000453,0.00077629559999997655
1.758,0.26896268710999999,1.4593290940999999,0.26426790360000002,0.26973959114000001,1.19036640699,0.0046947835099999669,0.00077690403000002517
1.7589999999999999,0.26699977532000002,1.4605422456999999,0.26238792795999999,0.26777722665999998,1.1935424703799999,0.004611847360000032,0.00077745133999995719
1.76,0.26504186086999998,1.4617448245,0.26051287628000003,0.26581979808,1.1967029636299999,0.0045289845899999515,0.00077793721000002369
1.7609999999999999,0.26308896816999999,1.4629370709,0.25864276302,0.26386732972999999,1.1998481027300001,0.0044462051499999933,0.00077836155999999601
1.762,0.26114112165999998,1.4641192294000001,0.25677760263999999,0.2619198459,1.2029781077400001,0.004363519019999984,0.00077872424000002827
1.7629999999999999,0.25919834589000001,1.4652915477999999,0.25491740961999998,0.25997737083,1.2060932019099999,0.0042809362700000353,0.00077902493999998379
1.764,0.25726066527000002,1.4664542762999999,0.25306219843,0.25803992896,1.2091936110299999,0.0041984668400000258,0.00077926368999997608
1.7649999999999999,0.25532810433000003,1.467607667,0.25121198359000002,0.25610754475000003,1.21227956267,0.0041161207400000066,0.00077944041999999936
1.766,0.25340068777000002,1.468751973,0.24936677955,0.25418024248999999,1.2153512852300001,0.0040339082200000209,0.00077955471999996417
1.7669999999999999,0.25147844015999998,1.4698874474000001,0.24752660081,0.25225804684000003,1.21840900724,0.003951839349999986,0.00077960668000004452
1.768,0.24956138608,1.4710143422999999,0.24569146197,0.25034098236000002,1.2214529562199998,0.0038699241100000059,0.00077959628000001668
1.7689999999999999,0.24764955025999999,1.4721329073,0.24386137749,0.24842907352999999,1.22448335704,0.0037881727699999868,0.00077952326999999877
1.77,0.24574295740999999,1.4732433906,0.24203636198,0.24652234510000001,1.2275004331899999,0.003706595429999987,0.00077938769000002184
1.7709999999999999,0.24384163223999999,1.4743460385,0.24021643000000001,0.24462082171999999,1.2305044062600001,0.0036252022399999861,0.00077918947999999766
1.772,0.24194559957,1.4754410947000001,0.23840159615000001,0.24272452818000001,1.2334954951300001,0.003544003419999997,0.00077892861000000702
1.7729999999999999,0.24005488409,1.4765288003999999,0.23659187506000001,0.24083348922,1.2364739163099998,0.0034630090299999916,0.00077860512999999854
1.774,0.23816951078000001,1.4776093928,0.23478728137999999,0.23894772957999999,1.2394398820200001,0.0033822294000000197,0.00077821879999998012
1.7749999999999999,0.23628950440999999,1.4786831055,0.23298782977999999,0.23706727423999999,1.2423936010900001,0.0033016746300000011,0.00077776982999999689
1.776,0.23441488992000001,1.4797501685000001,0.23119353496,0.23519214809,1.24533527858,0.0032213549600000058,0.0007772581699999892
1.7769999999999999,0.23254569223999999,1.4808108075999999,0.22940441166,0.23332237612000001,1.24826511536,0.0031412805799999888,0.00077668388000001753
1.778,0.23068193634,1.4818652439,0.22762047466999999,0.23145798329,1.2511833075599998,0.0030614616700000152,0.00077604694999999779
1.7789999999999999,0.22882364719000001,1.4829136942000001,0.22584173876999999,0.2295989947,1.25409004701,0.0029819084200000123,0.00077534750999999624
1.78,0.22697084984999999,1.4839563711999999,0.22406821876999999,0.22774543530999999,1.2569855213499999,0.0029026310799999955,0.00077458546000000461
1.7809999999999999,0.22512356937,1.4849934838000001,0.22229992963,0.22589733040000001,1.2598699144300001,0.0028236397399999946,0.00077376103000001417
1.782,0.22328183083,1.4860252368,0.22053688622000001,0.22405470514,1.26274340597,0.0027449446099999941,0.00077287431000000462
1.7829999999999999,0.22144565938999999,1.4870518307,0.21877910347999999,0.22221758467,1.26560617131,0.0026665559100000069,0.00077192528000000205
1.784,0.21961508016,1.488073462,0.21702659648,0.22038599432,1.2684583818399999,0.0025884836800000033,0.00077091415999999691
1.7849999999999999,0.21779011832,1.4890903228000001,0.21527938024000001,0.21855995937,1.2713002044800001,0.0025107380799999912,0.00076984104999999747
1.786,0.21597079912,1.4901026014000001,0.21353746986,0.21673950519999999,1.2741318022800001,0.0024333292600000056,0.00076870607999998675
1.7869999999999999,0.21415714782,1.4911104819000001,0.21180088052000001,0.21492465721000001,1.2769533340800001,0.0023562672999999923,0.00076750939000000407
1.788,0.2123491897,1.4921141442999999,0.21006962739000001,0.21311544078,1.2797649545999998,0.0022795623099999829,0.00076625108000000219
1.7889999999999999,0.21054695005999999,1.4931137648999999,0.20834372573000001,0.21131188144999999,1.28256681484,0.0022032243299999754,0.00076493139000000099
1.79,0.20875045420999999,1.4941095156999999,0.20662319089,0.20951400472000001,1.2853590614899999,0.0021272633199999891,0.00076355051000001617
1.7909999999999999,0.20695972758,1.4951015650999999,0.20490803823000001,0.20772183614,1.28814183752,0.0020516893499999966,0.00076210856000000216
1.792,0.20517479553000001,1.4960900776999999,0.20319828316999999,0.20593540135999999,1.2909152821699998,0.0019765123600000156,0.00076060582999998294
1.7929999999999999,0.20339568354000001,1.4970752143999999,0.20149394124,0.20415472602000001,1.29367953086,0.0019017423000000089,0.00075904247999999952
1.794,0.20162241707,1.4980571324,0.19979502799000001,0.20237983569000001,1.29643471533,0.0018273890799999915,0.00075741862000000548
1.7949999999999999,0.19985502155000001,1.4990359854999999,0.19810155904000001,0.20061075623999999,1.29918096395,0.0017534625099999979,0.00075573468999998172
1.796,0.19809352262999999,1.5000119240000001,0.19641355009,0.19884751339000001,1.30191840137,0.001679972539999991,0.0007539907600000173
1.7969999999999999,0.19633794570999999,1.5009850950000001,0.19473101691,0.19709013298,1.30464714929,0.0016069287999999904,0.00075218727000000984
1.798,0.19458831646999999,1.5019556423,0.19305397535999999,0.19533864078999999,1.30736732583,0.0015343411100000037,0.00075032431999999538
1.7989999999999999,0.19284466054999999,1.5029237063000001,0.19138244133999999,0.19359306276999999,1.31007904575,0.0014622192100000042,0.00074840221999999956
1.8,0.19110700357999999,1.5038894246000001,0.18971643084000001,0.19185342481000001,1.3127824210200001,0.0013905727399999845,0.00074642123000001614
1.8009999999999999,0.18937537119,1.5048529318999999,0.18805595994999999,0.19011975292,1.31547756071,0.0013194112400000124,0.0007443817299999933
1.802,0.18764978911999999,1.5058143596,0.18640104483,0.18839207304,1.31816457048,0.0012487442899999923,0.00074228392000000309
1.8029999999999999,0.18593028310000001,1.5067738366000001,0.18475170166999999,0.18667041129,1.3208435535,0.0011785814300000197,0.00074012818999999452
1.804,0.18421687890999999,1.507731489,0.18310794682000001,0.18495479372000001,1.3235146100899999,0.0011089320899999866,0.00073791481000001768
1.8049999999999999,0.18250960232999999,1.5086874401000001,0.18146979670999999,0.18324524643000001,1.3261778377700002,0.0010398056200000005,0.00073564410000001579
1.806,0.18080847913,1.5096418107,0.17983726782000001,0.18154179562,1.3288333315700001,0.0009712113099999975,0.00073331648999999666
1.8069999999999999,0.17911353525000001,1.5105947191,0.17821037675000001,0.17984446745999999,1.33148118385,0.00090315850000000086,0.00073093220999997932
1.8080000000000001,0.17742479650000001,1.5115462813,0.17658914014999999,0.17815328819000001,1.3341214848,0.00083565635000001914,0.00072849168999999936
1.8089999999999999,0.17574228881000001,1.5124966107,0.17497357484000001,0.17646828409000001,1.33675432189,0.00076871397000000119,0.00072599528000000246
1.8100000000000001,0.17406603812999999,1.5134458186999999,0.17336369769000001,0.17478948146000001,1.3393797805699998,0.00070234043999997664,0.00072344333000001759
1.8109999999999999,0.17239607036999999,1.5143940143000001,0.17175952567,0.17311690663000001,1.34199794393,0.0006365446999999913,0.00072083626000002399
1.8120000000000001,0.17073241156999999,1.5153413044999999,0.17016107584000001,0.17145058600999999,1.34460889293,0.00057133572999998328,0.00071817443999999675
1.8129999999999999,0.16907508774999999,1.5162877941999999,0.16856836542,0.16979054599000001,1.3472127064499999,0.00050672232999998679,0.00071545824000002201
1.8140000000000001,0.16742412484999999,1.5172335862999999,0.16698141167,0.16813681302,1.34980946145,0.00044271317999999837,0.00071268817000000317
1.8149999999999999,0.16577954911000001,1.5181787817000001,0.16540023199000001,0.16648941364,1.3523992325900001,0.00037931712000000006,0.00070986452999999283
1.8160000000000001,0.16414138642000001,1.5191234796999999,0.16382484391999999,0.16484837423000001,1.3549820932799999,0.0003165425000000166,0.00070698781000000377
1.8169999999999999,0.16250966309000001,1.5200677774,0.16225526505999999,0.16321372150999999,1.35755811431,0.00025439803000001926,0.00070405841999998664
1.8180000000000001,0.16088440509999999,1.5210117703999999,0.16069151311999999,0.16158548198,1.3601273652999999,0.00019289197999999841,0.00070107688000001223
1.819,0.15926563879,1.5219555525999999,0.15913360602000001,0.15996368223999999,1.3626899138099999,0.00013203276999998459,0.00069804344999999102
1.8200000000000001,0.15765339018999999,1.5228992159999999,0.15758156164000001,0.15834834901,1.36524582581,7.1828549999986002e-05,0.00069495882000000786
1.821,0.15604768566999999,1.5238428514,0.15603539813,0.15673950896,1.36779516573,1.2287539999988883e-05,0.00069182329000000431
1.8220000000000001,0.15444855136999999,1.5247865477,0.15449513372000001,0.15513718878999999,1.37033799633,4.6582350000018424e-05,0.00068863741999999895
1.823,0.15285601363000001,1.5257303925000001,0.15296078672999999,0.15354141521,1.3728743788700002,0.00010477309999998297,0.00068540157999999463
1.8240000000000001,0.15127009868999999,1.5266744719000001,0.15143237559,0.15195221509000001,1.3754043732100001,0.00016227690000000794,0.00068211640000001572
1.825,0.14969083288999999,1.5276188706,0.14990991896,0.1503696152,1.3779280377100001,0.00021908607000001301,0.00067878231000001454
1.8260000000000001,0.14811824263000001,1.5285636719,0.14839343557000001,0.14879364239000001,1.3804454292699999,0.00027519294000000194,0.00067539976000000057
1.827,0.14655235415000001,1.5295089579000001,0.14688294419,0.14722432354000001,1.3829566037500001,0.00033059003999999503,0.000671969389999999
1.8280000000000001,0.14499319400999999,1.5304548093999999,0.14537846395000001,0.14566168555,1.3854616153899999,0.00038526994000001591,0.00066849154000001021
1.829,0.14344078839999999,1.5314013059,0.14388001387999999,0.14410575531,1.3879605175,0.0004392254799999995,0.00066496691000000885
1.8300000000000001,0.14189516395999999,1.5323485256,0.14238761331999999,0.14255655986999999,1.3904533616400001,0.00049244936000000794,0.00066139591000000109
1.831,0.14035634698999999,1.5332965459000001,0.14090128169999999,0.14101412619000001,1.3929401989100001,0.00054493471000000016,0.00065777920000001378
1.8320000000000001,0.13882436408000001,1.5342454427000001,0.13942103852000001,0.13947848122000001,1.3954210786200001,0.00059667444000000014,0.00065411713999999344
1.833,0.13729924168999999,1.5351952911,0.1379469036,0.13794965213999999,1.3978960494099999,0.00064766191000001361,0.00065041044999999964
1.8340000000000001,0.13578100632000001,1.5361461649000001,0.13647889662000001,0.13642766591,1.4003651585800001,0.00069789030000000363,0.00064665958999998718
1.835,0.13426968453999999,1.5370981372999999,0.13501703777999999,0.13491254974,1.4028284527599999,0.00074735323999999825,0.00064286520000000902
1.8360000000000001,0.13276530287999999,1.5380512799999999,0.13356134713000001,0.13340433065000001,1.4052859771199999,0.00079604425000001644,0.00063902777000002242
1.837,0.13126788793999999,1.5390056641000001,0.13211184504000001,0.13190303587999999,1.4077377761600001,0.00084395710000001456,0.00063514793999999708
1.8380000000000001,0.12977746631000001,1.5399613597999999,0.13066855198999999,0.13040869264999999,1.41018389349,0.00089108567999998667,0.00063122633999998512
1.839,0.12829406464000001,1.5409184360999999,0.12923148857,0.12892132798,1.41262437146,0.00093742392999998647,0.0006272633399999894
1.8400000000000001,0.12681770949000001,1.5418769615000001,0.12780067567,0.12744096930000001,1.41505925201,0.00098296617999998892,0.00062325980999999864
1.841,0.12534842757,1.5428370035000001,0.12637613409000001,0.12596764378,1.41748857593,0.0010277065200000046,0.00061921620999999538
1.8420000000000001,0.12388624555,1.5437986288000001,0.1249578851,0.12450137878,1.41991238325,0.0010716395500000031,0.00061513323000000897
1.843,0.12243119012000001,1.5447619033,0.12354594997,0.12304220145,1.42233071318,0.0011147598499999939,0.00061101132999999419
1.8440000000000001,0.12098328798000001,1.5457268922,0.12214035013000001,0.12159013925999999,1.4247436042200001,0.0011570621499999989,0.000606851279999987
1.845,0.11954256589999999,1.5466936601000001,0.12074110723000001,0.12014521952,1.4271510942000001,0.0011985413300000108,0.00060265362000000433
1.8460000000000001,0.11810905050999999,1.5476622707000001,0.11934824303,0.11870746959,1.4295532201900001,0.0012391925200000015,0.00059841908000000943
1.847,0.11668276867000001,1.5486327870000001,0.11796177962,0.11727691687,1.43195001833,0.0012790109499999924,0.00059414819999999147
1.8480000000000001,0.11526374714,1.5496052714999999,0.11658173909,0.1158535888,1.43434152436,0.0013179919499999998,0.00058984166000000671
1.849,0.11385201265,1.5505797860999999,0.1152081438,0.11443751284000001,1.4367277734499999,0.0013561311499999951,0.00058550019000000453
1.8500000000000001,0.11244759207,1.5515563918999999,0.11384101628,0.11302871633,1.4391087998299998,0.0013934242099999938,0.00058112425999999606
1.851,0.11105051218000001,1.5525351495999999,0.11248037925,0.1116272269,1.4414846374199999,0.0014298670699999932,0.00057671471999999613
1.8520000000000001,0.10966079978,1.5535161191,0.1111262556,0.11023307193,1.4438553193199999,0.0014654558200000029,0.0005722721499999972
1.853,0.10827848181999999,1.5544993600999999,0.10977866839,0.10884627901,1.4462208782799999,0.0015001865700000061,0.00056779719000001061
1.8540000000000001,0.10690358502,1.5554849314999999,0.10843764091999999,0.10746687565,1.4485813464799999,0.0015340558999999976,0.00056329063000000457
1.855,0.10553613634,1.5564728916999999,0.10710319666,0.10609488944999999,1.4509367553599999,0.0015670603199999938,0.00055875310999999039
1.8560000000000001,0.10417616269,1.5574632987999999,0.10577535926999999,0.10473034787,1.4532871361099999,0.0015991965799999897,0.00055418517999999972
1.857,0.10282369082999999,1.5584562101999999,0.1044541526,0.10337327859000001,1.4556325193699999,0.0016304617700000079,0.00054958776000001153
1.8580000000000001,0.10147874778,1.5594516829,0.10313960071,0.10202370909,1.4579729351199999,0.001660852929999998,0.00054496130999999448
1.859,0.10014136043999999,1.5604497737,0.10183172784,0.10068166727,1.4603084132599999,0.0016903674000000035,0.00054030683000000357
1.8600000000000001,0.098811555748000005,1.5614505385999999,0.10053055846,0.099347180384999997,1.4626389828519999,0.0017190027119999979,0.00053562463699999285
1.861,0.097489360563000005,1.5624540334999999,0.099236117247000002,0.098020276399000003,1.4649646729369998,0.0017467566839999976,0.00053091583599999825
1.8620000000000001,0.096174801923,1.5634603137,0.097948429047000005,0.096700982845999997,1.4672855117770001,0.0017736271240000046,0.00052618092299999697
1.863,0.094867906671999999,1.5644694344000001,0.096667518945999995,0.095389327368000001,1.4696015277280001,0.0017996122739999953,0.00052142069600000229
1.8640000000000001,0.093568701889999994,1.5654814501000001,0.095393412221999999,0.094085337721000001,1.4719127482100001,0.0018247103320000041,0.00051663583100000632
1.865,0.092277214494000004,1.5664964151,0.094126134380999996,0.092789041586000001,1.474219200606,0.0018489198869999918,0.00051182709199999732
1.8660000000000001,0.090993471485999997,1.5675143835000001,0.092865711116000005,0.091500466722999996,1.4765209120140002,0.0018722396300000083,0.00050699523699999915
1.867,0.089717499793000005,1.5685354089000001,0.091612168376000003,0.090219640801000006,1.4788179091070002,0.0018946685829999976,0.00050214100800000105
1.8680000000000001,0.088449326460000005,1.5695595445999999,0.090365532286,0.088946591640000003,1.48111021814,0.0019162058259999948,0.00049726517999999775
1.869,0.087188978479000007,1.5705868438999999,0.089125829199000001,0.087681346852000006,1.4833978654209998,0.001936850719999994,0.00049236837299999892
1.8700000000000001,0.085936482856000002,1.5716173593,0.087893085726000006,0.086423934373,1.4856808764439999,0.0019566028700000043,0.00048745151699999822
1.871,0.084691866606999996,1.5726511434999999,0.086667328621999995,0.085174381817999995,1.4879592768929999,0.0019754620149999985,0.00048251521099999806
1.8720000000000001,0.083455156720000007,1.5736882487999999,0.085448584972000002,0.083932717044999994,1.49023309208,0.0019934282519999957,0.00047756032499998713
1.873,0.082226380183000006,1.5747287270999999,0.084236881994000007,0.082698967863999995,1.4925023469169998,0.0020105018110000011,0.00047258768099998905
1.8740000000000001,0.081005564094999996,1.5757726302999999,0.083032247210999999,0.081473161963999993,1.4947670662049999,0.0020266831160000026,0.00046759786899999711
1.875,0.079792735434000006,1.57682001,0.081834708256999997,0.080255327276999994,1.497027274566,0.0020419728229999906,0.00046259184299998757
1.8759999999999999,0.078587921258999993,1.5778709175000001,0.080644293152999993,0.079045491566000006,1.4992829962410001,0.0020563718940000003,0.00045757030700001311
1.877,0.077391148574999999,1.578925404,0.079461030010000003,0.077843682636,1.501534255425,0.0020698814350000039,0.00045253406100000115
1.8779999999999999,0.076202444384999998,1.5799835204999999,0.078284947283000006,0.076649928315000004,1.5037810761149999,0.0020825028980000077,0.00044748393000000608
1.879,0.075021835785999996,1.5810453177999999,0.077116073600999993,0.075464256430000001,1.5060234820139999,0.0020942378149999968,0.00044242064400000503
1.8799999999999999,0.073849349814000001,1.5821108465,0.075954437858000004,0.074286694860000002,1.508261496686,0.002105088044000003,0.00043734504600000113
1.881,0.072685013409999999,1.5831801571999999,0.074800069162999999,0.073117271368999995,1.51049514379,0.0021150557530000003,0.00043225795899999586
1.8819999999999999,0.071528853732000006,1.5842533001000001,0.073652996881999999,0.071956013833000002,1.5127244463680001,0.0021241431499999935,0.00042716010099999591
1.883,0.070380897688999994,1.5853303255,0.072513250616999994,0.070802950111999996,1.5149494278110001,0.0021323529280000003,0.00042205242300000223
1.8839999999999999,0.069241172439999998,1.5864112832999999,0.071380860224999995,0.069658108019999998,1.51717011086,0.0021396877849999968,0.00041693557999999964
1.885,0.068109704886000003,1.5874962235000001,0.070255855813999998,0.068521515451000006,1.5193865186140001,0.0021461509279999957,0.00041181056500000368
1.8859999999999999,0.066986522150000005,1.5885851959999999,0.069138267673000006,0.067393200222000002,1.5215986738499998,0.002151745523000001,0.00040667807199999684
1.887,0.065871651252999999,1.5896782505,0.068028126428000005,0.066273190209999999,1.523806599247,0.0021564751750000055,0.00040153895699999997
1.8879999999999999,0.064765119134999993,1.5907754365,0.066925462926000004,0.065161513237999999,1.5260103173649999,0.0021603437910000106,0.00039639410300000566
1.889,0.063666952895999995,1.5918768035999999,0.065830308251000003,0.064058197226999999,1.5282098507040001,0.0021633553550000073,0.00039124433100000411
1.8899999999999999,0.062577179541999997,1.5929824013,0.064742693731000001,0.062963269909999994,1.530405221758,0.0021655141890000035,0.00038609036799999719
1.891,0.061495826040999998,1.5940922789,0.063662650991000005,0.061876759238999997,1.5325964528590001,0.002166824950000007,0.00038093319799999831
1.8919999999999999,0.060422919424,1.5952064857999999,0.062590211867999998,0.060798693022999999,1.5347835663759999,0.0021672924439999977,0.00037577359899999829
1.893,0.059358486694999997,1.5963250711000001,0.061525408381999998,0.059729099139999998,1.536966584405,0.0021669216870000008,0.00037061244500000146
1.8939999999999999,0.058302554856999998,1.5974480841000001,0.060468273029999998,0.058668005388000002,1.5391455292430001,0.0021657181730000002,0.00036545053100000419
1.895,0.057255150833999999,1.5985755740000001,0.059418838382000003,0.057615439647,1.541320423166,0.002163687548000004,0.00036028881300000093
1.8959999999999999,0.05621630172,1.5997075896999999,0.058377137310999999,0.056571429732000002,1.54349128798,0.0021608355909999988,0.00035512801200000138
1.897,0.055186034288999999,1.6008441805,0.057343202990000001,0.055536003495,1.545658146211,0.0021571687010000021,0.00034996920600000037
1.8979999999999999,0.054164375727000003,1.6019853953000001,0.05631706878,0.054509188727000002,1.547821019573,0.0021526930529999974,0.00034481299999999937
1.899,0.053151352811000002,1.6031312833,0.055298768387999998,0.053491013301,1.5499799304890001,0.0021474155769999961,0.00033966048999999748
1.8999999999999999,0.052146992596000002,1.6042818932,0.054288335732000002,0.052481504997000002,1.5521349006039999,0.0021413431359999999,0.00033451240099999918
1.901,0.051151322015,1.6054372743000001,0.053285805009999999,0.051480691646999997,1.5542859522850001,0.0021344829949999991,0.00032936963199999697
1.9019999999999999,0.050164367872000001,1.6065974754000001,0.052291210696999997,0.050488600995999999,1.556433107528,0.0021268428249999957,0.00032423312399999793
1.903,0.049186157191000002,1.6077625455,0.051304587520999999,0.0495052609,1.558576388309,0.0021184303299999971,0.00031910370899999874
1.9039999999999999,0.048216716892000001,1.6089325338,0.050325970476000001,0.048530699139000003,1.560715816908,0.0021092535839999996,0.00031398224700000116
1.905,0.047256073757,1.6101074889,0.049355394832999999,0.047564943462999998,1.562851415143,0.0020993210759999992,0.00030886970599999786
1.9059999999999999,0.046304254757,1.6112874601,0.048392896120000001,0.046608021641000003,1.564983205343,0.0020886413630000003,0.00030376688400000212
1.907,0.045361286713999999,1.6124724963999999,0.047438510199999999,0.045659961456000001,1.5671112096859998,0.0020772234860000002,0.00029867474200000188
1.9079999999999999,0.044427196576999999,1.6136626468999999,0.046492273068000002,0.044720790625999998,1.5692354503229999,0.0020650764910000036,0.00029359404899999969
1.909,0.043502010925000001,1.6148579605,0.045554221131000001,0.043790536897,1.571355949575,0.0020522102060000005,0.00028852597199999913
1.9099999999999999,0.042585756832999998,1.6160584865000001,0.044624391015999999,0.042869227997999998,1.5734727296670001,0.0020386341830000015,0.00028347116500000019
1.911,0.041678461086999997,1.6172642740000001,0.043702819604999998,0.041956891687000002,1.575585812913,0.0020243585180000009,0.00027843060000000419
1.9119999999999999,0.040780150330000001,1.6184753722,0.042789544095999998,0.041053555508000002,1.57769522187,0.0020093937659999977,0.00027340517800000103
1.913,0.039890851491000003,1.6196918303000001,0.041884601889999998,0.040159247309000001,1.5798009788090002,0.0019937503989999952,0.00026839581799999873
1.9139999999999999,0.039010591279000001,1.6209136976,0.040988030776000002,0.039273994729999998,1.5819031063210001,0.0019774394970000012,0.00026340345099999662
1.915,0.038139396414,1.6221410236,0.040099868676000003,0.038397825335000003,1.584001627186,0.0019604722620000029,0.00025842892100000348
1.9159999999999999,0.037277293650000001,1.6233738575000001,0.039220153926999998,0.037530766868999997,1.58609656385,0.001942860276999997,0.00025347321899999581
1.917,0.036424309706000003,1.6246122488000001,0.038348925085999998,0.036672846969,1.5881879390940001,0.0019246153799999943,0.00024853726299999684
1.9179999999999999,0.035580471240000001,1.6258562472,0.037486220899,0.035824093086,1.5902757759599999,0.0019057496589999987,0.00024362184599999864
1.919,0.034745804962999997,1.627105902,0.036632080541999998,0.034984533004999999,1.592360097037,0.0018862755790000005,0.00023872804200000125
1.9199999999999999,0.033920337522000001,1.6283612632,0.035786543392999998,0.034154194175999998,1.5944409256779999,0.0018662058709999971,0.00023385665399999755
1.921,0.033104095532999998,1.6296223803000001,0.03494964909,0.033333104234000002,1.5965182847670001,0.0018455535570000015,0.00022900870100000387
1.9219999999999999,0.032297105651000003,1.6308893031,0.034121437584999997,0.032521290692999999,1.5985921974490001,0.0018243319339999939,0.0002241850419999955
1.923,0.031499394420999999,1.6321620817,0.033301949056000001,0.031718781103999998,1.600662687279,0.0018025546350000018,0.00021938668299999881
1.9239999999999999,0.030710988456,1.6334407659000001,0.032491224052000001,0.030925602890999999,1.6027297774440001,0.0017802355960000009,0.00021461443499999969
1.925,0.029931914295999999,1.6347254058,0.031689303304999999,0.030141783618999999,1.6047934915040001,0.0017573890090000002,0.00020986932299999969
1.9259999999999999,0.029162198479999998,1.6360160513999999,0.030896227888000002,0.029367350713999998,1.60685385292,0.0017340294080000034,0.00020515223400000004
1.927,0.028401867466,1.6373127532,0.030112039124000001,0.028602331644000001,1.608910885734,0.0017101716580000016,0.00020046417800000105
1.9279999999999999,0.027650947842,1.6386155614,0.029336778611000001,0.027846753881999999,1.610964613558,0.0016858307690000018,0.0001958060399999996
1.929,0.026909465957999999,1.6399245263,0.028570488161999998,0.027100644701000001,1.6130150603419999,0.001661022203999999,0.00019117874300000198
1.9299999999999999,0.026177448345999998,1.6412396985,0.027813210046999999,0.026364031478999999,1.615062250154,0.0016357617010000006,0.00018658313300000048
1.931,0.025454921387999999,1.6425611286999999,0.027064986647000001,0.025636941715,1.6171062073119999,0.0016100652590000028,0.00018202032700000148
1.9319999999999999,0.024741911508000002,1.6438888674000001,0.026325860695000002,0.024919402736999999,1.619146955892,0.001583949187,0.00017749122899999789
1.9330000000000001,0.024038445007999999,1.6452229654999999,0.025595875154000001,0.024211441651000001,1.6211845204919999,0.0015574301460000023,0.00017299664300000211
1.9339999999999999,0.023344548271999999,1.6465634738999999,0.024875073268000002,0.023513085893999999,1.6232189256279999,0.0015305249960000031,0.00016853762199999997
1.9350000000000001,0.022660247548000001,1.6479104436000001,0.024163498628000001,0.022824362757000002,1.6252501960520001,0.0015032510800000003,0.00016411520900000073
1.9359999999999999,0.021985569250999999,1.6492639256999999,0.023461195019999999,0.022145299423,1.6272783564489999,0.0014756257690000003,0.00015973017200000134
1.9370000000000001,0.021320539563,1.6506239712999999,0.022768206531999999,0.021475923083999999,1.6293034317369999,0.0014476669689999985,0.00015538352099999861
1.9379999999999999,0.020665184755999998,1.6519906319,0.022084577527999999,0.020816260949,1.631325447144,0.0014193927720000006,0.00015107619300000139
1.9390000000000001,0.020019531026000001,1.6533639588,0.021410352646999999,0.020166340195,1.6333444277739999,0.0013908216209999984,0.00014680916899999924
1.9399999999999999,0.019383604591000001,1.6547440035000001,0.02074557678,0.019526187920999999,1.635360398909,0.0013619721889999992,0.00014258332999999776
1.9410000000000001,0.018757431489000002,1.6561308176,0.020090295102999998,0.018895831222,1.637373386111,0.0013328636139999968,0.00013839973299999836
1.9419999999999999,0.018141037992000002,1.657524453,0.019444553092000001,0.018275297206000001,1.639383415008,0.0013035150999999995,0.00013425921399999943
1.9430000000000001,0.017534450104999998,1.6589249612999999,0.018808396412000002,0.017664612967000001,1.6413905111949998,0.0012739463070000033,0.00013016286200000227
1.944,0.016937693973999999,1.6603323945999999,0.018181871067000002,0.017063805325,1.6433947006259999,0.0012441770930000026,0.00012611135100000156
1.9450000000000001,0.016350795516000001,1.6617468047999999,0.017565023310999999,0.016472901460000001,1.6453960092839999,0.0012142277949999981,0.00012210594400000052
1.946,0.01577378083,1.6631682443,0.016957899661999998,0.015891928286000001,1.64739446347,0.001184118831999998,0.00011814745600000065
1.9470000000000001,0.015206675895999999,1.6645967653,0.016360546911000001,0.015320912708,1.6493900894040001,0.001153871015000002,0.00011423681200000042
1.948,0.014649506664999999,1.6660324200000001,0.015773012098999999,0.014759881634000001,1.651382913335,0.0011235054339999995,0.00011037496900000165
1.9490000000000001,0.014102299017000001,1.6674752611000001,0.015195342496,0.014208861923000001,1.653372962083,0.0010930434789999995,0.000106562906
1.95,0.013565078818999999,1.6689253411,0.014627585707,0.013667880416,1.655360262281,0.0010625068880000012,0.0001028015970000011
1.9510000000000001,0.013037872012999999,1.6703827127999999,0.014069789564,0.013136963927000001,1.657344840787,0.0010319175510000011,9.9091914000001488e-05
1.952,0.012520704329,1.6718474288,0.013522002101,0.012616139179999999,1.6593267244709999,0.0010012977720000003,9.5434850999999779e-05
1.9530000000000001,0.012013601638000001,1.6733195423,0.012984271707999999,0.012105432966,1.6613059406620001,0.00097067006999999872,9.183132799999924e-05
1.954,0.011516589607,1.6747991062000001,0.012456646962999999,0.011604871980999999,1.6632825165930001,0.00094005735599999966,8.8282373999999664e-05
1.9550000000000001,0.011029694022,1.6762861736000001,0.011939176722000001,0.011114482829999999,1.665256479578,0.00090948270000000032,8.4788807999999077e-05
1.956,0.010552940564,1.6777807978999999,0.011431910068,0.010634292248000001,1.667227857336,0.000878969504,8.1351684000001076e-05
1.9570000000000001,0.010086354885000001,1.6792830324000001,0.010934896393,0.010164326735,1.669196677515,0.00084854150799999924,7.7971849999998802e-05
1.958,0.0096299626109999995,1.6807929305,0.010448185208,0.0097046129306999993,1.6711629678890001,0.00081822259700000018,7.465031969999987e-05
1.9590000000000001,0.0091837893123999995,1.6823105460000001,0.0099718264349999992,0.0092551773402999998,1.6731267566876,0.00078803712259999971,7.1388027900000373e-05
1.96,0.0087478606057000002,1.6838359323000001,0.0095058701182999996,0.0088160464629000006,1.6750880716943,0.00075800951259999937,6.8185857200000338e-05
1.9610000000000001,0.0083222019423999996,1.6853691435,0.0090503666052000002,0.0083872467460000006,1.6770469415575999,0.00072816466280000054,6.5044803600000992e-05
1.962,0.0079068387343000004,1.6869102333999999,0.0086053664553000005,0.0079688046203999999,1.6790033946656999,0.00069852772100000016,6.1965886099999562e-05
1.9630000000000001,0.0075017965752000003,1.6884592559,0.0081709204714000006,0.0075607464714999998,1.6809574593248,0.00066912389620000026,5.8949896299999478e-05
1.964,0.0071071008413,1.6900162652999999,0.0077470796976999998,0.0071630986363000002,1.6829091644587,0.00063997885639999978,5.5997795000000197e-05
1.9650000000000001,0.0067227768929000002,1.6915813156999999,0.0073338953968999998,0.0067758874251999997,1.6848585388071,0.00061111850399999963,5.3110532299999527e-05
1.966,0.0063488499891,1.6931544616,0.0069314190729999996,0.0063991391051999996,1.6868056116109,0.00058256908389999959,5.0289116099999642e-05
1.9670000000000001,0.0059853455428999997,1.6947357572999999,0.0065397024512999996,0.0060328799275000001,1.6887504117570999,0.00055435690839999996,4.7534384600000402e-05
1.968,0.0056322887984999997,1.6963252573000001,0.0061587975124999996,0.0056771360845999999,1.6906929685015,0.00052650871399999993,4.484728610000023e-05
1.9690000000000001,0.0052897049327999997,1.6979230164000001,0.0057887563901,0.0053319337187000002,1.6926333114672001,0.00049905145730000031,4.2228785900000516e-05
1.97,0.0049576192092000001,1.6995290891999999,0.0054296315290999998,0.0049972989170000001,1.6945714699907999,0.00047201231989999967,3.9679707799999964e-05
1.9710000000000001,0.0046360566760000003,1.7011435306,0.0050814755072000001,0.0046732578249999998,1.696507473924,0.00044541883119999983,3.7201148999999566e-05
1.972,0.0043250425492999999,1.7027663955000001,0.0047443411814000001,0.0043598363906999999,1.6984413529507001,0.00041929863210000019,3.4793841399999997e-05
1.9730000000000001,0.0040246018908999997,1.7043977389,0.0044182815798000001,0.0040570606857999996,1.7003731370091,0.00039367968890000049,3.2458794899999956e-05
1.974,0.0037347596368000001,1.7060376158999999,0.0041033499583000002,0.0037649566157999998,1.7023028562631999,0.00036859032150000004,3.0196978999999687e-05
1.9750000000000001,0.0034555409005000001,1.7076860817999999,0.0037995997749999998,0.0034835501497,1.7042305408995,0.00034405887449999971,2.8009249199999892e-05
1.976,0.0031869706137,1.7093431916999999,0.0035070846719000002,0.0032128670380000002,1.7061562210862999,0.00032011405820000019,2.5896424300000161e-05
1.9770000000000001,0.0029290736814000001,1.7110090011000001,0.003225858517,0.0029529332134999998,1.7080799274186,0.00029678483559999981,2.3859532099999685e-05
1.978,0.0026818749643999999,1.7126835654000001,0.0029559753811000001,0.0027037744275000002,1.7100016904356001,0.00027410041670000024,2.1899463100000325e-05
1.9790000000000001,0.0024453993236000001,1.7143669400999999,0.0026974895044,0.0024654164222999999,1.7119215407763999,0.00025209018079999992,2.0017098699999774e-05
1.98,0.0022196715780000002,1.7160591809000001,0.0024504553390000002,0.0022378849231,1.713839509322,0.00023078376100000002,1.8213345099999789e-05
1.9810000000000001,0.0020047164623999999,1.7177603433999999,0.0022149274897999998,0.0020212055408000001,1.7157556269376,0.00021021102739999988,1.6489078400000207e-05
1.982,0.0018005586936,1.7194704833000001,0.0019909607812,0.0018154039073,1.7176699246064,0.00019040208760000006,1.4845213700000063e-05
1.9830000000000001,0.0016072229632,1.7211896565,0.0017786101986999999,0.0016205056122000001,1.7195824335368,0.00017138723549999998,1.3282649000000103e-05
1.984,0.0014247339106,1.7229179189999999,0.0015779309048000001,0.0014365361488999999,1.7214931850894,0.00015319699420000008,1.1802238299999952e-05
1.9850000000000001,0.0012531161323,1.7246553265,0.0013889782408000001,0.0012635210248,1.7234022103677,0.00013586210850000005,1.0404892500000002e-05
1.986,0.0010923942035999999,1.7264019352,0.0012118077301999999,0.0011014856266000001,1.7253095409963999,0.00011941352660000001,9.0914230000001782e-06
1.9870000000000001,0.00094259257526000003,1.7281578011000001,0.0010464750329999999,0.00095045539911000005,1.7272152085247401,0.00010388245773999989,7.8628238500000206e-06
1.988,0.00080373574825000002,1.7299229803,0.00089303601108999995,0.00081045572161000002,1.72911924455175,8.930026283999993e-05,6.7199733599999966e-06
1.9890000000000001,0.00067584818807999998,1.7316975291000001,0.00075154658623999998,0.00068151177708000005,1.7310216809119201,7.5698398159999999e-05,5.6635890000000756e-06
1.99,0.00055895428346000001,1.7334815036,0.00062206299395999997,0.00056364891231000004,1.7329225493165399,6.3108710499999959e-05,4.6946288500000332e-06
1.9910000000000001,0.00045307831412000002,1.7352749601999999,0.00050464150656000001,0.00045689221547,1.73482188188588,5.1563192439999992e-05,3.8139013499999806e-06
1.992,0.00035824465675999998,1.7370779552,0.00039933849866000002,0.00036126699597,1.7367197105432399,4.109384190000004e-05,3.0223392100000267e-06
1.9930000000000001,0.0002744775377,1.7388905448,0.00030621066339999998,0.00027679830865999999,1.7386160672623001,3.1733125699999986e-05,2.3207709599999877e-06
1.994,0.00020180121568,1.7407127856,0.00022531461686999999,0.00020351121165000001,1.7405109843843201,2.3513401189999994e-05,1.7099959700000154e-06
1.9950000000000001,0.00014023977482,1.7425447339,0.00015670732228000001,0.00014143073472999999,1.7424044941251799,1.6467547460000012e-05,1.1909599099999913e-06
1.996,8.9817457465000001e-05,1.7443864462000001,0.00010044568879,9.0581857021000003e-05,1.744296628742535,1.0628231325000002e-05,7.6439955600000203e-07
1.9970000000000001,5.0558273053000003e-05,1.7462379791,5.6586843775000001e-05,5.0989487783000002e-05,1.746187420826947,6.028570721999998e-06,4.3121472999999922e-07
1.998,2.2486313688999998e-05,1.7480993889000001,2.5188031946000001e-05,2.2678511559e-05,1.748076902586311,2.7017182570000021e-06,1.9219787000000142e-07
1.9990000000000001,5.6255834910000003e-06,1.7499707322,6.3066105588999999e-06,5.6737736801999997e-06,1.7499651066165089,6.8102706789999956e-07,4.8190189199999415e-08
2,8.3522078142999999e-12,1.7518520657000001,6.1040061893999997e-12,1.3762324613e-11,1.7518520656916479,2.2482016249000002e-12,5.4101167987000002e-12
2.0009999999999999,5.6255641268000002e-06,1.7537434457000001,6.3054007653000004e-06,5.6734564378e-06,1.7537378201358733,6.7983663850000012e-07,4.7892310999999741e-08
2.0019999999999998,1.5351178985000001e-05,1.7555783626000001,1.6215418546999999e-05,1.5396282862e-05,1.755563011421015,8.6423956199999858e-07,4.5103876999999347e-08
2.0030000000000001,3.6308020401e-05,1.7574239091999999,3.7400841203999999e-05,3.636470124e-05,1.7573876011795988,1.0928208029999993e-06,5.6680838999999446e-08
2.004,6.8471909243999999e-05,1.7592800274,6.9835454855000004e-05,6.8552458100999995e-05,1.7592115554907559,1.3635456110000044e-06,8.0548856999995764e-08
2.0049999999999999,0.00011181866403,1.7611466596000001,0.00011349295528999999,0.0001119332876,1.76103484093597,1.6742912599999893e-06,1.1462356999999014e-07
2.0059999999999998,0.00016632378514999999,1.7630237484,0.00016834710645,0.00016648103680999999,1.7628574246148501,2.0233213000000105e-06,1.5725166000000058e-07
2.0070000000000001,0.00023196309044999999,1.7649112369,0.00023437158146,0.0002321693859,1.76467927380955,2.4084910100000145e-06,2.0629545000001382e-07
2.008,0.00030871219009,1.7668090687,0.00031154011837999999,0.00030897204039999999,1.76650035650991,2.8279282899999953e-06,2.5985030999999513e-07
2.0089999999999999,0.00039654652076000002,1.7687171877000001,0.00039982637343000002,0.00039686275164000002,1.76832064117924,3.2798526700000027e-06,3.1623088000000237e-07
2.0099999999999998,0.00049544173983,1.7706355382000001,0.00049920400969000005,0.00049581523048999995,1.7701400964601701,3.7622698600000507e-06,3.7349065999995289e-07
2.0110000000000001,0.00060537333157999998,1.7725640648000001,0.00060964672817000003,0.00060580310135000003,1.77195869146842,4.2733965900000484e-06,4.2976977000005329e-07
2.012,0.00072631672583000002,1.7745027127999999,0.00073112818553000005,0.00072680008477999996,1.7737763960741699,4.8114597000000359e-06,4.8335894999994734e-07
2.0129999999999999,0.00085824737256000002,1.7764514277000001,0.00086362198929999996,0.00085877985801000002,1.7755931803274401,5.3746167399999377e-06,5.3248544999999654e-07
2.0139999999999998,0.0010011406647000001,1.7784101554,0.0010071017922000001,0.0010017161029000001,1.7774090147353001,5.9611274999999981e-06,5.7543819999999503e-07
2.0150000000000001,0.0011549719596,1.7803788423,0.0011615412315,0.0011555824237999999,1.7792238703404,6.569271900000017e-06,6.1046419999990012e-07
2.016,0.0013197165688,1.782357435,0.0013269139280999999,0.001320352474,1.7810377184312001,7.1973592999999281e-06,6.3590519999994106e-07
2.0169999999999999,0.0014953498013000001,1.7843458807999999,0.0015031935047,0.0014959998913,1.7828505309986999,7.8437033999999208e-06,6.5008999999990012e-07
2.0179999999999998,0.0016818468891000001,1.7863441271,0.001690353465,0.0016824982787999999,1.7846622802109,8.5065758999999189e-06,6.5138969999986758e-07
2.0190000000000001,0.0018791831115,1.788352122,0.0018883674757,0.0018798213162,1.7864729388885001,9.1843641999999909e-06,6.3820470000007685e-07
2.02,0.0020873335371000001,1.7903698135999999,0.002097209122,0.0020879425196999998,1.7882824800628998,9.8755848999998626e-06,6.0898259999966203e-07
2.0209999999999999,0.0023062734032,1.7923971509000001,0.0023168519693999999,0.0023068355517999999,1.7900908774968001,1.0578566199999882e-05,5.6214859999988501e-07
2.0219999999999998,0.0025359778205999999,1.7944340828000001,0.0025472695806999998,0.0025364739972000001,1.7918981049794001,1.1291760099999947e-05,4.9617660000025182e-07
2.0230000000000001,0.0027764218789999998,1.7964805589999999,0.0027884355478999998,0.0027768314147999999,1.7937041371209999,1.2013668900000014e-05,4.0953580000011383e-07
2.024,0.0030275806215000001,1.7985365293,0.0030403233297000001,0.0030278814147000001,1.7955089486784999,1.2742708199999994e-05,3.0079319999999285e-07
2.0249999999999999,0.0032894290824,1.8006019441000001,0.0033029066200000001,0.0032895975656999999,1.7973125150176001,1.3477537600000127e-05,1.6848329999989003e-07
2.0259999999999998,0.0035619422539000002,1.8026767540999999,0.0035761588028999998,0.0035619533726999998,1.7991148118461,1.4216548999999596e-05,1.1118799999633444e-08
2.0270000000000001,0.0038450950726999999,1.8047609103,0.0038600535164,0.0038449224683000001,1.8009158152272999,1.4958443700000164e-05,1.726043999997727e-07
2.028,0.0041388625009000004,1.8068543639000001,0.0041545642640000002,0.0041384783738999996,1.8027155013991001,1.5701763099999766e-05,3.8412700000076822e-07
2.0289999999999999,0.0044432194353999999,1.8089570657,0.0044596645964,0.0044425946827000001,1.8045138462646,1.6445161000000139e-05,6.2475269999983513e-07
2.0299999999999998,0.0047581407643000001,1.8110689665999999,0.0047753279624000002,0.0047572448977000002,1.8063108258356999,1.7187198100000051e-05,8.9586659999998236e-07
2.0310000000000001,0.0050836012155999998,1.8131900177,0.0051015279541000002,0.0050824025183999998,1.8081064164844001,1.7926738500000441e-05,1.1986971999999874e-06
2.032,0.0054195757393,1.8153201707,0.0054382380507000004,0.0054180411163000002,1.8099005949606999,1.8662311400000423e-05,1.5346229999997629e-06
2.0329999999999999,0.0057660390397999998,1.8174593775000001,0.0057854317569999997,0.0057641342282000003,1.8116933384602001,1.939271719999993e-05,1.9048115999995008e-06
2.0339999999999998,0.0061229659107,1.8196075904,0.0061430825939999996,0.0061206553985000004,1.8134846244892999,2.0116683299999626e-05,2.310512199999587e-06
2.0350000000000001,0.0064903310593,1.8217647621999999,0.0065111640587000004,0.0064875781202999999,1.8152744311406999,2.0832999400000399e-05,2.7529390000001139e-06
2.036,0.0068681091999999999,1.8239308457000001,0.0068896496456999998,0.0068648759307,1.8170627365000001,2.1540445699999924e-05,3.2332692999998899e-06
2.0369999999999999,0.0072562749657999999,1.8261057941000001,0.0072785127980000003,0.0072525223429999999,1.8188495191342,2.2237832200000356e-05,3.7526228000000356e-06
2.0379999999999998,0.0076548030414999996,1.8282895605,0.0076777270905000004,0.0076504908830999996,1.8206347574585,2.2924049000000793e-05,4.3121583999999533e-06
2.0390000000000001,0.0080636680267999992,1.8304820986999999,0.0080872660104999994,0.0080587550535000003,1.8224184306731999,2.359798370000013e-05,4.9129732999989018e-06
2.04,0.0084828445206000004,1.8326833625000001,0.0085071029709,0.0084772883606000007,1.8242005179794001,2.4258450299999637e-05,5.5561599999996714e-06
2.0409999999999999,0.0089123071041000007,1.8348933064999999,0.0089372115298999993,0.0089060643533000004,1.8259809993959,2.4904425799998631e-05,6.242750800000349e-06
2.0419999999999998,0.0093520302319999998,1.8371118851999999,0.0093775651725999994,0.0093450564791000001,1.8277598549679999,2.5534940599999598e-05,6.9737528999996856e-06
2.0430000000000001,0.0098019884845000002,1.8393390536000001,0.0098281373417000006,0.0097942383506000007,1.8295370651155001,2.6148857200000361e-05,7.7501338999995395e-06
2.044,0.010262156366000001,1.8415747671,0.010288901568000001,0.010253583300999999,1.8313126107340001,2.6745201999999954e-05,8.5730650000014758e-06
2.0449999999999999,0.010732508357999999,1.8438189813999999,0.010759831329,0.010723065015,1.8330864730419998,2.7322971000000654e-05,9.443342999999535e-06
2.0459999999999998,0.011213018829000001,1.8460716526000001,0.011240900087000001,0.011202656914000001,1.834858633771,2.788125800000027e-05,1.0361914999999777e-05
2.0470000000000002,0.011703662227,1.8483327368,0.011732081384,0.011692332501,1.8366290745730001,2.841915699999982e-05,1.1329726000000595e-05
2.048,0.012204413020000001,1.8506021909999999,0.01223334863,0.012192065324999999,1.8383977779799998,2.8935609999999196e-05,1.2347695000001352e-05
2.0489999999999999,0.012715245449,1.8528799719,0.012744675368000001,0.012701828885,1.8401647264509999,2.9429919000000318e-05,1.341656399999995e-05
2.0499999999999998,0.013236133975,1.8551660371000001,0.013266035083,0.013221596679000001,1.841929903125,2.9901108000000148e-05,1.4537295999999048e-05
2.0510000000000002,0.013767052863,1.8574603440999999,0.013797401254999999,0.01375134223,1.8436932912369999,3.0348391999999655e-05,1.5710633000000016e-05
2.052,0.014307976492,1.8597628508999999,0.014338747400999999,0.01429103908,1.8454548744079999,3.077090899999968e-05,1.6937411999999943e-05
2.0529999999999999,0.014858879035,1.8620735157999999,0.014890046997999999,0.014840660701,1.847214636765,3.1167962999999535e-05,1.8218333999999933e-05
2.0539999999999998,0.015419734841,1.8643922976,0.015451273607,0.015400180641000001,1.8489725627590001,3.1538766000000634e-05,1.9554199999998953e-05
2.0550000000000002,0.015990518155000001,1.8667191549,0.016022400611,0.015969572418999999,1.850728636745,3.1882455999998616e-05,2.0945736000001908e-05
2.056,0.016571203218999998,1.8690540472999999,0.016603401633,0.016548809572000001,1.8524828440809999,3.2198414000001591e-05,2.2393646999997741e-05
2.0569999999999999,0.017161764151,1.8713969342000001,0.017194250112999999,0.017137865621999999,1.8542351700490001,3.2485961999999258e-05,2.3898529000001417e-05
2.0579999999999998,0.017762175219999999,1.8737477754,0.017794919576,0.01773671412,1.8559856001800001,3.2744356000001529e-05,2.5461099999998793e-05
2.0590000000000002,0.018372410570999999,1.8761065311,0.018405383619000001,0.018345328582000001,1.8577341205290001,3.297304800000192e-05,2.7081988999998197e-05
2.0600000000000001,0.018992444383999999,1.8784731618999999,0.019025615658000001,0.018963682543000002,1.859480717516,3.3171274000001749e-05,2.8761840999997484e-05
2.0609999999999999,0.019622250748,1.8808476284,0.019655589288,0.019591749626999999,1.861225377652,3.3338540000000388e-05,3.0501121000000436e-05
2.0619999999999998,0.020261803758000001,1.8832298918000001,0.020295278029999999,0.020229503273,1.8629680880420001,3.3474271999997529e-05,3.2300485000000961e-05
2.0630000000000002,0.020911077577999999,1.8856199134,0.020944655422999999,0.020876917139999999,1.8647088358220001,3.3577845000000439e-05,3.416043799999921e-05
2.0640000000000001,0.021570046323000001,1.8880176550000001,0.021603695025000001,0.021533964725,1.8664476086770001,3.3648702000000502e-05,3.608159800000052e-05
2.0649999999999999,0.022238683908,1.8904230784,0.022272370368000002,0.022200619646000001,1.868184394492,3.3686460000001417e-05,3.8064261999998933e-05
2.0659999999999998,0.022916964498,1.8928361460000001,0.022950655029000001,0.022876855480999998,1.869919181502,3.3690531000000329e-05,4.0109017000002078e-05
2.0670000000000002,0.023604862119000002,1.8952568203,0.023638522580000002,0.023562645789000001,1.8716519581810001,3.3660460999999919e-05,4.2216330000000718e-05
2.0680000000000001,0.024302350790999998,1.8976850641,0.024335946567999998,0.024257964196000001,1.873382713309,3.359577699999991e-05,4.4386594999997614e-05
2.069,0.025009404528,1.9001208405000001,0.025042900584000001,0.024962784286,1.875111435972,3.349605600000069e-05,4.6620242000000589e-05
2.0699999999999998,0.025725997274,1.9025641131,0.025759358238000001,0.025677079609000002,1.8768381158259999,3.3360964000000992e-05,4.8917664999998528e-05
2.0710000000000002,0.026452103065,1.9050148454,0.026485293132000001,0.026400823893000001,1.878562742335,3.3190067000001683e-05,5.1279171999998874e-05
2.0720000000000001,0.027187695857,1.9074730014000001,0.027220678814000001,0.027133990645000002,1.880285305543,3.2982957000000923e-05,5.3705211999998531e-05
2.073,0.027932749592000001,1.9099385453,0.027965488949,0.027876553589,1.8820057957079999,3.2739356999999386e-05,5.6196003000000966e-05
2.0739999999999998,0.028687238170000001,1.9124114417,0.028719697145999999,0.028628486315,1.8837242035299999,3.2458975999998668e-05,5.8751855000000602e-05
2.0750000000000002,0.029451135590999999,1.9148916555,0.029483277055999998,0.029389762484,1.8854405199089999,3.214146499999973e-05,6.1373106999999122e-05
2.0760000000000001,0.030224415793999999,1.9173791515,0.030256202299000001,0.030160355795,1.8871547357060001,3.1786505000002546e-05,6.4059998999999035e-05
2.077,0.031007052566000001,1.9198738952000001,0.031038446534000001,0.030940239854000001,1.8888668426340001,3.1393968000000688e-05,6.6812712000000052e-05
2.0779999999999998,0.031799019914999997,1.9223758521000001,0.031829983451,0.031729388375999999,1.8905768321850001,3.0963536000003233e-05,6.9631538999997966e-05
2.0790000000000002,0.032600291670000003,1.9248849881000001,0.032630786618999999,0.032527775017,1.89228469643,3.0494948999995608e-05,7.2516653000002929e-05
2.0800000000000001,0.033410841758999998,1.9274012694,0.033440829840999997,0.033335373558000002,1.893990427641,2.9988081999998695e-05,7.5468200999996571e-05
2.081,0.034230644008000001,1.9299246622999999,0.034260086772000001,0.034152157616000003,1.8956940182919999,2.9442763999999733e-05,7.8486391999997573e-05
2.0819999999999999,0.035059672294999997,1.9324551335,0.035088531132,0.034978100954000002,1.8973954612049999,2.885883700000369e-05,8.1571340999994635e-05
2.0830000000000002,0.035897900491000001,1.9349926498000001,0.035926136598000001,0.035813177307000003,1.899094749309,2.8236107000000066e-05,8.472318399999762e-05
2.0840000000000001,0.036745302383,1.9375371783999999,0.036772876922,0.036657360437999997,1.9007918760169999,2.7574538999999842e-05,8.7941945000002963e-05
2.085,0.037601851848000002,1.9400886866,0.037628725847999998,0.037510624075999997,1.9024868347520001,2.6873999999996179e-05,9.122777200000487e-05
2.0859999999999999,0.038467522726999999,1.9426471422,0.038493657139,0.038372942041000002,1.9041796194730001,2.6134412000000662e-05,9.458068599999675e-05
2.0870000000000002,0.039342288805,1.945212513,0.039367644542000001,0.039244287996999999,1.9058702241950001,2.5355737000000433e-05,9.8000808000001105e-05
2.0880000000000001,0.040226123918999997,1.9477847670999999,0.040250661860000002,0.040124635869000003,1.9075586431809999,2.453794100000517e-05,0.000101488049999994
2.089,0.041119001896999997,1.9503638729999999,0.041142682862999998,0.041013959402999997,1.9092448711029999,2.3680966000000359e-05,0.00010504249400000026
2.0899999999999999,0.042020896495000001,1.9529497991,0.042043681373999997,0.041912232431999999,1.910928902605,2.2784878999995706e-05,0.00010866406300000242
2.0910000000000002,0.042931781564000002,1.9555425144,0.042953631201999999,0.042819428795000003,1.912610732836,2.1849637999997451e-05,0.00011235276899999869
2.0920000000000001,0.043851630872000003,1.9581419878999999,0.043872506200000001,0.043735522334,1.9142903570279999,2.087532799999875e-05,0.00011610853800000237
2.093,0.044780418224000001,1.960748189,0.044800280199000002,0.044660486923000002,1.9159677707760001,1.9861975000000365e-05,0.00011993130099999944
2.0939999999999999,0.045718117378000002,1.9633610871,0.045736927072999999,0.045594296446999999,1.9176429697220001,1.8809694999996629e-05,0.00012382093100000297
2.0950000000000002,0.046664702141999997,1.9659806520000001,0.046682420693999999,0.046536924787999999,1.9193159498580001,1.7718552000001164e-05,0.00012777735399999851
2.0960000000000001,0.047620146284999998,1.9686068537999999,0.047636734964999997,0.047488345818000002,1.920986707515,1.658867999999869e-05,0.00013180046699999559
2.097,0.048584423612000001,1.9712396624999999,0.048599843784999999,0.048448533517,1.9226552388879998,1.5420172999998372e-05,0.00013589009500000054
2.0979999999999999,0.049557507931,1.9738790487,0.049571721095,0.049417461800999998,1.924321540769,1.4213164000000111e-05,0.00014004613000000166
2.0990000000000002,0.050539372885000003,1.9765249829,0.050552340804,0.050395104635999999,1.9259856100149999,1.2967918999996775e-05,0.00014426824900000412
2.1000000000000001,0.051529992433000001,1.9791774360000001,0.051541676926,0.05138143597,1.9276474435670001,1.1684492999999851e-05,0.00014855646300000053
2.101,0.052529340144,1.981836379,0.052539703359000003,0.052376429810999998,1.9293070388560001,1.0363215000003256e-05,0.00015291033300000173
2.1019999999999999,0.053537389945999998,1.9845017833,0.053546394168999999,0.053380060148000001,1.9309643933539999,9.0042230000003665e-06,0.00015732979799999713
2.1030000000000002,0.054554115591999998,1.9871736201000001,0.054561723291000001,0.054392301060000002,1.9326195045080001,7.607699000003465e-06,0.00016181453199999585
2.1040000000000001,0.055579490786000003,1.9898518613,0.055585664811000003,0.055413126473999999,1.9342723705139999,6.1740249999997499e-06,0.0001663643120000044
2.105,0.056613489399000003,1.9925364785999999,0.056618192735000003,0.056442510459999998,1.9359229892009999,4.703336000000391e-06,0.00017097893900000494
2.1059999999999999,0.057656085145000001,1.9952274442,0.057659281145999997,0.057480427202999999,1.9375713590549999,3.196000999995674e-06,0.00017565794200000151
2.1070000000000002,0.058707251731999997,1.9979247303000001,0.058708904151000003,0.058526850689000001,1.9392174785680001,1.6524190000061223e-06,0.0001804010429999961
2.1080000000000001,0.059766963079,2.0006283093000001,0.059767035715999998,0.059581755054999998,1.940861346221,7.263699999815465e-08,0.00018520802400000258
2.109,0.060835192912,2.0033381540000001,0.060833650102000002,0.060645114439000003,1.9425029610880002,1.5428099999978406e-06,0.00019007847299999658
2.1099999999999999,0.061911915015999998,2.0060542371999999,0.061908721362999998,0.061716902998999998,1.944142322184,3.193652999999852e-06,0.00019501201699999998
2.1110000000000002,0.062997103174999999,2.0087765319000002,0.062992223686999999,0.062797094841000003,1.9457794287250001,4.8794880000008201e-06,0.00020000833399999585
2.1120000000000001,0.064090731191000005,2.0115050113000001,0.064084131220999999,0.063885664196000003,1.9474142801090002,6.5999700000068939e-06,0.00020506699500000281
2.113,0.065192772895000001,2.0142396487999998,0.065184418177000006,0.064982585258000006,1.9490468759049999,8.3547179999948762e-06,0.00021018763699999499
2.1139999999999999,0.066303201963000005,2.0169804180000002,0.066293058762000007,0.066087832235999996,1.9506772160370001,1.0143200999998547e-05,0.00021536972700000878
2.1150000000000002,0.067421992365999994,2.0197272927999999,0.067410027156000002,0.067201379352999996,1.9523053004339999,1.1965209999992288e-05,0.00022061301299999836
2.1160000000000001,0.068549117793999997,2.0224802468999998,0.068535297652000005,0.068323200888999999,1.9539311291059998,1.3820141999992819e-05,0.00022591690499999817
2.117,0.069684552139999995,2.0252392546000002,0.069668844531999993,0.069453271144000003,1.9555547024600002,1.5707608000001261e-05,0.00023128099599999119
2.1179999999999999,0.070828269168999994,2.0280042902000002,0.070810642074999999,0.070591564395,1.9571760210310001,1.7627093999994514e-05,0.00023670477399999335
2.1190000000000002,0.071980242757999996,2.0307753278999998,0.071960664539000005,0.071738054977000004,1.9587950851419997,1.9578218999991015e-05,0.00024218778099999172
2.1200000000000001,0.073140446757000002,2.0335523426000002,0.073118886347999998,0.072892717154999995,1.9604118958430001,2.1560409000004332e-05,0.00024772960200000749
2.121,0.074308854928999996,2.036335309,0.074285281780000004,0.074055525467000005,1.962026454071,2.3573148999991855e-05,0.0002533294619999904
2.1219999999999999,0.075485441234,2.039124202,0.075459825238999995,0.075226454030000001,1.963638760766,2.5615995000005665e-05,0.00025898720399999964
2.1230000000000002,0.076670179419999998,2.0419189967000002,0.076642491117,0.076405477478,1.9652488172800002,2.7688302999998027e-05,0.00026470194199999797
2.1240000000000001,0.077863043448000005,2.0447196685,0.077833253828000007,0.077592570139999997,1.9668566250519999,2.9789619999998074e-05,0.00027047330800000768
2.125,0.079064007167000003,2.0475261926999999,0.079032087814999999,0.078787706471999994,1.968462185533,3.1919352000003842e-05,0.00027630069500000909
2.1259999999999999,0.080273044463000001,2.0503385448999998,0.080238967517000007,0.079990860959999993,1.9700655004369998,3.4076945999994557e-05,0.00028218350300000805
2.1269999999999998,0.081490129224999999,2.0531567007999998,0.081453867437000005,0.081202008081999996,1.9716665715749997,3.6261787999994355e-05,0.00028812114300000302
2.1280000000000001,0.082715235373000004,2.0559806364000002,0.082676762072999996,0.082421122351999998,1.9732654010270001,3.8473300000008148e-05,0.00029411302100000591
2.129,0.083948336841999996,2.0588103275999998,0.083907625959000004,0.083648178279999999,1.9748619907579998,4.0710882999991926e-05,0.00030015856199999691
2.1299999999999999,0.085189407472000003,2.0616457505999999,0.085146433652000003,0.084883150524000001,1.9764563431279998,4.2973820000000162e-05,0.00030625694800000269
2.1309999999999998,0.086438421311999997,2.0644868818000002,0.086393159686000004,0.086126013481000005,1.9780484604880002,4.5261625999992727e-05,0.0003124078309999917
2.1320000000000001,0.087695352249000005,2.0673336976000001,0.087647778677999999,0.087376741899999999,1.979638345351,4.7573571000006365e-05,0.0003186103490000064
2.133,0.088960174293999994,2.0701861744999999,0.088910265284999998,0.088635310341000001,1.9812260002059998,4.9909008999995952e-05,0.00032486395299999304
2.1339999999999999,0.090232861366999997,2.0730442893999999,0.090180594047000004,0.089901693490000004,1.9828114280329998,5.2267319999993456e-05,0.00033116787699999373
2.1349999999999998,0.091513387528999998,2.0759080189999999,0.091458739721999999,0.091175865980000007,1.9843946314709999,5.4647806999999493e-05,0.00033752154899999165
2.1360000000000001,0.092801726638000001,2.0787773402999998,0.092744676981000002,0.092457802571999995,1.9859756136619999,5.7049656999999532e-05,0.00034392406600000647
2.137,0.094097852878000002,2.0816522306,0.094038380524000001,0.093747477913000005,1.9875543777219999,5.9472354000000838e-05,0.0003503749649999971
2.1379999999999999,0.095401740156999995,2.084532667,0.095339825087999999,0.095044866753999993,1.989130926843,6.1915068999995881e-05,0.00035687340300000203
2.1389999999999998,0.096713362573999997,2.0874186268999999,0.096648985431999998,0.096349943906000005,1.9907052643259999,6.4377141999999443e-05,0.00036341866799999289
2.1400000000000001,0.098032694205000007,2.0903100877999998,0.097965836373999998,0.097662684158999993,1.9922773935949998,6.6857831000008416e-05,0.0003700100460000133
2.141,0.099359709027999996,2.0932070273000001,0.099290352661000003,0.098983062223999996,1.993847318272,6.935636699999248e-05,0.00037664680399999984
2.1419999999999999,0.10069438122,2.0961094232000002,0.1006225092,0.10031105306,1.9954150419800001,7.1872020000002257e-05,0.00038332816000000158
2.1429999999999998,0.10203668483,2.0990172533,0.10196228072999999,0.10164663149,1.9969805684699999,7.4404100000008411e-05,0.00039005334000000169
2.1440000000000001,0.10338659403,2.1019304956,0.10330964228,0.10298977239,1.9985439015699999,7.695174999999832e-05,0.00039682164000000297
2.145,0.10474408283,2.1048491281000001,0.10466456866,0.10434045067,2.0001050452700002,7.9514170000002937e-05,0.00040363216000000035
2.1459999999999999,0.10610912554,2.1077731290999999,0.10602703484999999,0.10569864130000001,2.0016640035599997,8.2090690000008459e-05,0.00041048423999999473
2.1469999999999998,0.10748169616,2.1107024767999998,0.10739701578999999,0.10706431920999999,2.00322078064,8.46803700000065e-05,0.0004173769500000063
2.1480000000000001,0.10886176899,2.1136371498000002,0.10877448648,0.10843745939,2.00477538081,8.7282509999994651e-05,0.00042430959999999185
2.149,0.11024931824,2.1165771263000002,0.11015942194,0.10981803688,2.00632780806,8.9896300000003038e-05,0.00043128136000000761
2.1499999999999999,0.11164431801999999,2.1195223851999998,0.11155179714000001,0.11120602667,2.0078780671799996,9.2520879999988259e-05,0.00043829134999999464
2.1509999999999998,0.11304674262,2.1224729051,0.11295158721,0.11260140386,2.0094261624800001,9.5155410000005713e-05,0.00044533875999999695
2.1520000000000001,0.11445656631999999,2.1254286646999998,0.11435876719,0.11400414354000001,2.0109720983799999,9.7799129999992518e-05,0.00045242277999998914
2.153,0.11587376339,2.1283896430999998,0.11577331221999999,0.11541422078999999,2.0125158797099996,0.00010045117000000159,0.00045954260000000136
2.1539999999999999,0.11729830802000001,2.1313558191999999,0.11719519742999999,0.1168316108,2.0140575111799999,0.00010311059000001066,0.00046669722000000635
2.1549999999999998,0.11873017463,2.1343271721999999,0.11862439799000001,0.11825628867,2.0155969975699999,0.00010577663999999931,0.00047388596000000338
2.1560000000000001,0.12016933751,2.1373036811000001,0.1200608891,0.11968822965000001,2.01713434359,0.00010844841000000327,0.00048110785999999628
2.157,0.12161577102,2.1402853251999998,0.12150464591,0.12112740896,2.0186695541799997,0.00011112510999999881,0.00048836205999999716
2.1579999999999999,0.1230694495,2.1432720839999999,0.12295564375,0.12257380179000001,2.0202026344999999,0.00011380575000000115,0.00049564770999999119
2.1589999999999998,0.12453034731,2.1462639369000001,0.12441385784,0.12402738342,2.0217335895900002,0.00011648946999999465,0.00050296388999999941
2.1600000000000001,0.12599843895999999,2.1492608633999999,0.12587926349,0.12548812916999999,2.0232624244399999,0.00011917546999998252,0.00051030978999999643
2.161,0.12747369876,2.1522628429999999,0.12735183602,0.12695601441000001,2.0247891442400001,0.00012186274000000608,0.00051768434999999169
2.1619999999999999,0.12895610122000001,2.1552698555999998,0.12883155077,0.12843101436000001,2.0263137543799998,0.00012455045000001053,0.00052508685999999583
2.1629999999999998,0.13044562083,2.1582818808000002,0.13031838312999999,0.12991310450999999,2.0278362599699999,0.00012723770000000467,0.00053251632000000937
2.1640000000000001,0.13194223200999999,2.1612988985000001,0.1318123085,0.13140226019000001,2.02935666649,0.00012992350999999069,0.00053997181999998478
2.165,0.13344590934,2.1643208885999998,0.13331330228999999,0.13289845688999999,2.03087497926,0.00013260705000001094,0.0005474524500000133
2.1659999999999999,0.13495662733,2.1673478311999999,0.13482133998000001,0.13440167,2.0323912038700001,0.00013528734999998515,0.00055495732999999436
2.1669999999999998,0.13647436055000001,2.1703797059999999,0.13633639705,0.13591187504999999,2.03390534545,0.00013796350000000457,0.00056248550000001507
2.1680000000000001,0.13799908355000001,2.1734164934,0.13785844900999999,0.13742904752999999,2.03541740985,0.00014063454000001752,0.0005700360200000254
2.169,0.13953077095999999,2.1764581735999999,0.13938747134000001,0.13895316295999999,2.0369274026399999,0.00014329961999998142,0.00057760800000000723
2.1699999999999999,0.14106939736999999,2.1795047266999998,0.14092343969000001,0.14048419694,2.0384353293299999,0.00014595767999997511,0.000585200429999988
2.1709999999999998,0.14261493749000001,2.1825561330999999,0.14246632959,0.142022125,2.03994119561,0.000148607900000014,0.00059281249000001091
2.1720000000000002,0.14416736590000001,2.1856123732000001,0.1440161167,0.1435669228,2.0414450073000001,0.00015124920000000874,0.00060044310000001433
2.173,0.14572665739999999,2.1886734272999999,0.14557277665999999,0.14511856599,2.0429467698999999,0.00015388074000000085,0.00060809140999998346
2.1739999999999999,0.14729278662,2.1917392759999998,0.14713628510000001,0.14667703019,2.0444464893799998,0.00015650151999999085,0.00061575643000000291
2.1749999999999998,0.14886572834,2.1948098997000001,0.14870661775999999,0.14824229117000001,2.04594417136,0.00015911058000001033,0.00062343716999999077
2.1760000000000002,0.15044545734000001,2.1978852791999999,0.15028375037,0.14981432454999999,2.0474398218599998,0.00016170697000000844,0.00063113279000001632
2.177,0.15203194840000001,2.2009653949999999,0.15186765867999999,0.15139310615000001,2.0489334466,0.00016428972000001596,0.00063884224999999351
2.1779999999999999,0.15362517633,2.2040502277999998,0.15345831843999999,0.1529786118,2.05042505147,0.00016685789000001061,0.00064656453000000447
2.1789999999999998,0.15522511597999999,2.2071397583999999,0.15505570549,0.15457081717000001,2.0519146424199999,0.00016941048999999375,0.00065429880999998136
2.1800000000000002,0.15683174220000001,2.2102339675999998,0.15665979567999999,0.15616969813000001,2.0534022253999997,0.00017194652000002142,0.00066204407000000631
2.181,0.15844502989000001,2.2133328361000002,0.15827056483999999,0.15777523062000001,2.05488780621,0.00017446505000001666,0.00066979926999999329
2.1819999999999999,0.16006495399000001,2.216436345,0.15988798889,0.15938739046,2.0563713910099999,0.00017696510000000942,0.00067756353000000824
2.1829999999999998,0.1616914894,2.2195444750000002,0.16151204372,0.16100615358000001,2.0578529856000003,0.00017944568000000105,0.00068533581999999371
2.1840000000000002,0.16332461111999999,2.2226572072000002,0.1631427053,0.16263149592000001,2.05933259608,0.00018190581999999456,0.00069311519999998294
2.1850000000000001,0.16496429409999999,2.2257745224000001,0.1647799496,0.16426339345999999,2.0608102283000003,0.00018434449999998881,0.00070090064000000174
2.1859999999999999,0.16661051341999999,2.2288964019000002,0.16642375263,0.16590182216999999,2.0622858884799999,0.00018676078999999013,0.00070869125000000421
2.1869999999999998,0.16826324409000001,2.2320228266000002,0.16807409041999999,0.16754675809,2.0637595825100004,0.00018915367000002514,0.00071648600000001617
2.1880000000000002,0.16992246119000001,2.2351537775999999,0.16973093899,0.16919817720999999,2.0652313164099998,0.00019152220000001607,0.00072428398000001781
2.1890000000000001,0.17158813979000001,2.238289236,0.17139427447,0.17085605567000001,2.0667010962100001,0.000193865320000014,0.00073208412000000389
2.1899999999999999,0.17326025507000001,2.2414291831000002,0.17306407295000001,0.1725203696,2.06816892803,0.00019618211999999913,0.00073988547000000682
2.1909999999999998,0.17493878215,2.2445735999999998,0.17474031057,0.17419109500999999,2.0696348178499999,0.00019847157999999809,0.00074768714000000847
2.1920000000000002,0.17662369626999999,2.2477224679000001,0.1764229635,0.17586820819000001,2.07109877163,0.00020073276999998946,0.00075548807999997747
2.1930000000000001,0.17831497249,2.2508757680999998,0.17811200793000001,0.17755168522000001,2.0725607956099998,0.00020296455999999075,0.00076328726999999597
2.194,0.18001258613000001,2.2540334818000001,0.17980742009,0.1792415024,2.0740208956699999,0.00020516604000000993,0.00077108373000001063
2.1949999999999998,0.18171651252000001,2.2571955903999998,0.18150917623000001,0.18093763588,2.0754790778799999,0.00020733628999999865,0.00077887664000000911
2.1960000000000002,0.18342672682,2.2603620751000002,0.18321725260999999,0.18264006199999999,2.0769353482800001,0.00020947421000000466,0.00078666482000000482
2.1970000000000001,0.18514320444999999,2.2635329173000001,0.18493162555000001,0.18434875701,2.07838971285,0.00021157889999998125,0.00079444743999998457
2.198,0.18686592071999999,2.2667080983000001,0.18665227135000001,0.18606369726999999,2.0798421775800002,0.00021364936999998529,0.00080222345000000028
2.1989999999999998,0.18859485096,2.2698875995000001,0.18837916641999999,0.18778485906,2.0812927485400001,0.00021568454000001069,0.0008099919000000011
2.2000000000000002,0.19032997060000001,2.2730714023999998,0.19011228711,0.18951221877999999,2.0827414317999997,0.00021768349000000908,0.00081775182000001778
2.2010000000000001,0.1920712551,2.2762594882,0.19185160981999999,0.19124575287000001,2.0841882330999999,0.00021964528000001371,0.00082550222999999701
2.202,0.19381867984000001,2.2794518384,0.19359711102999999,0.19298543770000001,2.0856331585599999,0.00022156881000001682,0.00083324213999999563
2.2029999999999998,0.19557222042,2.2826484344,0.1953487672,0.19473124974,2.0870762139800001,0.00022345322000000278,0.00084097067999999719
2.2040000000000002,0.19733185218999999,2.2858492576999998,0.19710655479,0.1964831655,2.0885174055099998,0.00022529739999999077,0.00084868668999998897
2.2050000000000001,0.19909755085,2.2890542897000001,0.19887045031,0.19824116142000001,2.0899567388500002,0.00022710053999999702,0.00085638942999999301
2.206,0.20086929184999999,2.2922635117999999,0.20064043037000001,0.20000521411,2.0913942199499997,0.00022886147999998108,0.0008640777399999966
2.2069999999999999,0.20264705091999999,2.2954769056000002,0.20241647148,0.20177530004999999,2.0928298546800002,0.00023057943999998942,0.00087175086999999318
2.2080000000000002,0.20443080353000001,2.2986944523999999,0.2041985503,0.20355139588999999,2.0942636488699997,0.00023225323000000686,0.00087940764000002392
2.2090000000000001,0.20622052538999999,2.3019161336999998,0.20598664341,0.20533347819,2.0956956083099998,0.00023388197999998916,0.00088704719999999071
2.21,0.20801619224000001,2.3051419310000001,0.20778072750000001,0.20712152366,2.09712573876,0.00023546473999999651,0.0008946685800000076
2.2109999999999999,0.20981777974999999,2.3083718257000001,0.20958077919000001,0.20891550884000001,2.0985540459500003,0.00023700055999997804,0.00090227090999997484
2.2120000000000002,0.21162526366000001,2.3116057994000001,0.21138677524999999,0.21071541050000001,2.0999805357400003,0.00023848841000001508,0.00090985316000000149
2.2130000000000001,0.21343861977,2.3148438333999999,0.21319869238,0.21252120535999999,2.1014052136299997,0.0002399273900000054,0.00091741441000001145
2.214,0.21525782383,2.3180859093000001,0.21501650735,0.21433287012999999,2.1028280854700001,0.00024131648000000339,0.00092495370000000854
2.2149999999999999,0.21708285171,2.3213320085000002,0.21684019693000001,0.21615038161,2.1042491567900004,0.00024265477999999008,0.00093247009999999908
2.2160000000000002,0.21891367917999999,2.3245821122999999,0.21866973795,0.21797371655,2.10566843312,0.0002439412299999888,0.00093996262999998526
2.2170000000000001,0.22075028226000001,2.3278362021999999,0.22050510725,0.2198028518,2.1070859199399998,0.00024517501000001496,0.00094743046000000941
2.218,0.22259263677999999,2.3310942595999999,0.22234628167000001,0.22163776419,2.10850162282,0.000246355109999985,0.00095487258999998881
2.2189999999999999,0.22444071883,2.3343562658999999,0.22419323814,0.22347843062,2.10991554707,0.00024748068999999595,0.0009622882099999952
2.2200000000000002,0.22629450401000001,2.3376222025,0.22604595352000001,0.22532482787999999,2.1113276984899998,0.00024855048999999907,0.0009696761300000134
2.2210000000000001,0.22815396868999999,2.3408920506999999,0.22790440477999999,0.22717693301,2.1127380820099999,0.00024956391000000022,0.00097703567999998797
2.222,0.23001908877999999,2.3441657919000001,0.22976856892,0.22903472289999999,2.1141467031200003,0.00025051985999999249,0.00098436588000000436
2.2229999999999999,0.23188984037999999,2.3474434074000001,0.23163842286,0.23089817453,2.1155535670200001,0.00025141751999999129,0.00099166584999998975
2.2240000000000002,0.23376619946999999,2.3507248785999999,0.23351394367,0.23276726488999999,2.1169586791299997,0.0002522557999999897,0.00099893457999999935
2.2250000000000001,0.23564814233,2.3540101868000001,0.23539510838,0.234641971,2.11836204447,0.00025303395000000894,0.0010061713299999997
2.226,0.23753564492000001,2.3572993132,0.23728189408,0.23652226995,2.1197636682800001,0.00025375084000001102,0.0010133749700000083
2.2269999999999999,0.23942868354999999,2.3605922391999998,0.23917427782,0.23840813866999999,2.1211635556499999,0.00025440572999999023,0.0010205448800000017
2.2280000000000002,0.24132723442000001,2.3638889458999999,0.24107223675,0.24029955441,2.1225617114799999,0.00025499767000000673,0.0010276800100000039
2.2290000000000001,0.2432312737,2.3671894145999999,0.24297574799999999,0.24219649421,2.1239581408999997,0.00025552570000000885,0.0010347794899999985
2.23,0.24514077771000001,2.3704936266000001,0.24488478876,0.24409893525000001,2.12535284889,0.00025598895000000788,0.0010418424599999976
2.2309999999999999,0.24705572275000001,2.3738015629999998,0.24679933619,0.24600685465,2.1267458402499999,0.00025638656000001592,0.0010488681000000166
2.2320000000000002,0.24897608508999999,2.3771132048000001,0.24871936754999999,0.24792022967999999,2.1281371197100003,0.00025671754000000657,0.0010558554100000006
2.2330000000000001,0.25090184113000003,2.3804285333999999,0.25064486004999997,0.24983903746,2.1295266922699998,0.0002569810800000516,0.0010628036700000287
2.234,0.25283296721999998,2.3837475296999999,0.25257579096999999,0.25176325528999999,2.1309145624800001,0.00025717624999999078,0.0010697119299999946
2.2349999999999999,0.25476943979,2.3870701747999998,0.25451213761000002,0.25369286035999999,2.1323007350099998,0.00025730217999997418,0.001076579430000002
2.2360000000000002,0.25671123527,2.3903964497999999,0.25645387728000002,0.25562783006000001,2.1336852145299998,0.00025735798999998449,0.0010834052099999991
2.2370000000000001,0.25865833015,2.3937263356999998,0.25840098733,0.25756814167999997,2.13506800555,0.00025734282000000608,0.0010901884700000308
2.238,0.26061070085999999,2.3970598134999999,0.26035344512000003,0.25951377246000001,2.1364491126399998,0.00025725573999996199,0.0010969283999999746
2.2389999999999999,0.26256832397000002,2.4003968641000002,0.26231122798000001,0.26146469989999999,2.1378285401300001,0.00025709599000001138,0.001103624070000031
2.2400000000000002,0.26453117602999998,2.4037374683000001,0.26427431342000002,0.26342090130000001,2.1392062922699999,0.0002568626099999638,0.0011102747299999716
2.2410000000000001,0.26649923363,2.4070816071999999,0.26624267882000002,0.26538235395999998,2.14058237357,0.00025655480999997593,0.001116879670000015
2.242,0.26847247339000002,2.4104292614,0.26821630164999999,0.2673490355,2.1419567880099999,0.00025617174000003295,0.001123437890000023
2.2429999999999999,0.27045087186,2.4137804117999999,0.27019515942,0.26932092327000001,2.1433295399399999,0.00025571243999999993,0.001129948589999985
2.2440000000000002,0.27243440581,2.4171350392000002,0.27217922957000001,0.27129799473999999,2.1447006333900003,0.00025517623999998795,0.0011364110700000096
2.2450000000000001,0.27442305195,2.4204931243000001,0.27416848968000002,0.27328022745000002,2.1460700723500001,0.00025456226999998055,0.0011428244999999726
2.246,0.27641678682999998,2.4238546476999998,0.27616291729999998,0.27526759887000002,2.1474378608699998,0.00025386953000000601,0.0011491879599999644
2.2469999999999999,0.27841558737,2.42721959,0.27816249000999999,0.27726008655000001,2.1488040026299999,0.00025309736000000971,0.0011555008199999883
2.2480000000000002,0.28041943031,2.4305879318999999,0.28016718538000002,0.27925766805000002,2.1501685015900001,0.0002522449299999785,0.0011617622599999766
2.2490000000000001,0.28242829244000001,2.4339596539000001,0.28217698106,0.28126032096999998,2.15153136146,0.00025131138000000774,0.0011679714700000288
2.25,0.2844421506,2.4373347365,0.28419185466000002,0.28326802293999997,2.1528925859000001,0.00025029593999997823,0.0011741276600000239
2.2509999999999999,0.28646098167,2.4407131601000001,0.28621178391000002,0.28528075151999999,2.1542521784300002,0.00024919775999998617,0.0011802301500000167
2.2519999999999998,0.28848476248999999,2.4440949051,0.28823674641000002,0.2872984844,2.1556101426100001,0.00024801607999996866,0.0011862780899999925
2.2530000000000001,0.29051347005,2.4474799520000001,0.29026671995999997,0.28932119921999999,2.1569664819500001,0.00024675009000002524,0.0011922708300000084
2.254,0.29254708119,2.4508682809,0.29230168219000002,0.29134887375000001,2.15832119971,0.00024539899999997949,0.0011982074399999876
2.2549999999999999,0.29458557304999999,2.4542598721000002,0.29434161096,0.29338148558999999,2.1596742990500002,0.00024396208999999391,0.0012040874600000029
2.2559999999999998,0.29662892238999999,2.4576547059,0.29638648397,0.29541901254000003,2.16102578351,0.00024243841999999072,0.0012099098499999683
2.2570000000000001,0.29867710648000001,2.4610527623,0.29843627905999998,0.29746143238,2.16237565582,0.00024082742000003377,0.0012156741000000082
2.258,0.30073010224000002,2.4644540213999999,0.30049097404000003,0.29950872287000002,2.1637239191599997,0.00023912819999999391,0.0012213793699999975
2.2589999999999999,0.30278788676000001,2.4678584632999998,0.30255054672999998,0.30156086168000001,2.1650705765399998,0.00023734003000003279,0.0012270250799999993
2.2599999999999998,0.30485043714999999,2.4712660678999998,0.30461497501000001,0.30361782677999999,2.16641563075,0.00023546213999997567,0.001232610369999998
2.2610000000000001,0.30691773060999999,2.4746768151,0.30668423675000001,0.30567959598,2.1677590844900001,0.00023349385999998917,0.0012381346299999985
2.262,0.30898974421999997,2.4780906848000002,0.30875830987000003,0.30774614707999998,2.1691009405800004,0.00023143434999994827,0.0012435971399999968
2.2629999999999999,0.31106645522999998,2.4815076567999999,0.31083717231000002,0.30981745799999999,2.1704412015700001,0.00022928291999996242,0.001248997229999993
2.2639999999999998,0.31314784078000002,2.4849277107000001,0.31292080194999999,0.31189350663999998,2.1717798699199999,0.00022703883000002589,0.0012543341400000352
2.2650000000000001,0.31523387818999998,2.4883508262,0.31500917684000002,0.31397427094000002,2.1731169480100001,0.00022470134999996727,0.0012596072499999611
2.266,0.31732454469999999,2.4917769828999998,0.31710227487999998,0.31605972872999999,2.1744524381999999,0.0002222698200000095,0.0012648159699999995
2.2669999999999999,0.31941981751999998,2.4952061604,0.31920007411000001,0.31814985804000001,2.1757863428799999,0.00021974340999997288,0.0012699594799999714
2.2679999999999998,0.32151967409999999,2.4986383380000001,0.32130255259000001,0.32024463684999999,2.1771186639,0.00021712150999997348,0.0012750372499999996
2.2690000000000001,0.32362409168,2.5020734951999999,0.32340968833,0.32234404320999999,2.1784494035199997,0.0002144033500000031,0.001280048470000017
2.27,0.32573304768,2.5055116113999998,0.32552145940999999,0.32444805498000001,2.1797785637199998,0.00021158827000000713,0.0012849926999999872
2.2709999999999999,0.32784651947999999,2.5089526656999999,0.32763784389,0.32655665028999997,2.1811061462199999,0.00020867558999998481,0.0012898691900000148
2.2719999999999998,0.32996448451999999,2.5123966373000002,0.32975881995,0.32866980722,2.1824321527800001,0.00020566456999998595,0.0012946772999999911
2.2730000000000001,0.33208692020000002,2.5158435052999999,0.33188436559000001,0.33078750369999999,2.1837565850999998,0.0002025546100000164,0.0012994165000000391
2.274,0.33421380402,2.5192932487999999,0.33401445903999999,0.33290971794000002,2.1850794447799999,0.00019934498000001577,0.0013040860799999887
2.2749999999999999,0.33634511345000001,2.5227458466999999,0.33614907845000003,0.33503642804,2.1864007332499997,0.00019603499999998331,0.00130868541000001
2.2759999999999998,0.33848082605000002,2.5262012779999998,0.33828820199999998,0.33716761208000001,2.1877204519499998,0.00019262405000003424,0.0013132139700000045
2.2770000000000001,0.34062091928999999,2.5296595212000001,0.34043180788999999,0.33930324822000002,2.1890386019100001,0.00018911139999999715,0.0013176710699999705
2.278,0.34276537079000002,2.5331205553,0.34257987435999998,0.34144331461999999,2.19035518451,0.00018549643000004279,0.00132205617000003
2.2789999999999999,0.34491415812999998,2.5365843587999999,0.34473237955000002,0.34358778945000001,2.19167020067,0.00018177857999995828,0.0013263686799999674
2.2799999999999998,0.34706725892000001,2.5400509103000002,0.34688930179999999,0.34573665089,2.1929836513800001,0.00017795712000001629,0.0013306080300000134
2.2810000000000001,0.34922465079999998,2.5435201883,0.34905061937999998,0.34788987715000003,2.1942955374999999,0.00017403141999999816,0.0013347736499999541
2.282,0.35138631142999999,2.5469921710999999,0.35121631059000002,0.35004744647000002,2.1956058596699997,0.00017000083999996196,0.0013388649599999636
2.2829999999999999,0.35355221851000002,2.5504668370000001,0.35338635365999999,0.35220933717000003,2.1969146184900001,0.00016586485000003037,0.0013428813399999906
2.2839999999999998,0.35572234965999999,2.5539441640999998,0.35556072700000002,0.35437552731999999,2.1982218144399996,0.0001616226599999715,0.0013468223399999979
2.2850000000000001,0.35789668273000003,2.5574241307999999,0.35773940891,0.35654599529999997,2.19952744807,0.00015727382000002565,0.0013506874300000526
2.286,0.36007519539999999,2.5609067149000002,0.35992237776000002,0.35872071946,2.2008315195000003,0.00015281763999996922,0.0013544759399999884
2.2869999999999999,0.36225786545999999,2.5643918942999999,0.36210961192000002,0.360899678,2.2021340288399998,0.00014825353999997626,0.0013581874599999932
2.2879999999999998,0.36444467068000003,2.5678796469999998,0.36430108977999998,0.36308284933000001,2.2034349763199996,0.00014358090000005097,0.0013618213500000143
2.2890000000000001,0.36663558893999998,2.5713699505999998,0.36649678976,0.36527021171000001,2.2047343616599999,0.00013879917999998215,0.0013653772299999645
2.29,0.36883059803000001,2.5748627826999999,0.36869669026000002,0.3674617436,2.2060321846699997,0.00013390776999999687,0.0013688544300000105
2.2909999999999999,0.37102967586000002,2.5783581208999999,0.37090076976000003,0.36965742323,2.2073284450399999,0.00012890609999999247,0.0013722526300000149
2.2919999999999998,0.37323280025,2.5818559425999998,0.37310900668000002,0.37185722906000002,2.20862314235,0.00012379356999997482,0.0013755711899999801
2.2930000000000001,0.37543994913000001,2.5853562251,0.37532137951,0.37406113945000002,2.20991627597,0.00011856962000000859,0.0013788096799999816
2.294,0.37765110044,2.5888589457000002,0.37753786673,0.37626913287000002,2.2112078452600001,0.0001132337099999936,0.0013819675699999756
2.2949999999999999,0.37986623216999998,2.5923640814,0.37975844685999999,0.37848118766,2.21249784923,0.00010778530999999703,0.0013850445099999886
2.2959999999999998,0.38208532214000002,2.5958716091,0.38198309846,0.38069728236,2.21378628696,0.00010222368000001314,0.0013880397800000166
2.2970000000000002,0.38430834847000001,2.5993815059999998,0.38421179993999999,0.38291739535000002,2.21507315753,9.6548530000017951e-05,0.0013909531199999825
2.298,0.38653528917000002,2.6028937484000001,0.38644452995,0.38514150513000001,2.2163584592300003,9.0759220000014018e-05,0.0013937840400000123
2.2989999999999999,0.38876612219000001,2.6064083132999998,0.38868126706,0.3873695902,2.2176421911099999,8.4855130000005552e-05,0.0013965319900000051
2.2999999999999998,0.39100082564999999,2.609925177,0.39092198979999998,0.38960162899,2.2189243513500001,7.883585000001414e-05,0.0013991966599999905
2.3010000000000002,0.39323937754999999,2.6134443159999998,0.39316667681,0.39183760009000002,2.2202049384499998,7.270073999998683e-05,0.0014017774599999755
2.302,0.39548175598000002,2.6169657065999998,0.39541530668000002,0.39407748197999998,2.2214839506199997,6.6449299999993272e-05,0.0014042740000000387
2.3029999999999999,0.39772793913999999,2.6204893247999999,0.39766785803999999,0.39632125317,2.2227613856599997,6.0081099999997889e-05,0.0014066859699999879
2.3039999999999998,0.39997790501000002,2.6240151467000001,0.39992430949000002,0.39856889225999997,2.2240372416900001,5.3595520000004893e-05,0.0014090127500000493
2.3050000000000002,0.40223163184999999,2.6275431482,0.40218463974000002,0.40082037783000002,2.2253115163500001,4.699210999997705e-05,0.0014112540199999746
2.306,0.40448909782999998,2.6310733049000001,0.40444882741999999,0.40307568831000001,2.2265842070700002,4.0270409999987322e-05,0.0014134095199999641
2.3069999999999999,0.40675028103999999,2.6346055924999998,0.40671685123000001,0.40533480245999998,2.2278553114599999,3.3429809999985238e-05,0.001415478580000018
2.3079999999999998,0.40901515964000001,2.6381399865000001,0.40898868983999997,0.40759769875000001,2.2291248268600001,2.6469800000039623e-05,0.0014174608899999996
2.3090000000000002,0.41128371203000003,2.6416764619999999,0.41126432197000001,0.40986435586999997,2.23039274997,1.9390060000012976e-05,0.0014193561600000515
2.3100000000000001,0.41355591624999999,2.6452149942999998,0.41354372633000003,0.41213475239000003,2.2316590780499999,1.2189919999960885e-05,0.0014211638599999632
2.3109999999999999,0.41583175073,2.6487555583,0.41582688168999998,0.41440886699000001,2.2329238075699998,4.8690400000217515e-06,0.0014228837399999916
2.3119999999999998,0.41811119351999998,2.6522981290000001,0.41811376674,0.41668667827,2.2341869354799999,2.5732200000239125e-06,0.0014245152499999802
2.3130000000000002,0.42039422307000002,2.6558426809000002,0.42040436024,0.41896816493,2.23544845783,1.0137169999979712e-05,0.0014260581400000194
2.3140000000000001,0.42268081765999999,2.6593891886000001,0.42269864097999998,0.42125330555000001,2.2367083709400002,1.7823319999998866e-05,0.0014275121099999732
2.3149999999999999,0.42497095551000003,2.6629376264000002,0.42499658776999999,0.42354207890000001,2.2379666708900001,2.5632259999963658e-05,0.0014288766100000183
2.3159999999999998,0.42726461505000002,2.6664879684999998,0.42729817933000003,0.42583446362999999,2.2392233534499999,3.3564280000009106e-05,0.0014301514200000254
2.3170000000000002,0.4295617746,2.6700401889999998,0.42960339453000002,0.42813043836999998,2.2404784144000001,4.1619930000014183e-05,0.0014313362300000243
2.3180000000000001,0.43186241247000001,2.6735942614999999,0.43191221215999998,0.43042998192999998,2.2417318490299998,4.9799689999963093e-05,0.0014324305400000292
2.319,0.43416650709999999,2.6771501597,0.43422461104999999,0.43273307294000002,2.2429836526,5.8103949999999127e-05,0.0014334341599999689
2.3199999999999998,0.43647403687000003,2.6807078570999998,0.43654057003000002,0.43503969018999999,2.2442338202299998,6.6533159999992986e-05,0.0014343466800000315
2.3210000000000002,0.43878498018000001,2.6842673269000001,0.43886006796999999,0.43734981241999998,2.2454823467200002,7.5087789999983556e-05,0.0014351677600000223
2.3220000000000001,0.44109931542000003,2.6878285421000001,0.44118308367999998,0.43966341828,2.2467292266800003,8.3768259999950079e-05,0.0014358971400000309
2.323,0.44341702105000003,2.6913914755000001,0.44350959611000002,0.44198048659,2.24797445445,9.2575059999988607e-05,0.0014365344600000274
2.3239999999999998,0.44573807552,2.6949560998000002,0.44583958407000002,0.44430099611000001,2.2492180242800002,0.00010150855000001791,0.0014370794099999862
2.3250000000000002,0.44806245726999999,2.6985223873000002,0.44817302651000002,0.44662492557,2.2504599300300003,0.00011056924000002466,0.0014375316999999943
2.3260000000000001,0.45039014481,2.7020903102,0.45050990225999998,0.44895225379999998,2.25170016539,0.00011975744999997984,0.0014378910100000253
2.327,0.45272111660999997,2.7056598404000001,0.45285019029000001,0.45128295955999997,2.2529387237900003,0.00012907368000003583,0.0014381570499999996
2.3279999999999998,0.45505535119000001,2.7092309496999998,0.45519386949000001,0.45361702161,2.2541755985099998,0.0001385183000000012,0.0014383295800000084
2.3290000000000002,0.45739282696,2.7128036093999999,0.45754091880999997,0.45595441877999998,2.2554107824399998,0.00014809184999997616,0.001438408180000017
2.3300000000000001,0.45973352255,2.7163777907000002,0.45989131717999998,0.45829512988999999,2.2566442681500001,0.0001577946299999855,0.0014383926600000096
2.331,0.46207741647,2.7199534647000001,0.46224504353000001,0.46063913371999998,2.25787604823,0.00016762706000000849,0.0014382827500000195
2.3319999999999999,0.46442448725000002,2.7235306018999998,0.46460207685999999,0.4629864091,2.2591061146499998,0.00017758960999997297,0.0014380781500000217
2.3330000000000002,0.46677471346999999,2.7271091727000001,0.46696239608000001,0.46533693483999999,2.2603344592300001,0.00018768261000001729,0.0014377786299999973
2.3340000000000001,0.46912807366999998,2.7306891473000001,0.46932598021999999,0.46769068982000001,2.2615610736300003,0.00019790655000001545,0.0014373838499999736
2.335,0.47148454644999999,2.7342704954000001,0.47169280816999998,0.47004765285,2.26278594895,0.00020826171999999143,0.0014368935999999888
2.3359999999999999,0.47384411039000002,2.7378531866000002,0.47406285903000001,0.47240780271999999,2.2640090762100002,0.00021874863999998828,0.0014363076700000255
2.3370000000000002,0.47620674407000002,2.7414371900000001,0.47643611169,0.47477111834000002,2.2652304459299999,0.00022936761999997612,0.0014356257300000008
2.3380000000000001,0.47857242612000001,2.7450224744999998,0.47881254523,0.47713757857,2.2664500483799999,0.0002401191099999922,0.0014348475500000069
2.339,0.48094113515999998,2.7486090086999999,0.48119213863999999,0.47950716223000001,2.2676678735399998,0.0002510034800000116,0.0014339729299999715
2.3399999999999999,0.48331284983,2.7521967606,0.48357487092000001,0.48187984823000002,2.2688839107700001,0.00026202109000000862,0.0014330015999999834
2.3410000000000002,0.48568754869000003,2.7557856983,0.48596072110999999,0.48425561537,2.2700981496099999,0.00027317241999996744,0.0014319333200000228
2.3420000000000001,0.48806521046000001,2.7593757888999999,0.48834966825999998,0.48663444257999999,2.2713105784400001,0.0002844577999999709,0.0014307678800000168
2.343,0.49044581375000001,2.7629669998000002,0.49074169134000001,0.48901630871000001,2.2725211860500001,0.00029587758999999325,0.0014295050400000009
2.3439999999999999,0.49282933725,2.7665592974000002,0.49313676943000001,0.49140119264999998,2.2737299601500003,0.00030743218000001127,0.0014281446000000142
2.3450000000000002,0.49521575958000003,2.7701526480999998,0.49553488161999998,0.49378907322999999,2.2749368885199996,0.00031912203999995281,0.0014266863500000393
2.3460000000000001,0.49760505944,2.7737470176999999,0.49793600687,0.49617992944,2.2761419582599998,0.00033094743000000593,0.0014251299999999967
2.347,0.49999721553999998,2.7773423715000001,0.50034012430999997,0.49857374001999999,2.27734515596,0.00034290876999998332,0.0014234755199999949
2.3479999999999999,0.50239220648000005,2.7809386745000002,0.50274721299000003,0.50097048402,2.27854646802,0.00035500650999997774,0.0014217224600000522
2.3490000000000002,0.50479001100999998,2.784535891,0.50515725197000005,0.50337014018000004,2.2797458799900001,0.00036724096000007034,0.0014198708299999474
2.3500000000000001,0.50719060783000003,2.7881339849,0.50757022032999999,0.50577268749000004,2.2809433770699998,0.0003796124999999595,0.0014179203399999896
2.351,0.50959397559999997,2.7917329197999998,0.50998609711999998,0.50817810484000003,2.2821389441999997,0.00039212152000001055,0.0014158707599999376
2.3519999999999999,0.51200009308000005,2.7953326583,0.51240486143999997,0.51058637108000005,2.2833325652199998,0.00040476835999991856,0.0014137220000000061
2.3530000000000002,0.51440893893999995,2.7989331628,0.51482649237,0.51299746512,2.2845242238600001,0.00041755343000005052,0.0014114738199999532
2.3540000000000001,0.51682049189000001,2.8025343948999999,0.51725096901000001,0.51541136590000003,2.28571390301,0.00043047711999999461,0.001409125989999982
2.355,0.51923473068000003,2.8061363156999999,0.51967827046000004,0.51782805224999995,2.2869015850199998,0.00044353978000000183,0.0014066784300000856
2.3559999999999999,0.52165163397000003,2.8097388855999998,0.52210837574000002,0.52024750313000001,2.2880872516299999,0.00045674176999999094,0.0014041308400000174
2.3570000000000002,0.52407118057000002,2.8133420644,0.52454126403000001,0.52266969737000002,2.28927088383,0.00047008345999999257,0.0014014831999999977
2.3580000000000001,0.52649334914000001,2.8169458110000001,0.52697691440000005,0.52509461391000001,2.2904524618600002,0.00048356526000004063,0.0013987352300000033
2.359,0.52891811845000003,2.8205500837000002,0.52941530591999997,0.52752223164000001,2.2916319652500001,0.0004971874699999379,0.0013958868100000243
2.3599999999999999,0.53134546721999998,2.8241548398999998,0.53185641774000003,0.52995252944000004,2.2928093726799998,0.00051095052000005303,0.0013929377799999365
2.3610000000000002,0.53377537411999998,2.8277600364,0.53430022895999996,0.53238548621000004,2.2939846622799998,0.00052485483999997751,0.0013898879099999428
2.3620000000000001,0.53620781797999995,2.831365629,0.53674671862000001,0.53482108085000002,2.2951578110200002,0.00053890064000006177,0.0013867371299999265
2.363,0.53864277747,2.8349715724000002,0.53919586590000002,0.53725929222000002,2.29632879493,0.00055308843000001495,0.0013834852499999828
2.3639999999999999,0.54108023137000005,2.8385778207999999,0.54164764987000003,0.53970009922999995,2.2974975894299998,0.00056741849999997207,0.001380132140000101
2.3650000000000002,0.54352015836000001,2.8421843269,0.54410204965999998,0.54214348073999996,2.2986641685400002,0.00058189129999997036,0.0013766776200000441
2.3660000000000001,0.54596253721999999,2.8457910427000002,0.54655904434000002,0.54458941562999996,2.2998285054800003,0.00059650712000003381,0.001373121590000026
2.367,0.54840734668000002,2.8493979187999998,0.54901861304999999,0.54703788277999998,2.3009905721199999,0.0006112663699999743,0.0013694639000000342
2.3679999999999999,0.55085456542,2.8530049048000001,0.55148073488000005,0.54948886109999995,2.3021503393800002,0.00062616946000004781,0.0013657043200000496
2.3690000000000002,0.55330417221999995,2.8566119489999999,0.55394538893,0.55194232933999998,2.3033077767800001,0.00064121671000005875,0.0013618428799999638
2.3700000000000001,0.55575614577999999,2.8602189984000002,0.55641255434000003,0.55439826652000002,2.3044628526200004,0.00065640856000004355,0.0013578792599999723
2.371,0.55821046484000003,2.8638259983999999,0.55888221014999995,0.55685665130999995,2.3056155335599997,0.000671745309999916,0.0013538135300000809
2.3719999999999999,0.56066710810999998,2.8674328931000002,0.56135433551000002,0.55931746271000005,2.3067657849900001,0.00068722740000004556,0.0013496453999999325
2.3730000000000002,0.56312605435999996,2.8710396246999998,0.56382890950999998,0.56178067952999999,2.3079135703399998,0.00070285515000001464,0.0013453748299999679
2.3740000000000001,0.56558728214999998,2.8746461340999998,0.56630591125999996,0.56424628055000003,2.3090588519499997,0.00071862910999997975,0.0013410015999999469
2.375,0.56805077035999996,2.8782523599999998,0.56878531981000002,0.56671424469999998,2.3102015896400001,0.000734549450000066,0.0013365256599999764
2.3759999999999999,0.57051649770000001,2.8818582393000001,0.57126711425999999,0.56918455066999996,2.3113417416000002,0.00075061655999997257,0.001331947030000058
2.3769999999999998,0.57298444265000004,2.8854637066,0.57375127373000001,0.57165717736999999,2.3124792639499998,0.00076683107999997446,0.0013272652800000451
2.3780000000000001,0.57545458416999995,2.8890686944000001,0.57623777731000003,0.57413210351999999,2.3136141102300001,0.00078319314000008244,0.0013224806499999575
2.379,0.57792690071999997,2.8926731327000001,0.57872660398999998,0.57660930800999999,2.3147462319800001,0.00079970327000000729,0.0013175927099999818
2.3799999999999999,0.58040137117000001,2.8962769488000002,0.58121773294000001,0.5790887696,2.31587557763,0.00081636176999999588,0.001312601570000016
2.3809999999999998,0.58287797411999998,2.8998800670999998,0.58371114319999995,0.58157046704000004,2.3170020929799997,0.00083316907999997358,0.0013075070799999366
2.3820000000000001,0.58535668818999997,2.9034824089,0.58620681381999995,0.58405437910000002,2.3181257207099999,0.00085012562999997598,0.0013023090899999534
2.383,0.58783749216000003,2.9070838920000002,0.58870472387999995,0.58654048458999997,2.3192463998399999,0.00086723171999991688,0.0012970075700000638
2.3839999999999999,0.59032036450000003,2.9106844305999999,0.59120485240999998,0.58902876217,2.3203640660999998,0.00088448790999995364,0.0012916023300000301
2.3849999999999998,0.59280528399999999,2.9142839346999998,0.59370717845999998,0.59151919064000003,2.3214786506999996,0.00090189445999999673,0.0012860933599999624
2.3860000000000001,0.59529222927000003,2.9178823098,0.59621168106,0.59401174869999995,2.3225900805299999,0.0009194517899999699,0.0012804805700000754
2.387,0.59778117890000004,2.9214794565000002,0.59871833926999996,0.59650641510000002,2.3236982776000001,0.00093716036999991204,0.0012747638000000228
2.3879999999999999,0.60027211151000004,2.9250752696000002,0.60122713211000001,0.59900316850000002,2.3248031580899999,0.00095502059999996725,0.0012689430100000232
2.3889999999999998,0.60276500571000002,2.9286696380000001,0.60373803855999997,0.60150198757999995,2.3259046322900003,0.0009730328499999441,0.0012630181300000709
2.3900000000000001,0.6052598401,2.9322624435,0.60625103765999999,0.60400285102999995,2.3270026034,0.00099119755999999004,0.0012569890700000474
2.391,0.60775659324999998,2.9358535603,0.60876610842000001,0.60650573757000004,2.32809696705,0.0010095151700000304,0.0012508556799999404
2.3919999999999999,0.61025524373999995,2.9394428535000001,0.61128322982000005,0.60901062573999998,2.3291876097599999,0.0010279860800000984,0.0012446179999999751
2.3929999999999998,0.61275577010000004,2.9430301782999999,0.61380238088000005,0.61151749422000001,2.3302744081999998,0.0010466107800000124,0.0012382758800000282
2.3940000000000001,0.61525815094000003,2.9466153782000002,0.61632354051000005,0.61402632165000004,2.3313572272600003,0.0010653895700000193,0.0012318292899999861
2.395,0.61776236462,2.9501982832000002,0.61884668771999995,0.61653708664999995,2.3324359185800003,0.0010843230999999509,0.0012252779700000493
2.3959999999999999,0.62026838985999999,2.9537787078000002,0.62137180145000004,0.61904976772999998,2.3335103179400001,0.0011034115900000474,0.0012186221300000133
2.3969999999999998,0.62277620502999997,2.9573564475,0.62389886067,0.62156434355000001,2.33458024247,0.0011226556400000254,0.001211861479999965
2.3980000000000001,0.62528578865999995,2.9609312758000002,0.62642784430999998,0.62408079256000004,2.3356454871400003,0.001142055650000029,0.001204996099999911
2.399,0.62779711928000004,2.9645029386999999,0.62895873126000001,0.62659909338999997,2.3367058194199997,0.0011616119799999769,0.0011980258900000651
2.3999999999999999,0.63031017521999999,2.9680711493,0.63149150045000002,0.62911922450000002,2.3377609740800001,0.0011813252300000299,0.0011909507199999725
2.4009999999999998,0.63282493494000003,2.9716355777999999,0.63402613084000004,0.63164116446999996,2.33881064286,0.0012011959000000072,0.0011837704700000673
2.4020000000000001,0.63534137694000004,2.9751958404000001,0.63656260119999997,0.63416489166000001,2.33985446346,0.0012212242599999312,0.0011764852800000281
2.403,0.63785947959,2.9787514807000002,0.63910089049999996,0.63669038458000005,2.3408920011100003,0.0012414109099999626,0.0011690950099999542
2.4039999999999999,0.64037922126000002,2.9823019421999999,0.64164097758000005,0.63921762174999996,2.34192272094,0.0012617563200000292,0.0011615995100000553
2.4049999999999998,0.64290058030999997,2.9858465235999998,0.64418284130000003,0.64174658144999996,2.3429459432899997,0.0012822609900000614,0.0011539988600000051
2.4060000000000001,0.64542353511999995,2.9893842983000001,0.64672646045000004,0.64427724220000004,2.3439607631800001,0.0013029253300000931,0.0011462929199999028
2.407,0.64794806396000004,2.9929139531,0.64927181393,0.64680958233999997,2.34496588914,0.0013237499699999544,0.0011384816200000758
2.4079999999999999,0.65047414520000002,2.9964333928000002,0.65181888045000003,0.64934358022000005,2.3459592476000002,0.0013447352500000065,0.0011305649799999706
2.4089999999999998,0.65300175704999996,2.9999382559000001,0.65436763888000005,0.65187921416000005,2.3469364988499999,0.0013658818300000819,0.0011225428899999113
2.4100000000000001,0.65553087784999997,1.6579215293,0.65691806797999996,0.65441646247999996,1.0023906514500001,0.0013871901299999934,0.0011144153700000103
2.411,0.65806148582000001,1.6574285949000001,0.65947014648000002,0.65695530350999998,0.99936710908000004,0.0014086606600000051,0.0011061823100000368
2.4119999999999999,0.66059355912999995,1.6569370836999999,0.66202385315000001,0.65949571539999996,0.99634352456999997,0.0014302940200000558,0.0010978437299999921
2.4129999999999998,0.66312707604999999,1.6564470006000001,0.66457916671999995,0.66203767656000001,0.99331992455000007,0.0014520906699999614,0.0010893994899999759
2.4140000000000001,0.66566201471999997,1.6559583507,0.66713606590999996,0.66458116499999997,0.99029633598,0.001474051189999992,0.0010808497199999989
2.415,0.66819835326999999,1.6554711389000001,0.66969452937999996,0.66712615904999994,0.98727278563000009,0.0014961761099999693,0.0010721942200000445
2.4159999999999999,0.67073606986000001,1.6549853701999999,0.67225453581000005,0.66967263683,0.98424930033999991,0.0015184659500000475,0.001063433030000005
2.4169999999999998,0.67327514255999998,1.6545010497999999,0.67481606391000004,0.67222057643999999,0.98122590723999992,0.0015409213500000574,0.0010545661199999889
2.4180000000000001,0.67581554944,1.6540181825,0.67737909225000004,0.67476995608000001,0.97820263305999999,0.0015635428100000404,0.0010455933599999856
2.419,0.67835726858000001,1.6535367734999999,0.67994359948000005,0.67732075369,0.97517950491999994,0.0015863309000000436,0.0010365148900000065
2.4199999999999999,0.68090027799999997,1.6530568282,0.68250956418999997,0.67987294743000004,0.97215655020000002,0.0016092861900000033,0.0010273305699999291
2.4209999999999998,0.68344455566999995,1.6525783517999999,0.68507696501000004,0.68242651523999998,0.96913379612999995,0.001632409340000085,0.0010180404299999779
2.4220000000000002,0.68599007948000001,1.6521013498999999,0.68764578041000002,0.68498143513999998,0.96611127041999989,0.0016557009300000036,0.0010086443400000311
2.423,0.68853682749,1.6516258282,0.69021598896000003,0.68753768510000002,0.96308900071000003,0.0016791614700000235,0.00099914238999998517
2.4239999999999999,0.69108477759999998,1.6511517925000001,0.69278756920999995,0.69009524299000002,0.96006701490000013,0.0017027916099999763,0.00098953460999995357
2.4249999999999998,0.69363390752999998,1.650679249,0.69536049963000002,0.69265408674999995,0.95704534146999998,0.001726592100000035,0.00097982078000002915
2.4260000000000002,0.69618419532999998,1.6502082038999999,0.69793475868999999,0.69521419423999997,0.95402400856999992,0.0017505633600000126,0.00097000109000000556
2.427,0.69873561866,1.649738664,0.70051032484999998,0.69777554325000002,0.95100304534000002,0.001774706189999975,0.00096007540999998309
2.4279999999999999,0.70128815536,1.649270636,0.70308717650999997,0.70033811160000004,0.94798248064000001,0.0017990211499999686,0.00095004375999996338
2.4289999999999998,0.70384178319000001,1.6488041271,0.70566529213999996,0.70290187701999995,0.94496234391,0.0018235089499999413,0.00093990617000005994
2.4300000000000002,0.70639647984999998,1.6483391448,0.70824464999000003,0.70546681725000004,0.94194266495000001,0.0018481701400000494,0.00092966259999993639
2.431,0.70895222300000005,1.6478756968999999,0.71082522852999996,0.70803290995000001,0.93892347389999986,0.001873005529999916,0.00091931305000003682
2.4319999999999999,0.71150899035000004,1.6474137915,0.71340700603999996,0.71060013276,0.93590480114999997,0.0018980156899999212,0.00090885759000003397
2.4329999999999998,0.71406675943999998,1.6469534372000001,0.71598996085,0.71316846333999995,0.93288667776000012,0.0019232014100000194,0.00089829610000002891
2.4340000000000002,0.71662550790000001,1.6464946429,0.71857407117000005,0.71573787918999998,0.92986913500000001,0.0019485632700000366,0.00088762871000003241
2.4350000000000001,0.71918521327999996,1.6460374176999999,0.72115931529999999,0.71830835795000003,0.92685220441999994,0.0019741020200000348,0.00087685532999992599
2.4359999999999999,0.72174585299000005,1.6455817715000001,0.72374567147000002,0.72087987690999999,0.92383591851000002,0.0019998184799999708,0.00086597608000005266
2.4369999999999998,0.72430740459999998,1.6451277143,0.72633311782999999,0.72345241372000002,0.92082030970000006,0.0020257132300000036,0.00085499087999996171
2.4380000000000002,0.72686984549,1.6446752567,0.72892163259999998,0.72602594567000001,0.91780541121000003,0.0020517871099999807,0.00084389981999999364
2.4390000000000001,0.72943315312000001,1.6442244095,0.73151119386999996,0.72860045023999997,0.91479125638000003,0.0020780407499999543,0.00083270288000003578
2.4399999999999999,0.73199730468000002,1.6437751840999999,0.73410177978000002,0.73117590454000003,0.91177787941999988,0.0021044751000000028,0.00082140013999998374
2.4409999999999998,0.73456227762000004,1.6433275923999999,0.73669336838999999,0.73375228605999998,0.90876531477999989,0.0021310907699999548,0.00080999156000005623
2.4420000000000002,0.73712804916999997,1.6428816466,0.73928593775999996,0.73632957194000004,0.90575359743000006,0.00215788858999999,0.00079847722999992765
2.4430000000000001,0.73969459660000003,1.6424373592999999,0.74187946592999998,0.73890773934999998,0.90274276269999987,0.00218486932999995,0.00078685725000005036
2.444,0.74226189698,1.6419947438,0.74447393082000002,0.74148676547000003,0.89973284681999999,0.0022120338400000161,0.00077513150999997116
2.4449999999999998,0.74482992756999999,1.6415538134000001,0.74706931041000002,0.74406662740999996,0.89672388583000007,0.002239382840000026,0.00076330016000003553
2.4460000000000002,0.7473986654,1.6411145823,0.74966558267000005,0.74664730212999997,0.89371591689999996,0.0022669172700000573,0.00075136327000002723
2.4470000000000001,0.74996808759,1.6406770648,0.75226272543999995,0.74922876671000005,0.89070897720999997,0.0022946378499999476,0.00073932087999994955
2.448,0.75253817108999999,1.6402412757,0.75486071659999998,0.75181099810999996,0.88770310461000002,0.0023225455099999959,0.00072717298000002373
2.4489999999999998,0.75510889285000005,1.6398072303,0.75745953397999999,0.75439397312000001,0.88469833744999993,0.0023506411299999419,0.00071491973000004094
2.4500000000000002,0.75768022989999995,1.6393749442000001,0.76005915536000002,0.75697766866000005,0.88169471430000013,0.0023789254600000698,0.00070256123999989928
2.4510000000000001,0.76025215896999998,1.6389444332000001,0.76265955848,0.75956206153000005,0.87869227423000007,0.0024073995100000189,0.00069009743999992601
2.452,0.76282465698000002,1.6385157138999999,0.76526072107999998,0.76214712841999999,0.87569105691999993,0.0024360640999999683,0.00067752856000002915
2.4529999999999998,0.76539770068000001,1.638088803,0.76786262084000001,0.76473284604000002,0.87269110232000002,0.0024649201599999948,0.00066485463999998995
2.4540000000000002,0.76797126681000005,1.6376637172999999,0.77046523541,0.76731919104000001,0.86969245048999988,0.0024939685999999517,0.00065207577000003791
2.4550000000000001,0.77054533201999997,1.6372404745,0.77306854238,0.76990613994000001,0.86669514248000001,0.0025232103600000277,0.00063919207999996175
2.456,0.77311987296999996,1.6368190920000001,0.77567251935000003,0.77249366931999996,0.86369921903000013,0.0025526463800000787,0.00062620364999999012
2.4569999999999999,0.77569486623999995,1.6363995879,0.77827714387000002,0.77508175559000003,0.86070472166000001,0.0025822776300000738,0.00061311064999991505
2.4580000000000002,0.77827028832,1.6359819804,0.78088239337999998,0.77767037519000004,0.85771169207999998,0.0026121050599999807,0.00059991312999996271
2.4590000000000001,0.78084611566999995,1.6355662879999999,0.78348824538999995,0.78025950442000003,0.85472017232999997,0.0026421297199999971,0.00058661124999992431
2.46,0.78342232476999996,1.6351525292,0.78609467730000004,0.78284911963000003,0.85173020443000003,0.0026723525300000883,0.00057320513999992162
2.4609999999999999,0.78599889195999995,1.6347407231,0.78870166648999995,0.78543919688999997,0.84874183114000001,0.0027027745300000072,0.00055969506999997698
2.4620000000000002,0.78857579354999996,1.6343308886000001,0.79130919031000002,0.78802971249999998,0.84575509505000013,0.0027333967600000619,0.00054608104999998019
2.4630000000000001,0.79115300581000003,1.6339230449,0.79391722606000004,0.79062064249999997,0.84277003908999992,0.0027642202500000046,0.00053236331000006132
2.464,0.79373050490999997,1.6335172114000001,0.79652575098,0.79321196289999996,0.83978670649000009,0.0027952460700000348,0.00051854201000001154
2.4649999999999999,0.79630826703000002,1.6331134075,0.79913474229000003,0.79580364969999995,0.83680514046999999,0.0028264752600000165,0.00050461733000006781
2.4660000000000002,0.79888626823999997,1.6327116528000001,0.80174417718000002,0.79839567871999995,0.8338253845600001,0.0028579089400000424,0.00049058952000002876
2.4670000000000001,0.80146448458999997,1.6323119669999999,0.80435403276999995,0.80098802585999995,0.83084748240999995,0.0028895481799999789,0.00047645873000001782
2.468,0.80404289200000001,1.6319143696,0.80696428613000004,0.80358066683999996,0.82787147760000002,0.0029213941300000323,0.00046222516000005154
2.4689999999999999,0.80662146643999999,1.6315188806000001,0.80957491432999995,0.80617357736999995,0.82489741416000006,0.0029534478899999606,0.00044788907000004041
2.4700000000000002,0.80920018373000002,1.6311255195000001,0.81218589434999999,0.80876673304000002,0.82192533577000004,0.0029857106199999706,0.00043345069000000347
2.4710000000000001,0.81177901966999999,1.6307343061999999,0.81479720315000004,0.81136010939000003,0.81895528652999994,0.0030181834800000473,0.00041891027999996222
2.472,0.81435794995999999,1.6303452602999999,0.81740881762999995,0.81395368189999995,0.81598731033999994,0.0030508676699999571,0.00040426806000004589
2.4729999999999999,0.81693695030000002,1.6299584016999999,0.82002071467000004,0.81654742596999996,0.81302145139999993,0.0030837643700000195,0.00038952433000005726
2.4740000000000002,0.81951599629000005,1.6295737498,0.82263287105000005,0.81914131691000003,0.81005775350999998,0.0031168747599999991,0.00037467938000002032
2.4750000000000001,0.82209506349000006,1.6291913242,0.82524526357000005,0.82173532992999998,0.80709626070999996,0.0031502000799999985,0.00035973356000007506
2.476,0.82467412732000001,1.6288111443,0.82785786892000002,0.82432944024999999,0.80413701697999995,0.0031837416000000118,0.00034468707000001597
2.4769999999999999,0.82725316322999998,1.6284332295999999,0.83047066379000001,0.82692362291999999,0.80118006636999994,0.0032175005600000306,0.00032954030999998718
2.4780000000000002,0.82983214653000004,1.6280575991999999,0.83308362479999998,0.82951785296000002,0.79822545266999989,0.0032514782699999412,0.00031429357000001268
2.4790000000000001,0.83241105255000003,1.6276842721,0.83569672854999999,0.83211210524000001,0.79527321954999997,0.0032856759999999596,0.00029894731000001951
2.48,0.83498985651000002,1.6273132672999999,0.83830995147999998,0.83470635465999998,0.7923234107899999,0.0033200949699999649,0.00028350185000003414
2.4809999999999999,0.83756853346000004,1.6269446034999999,0.84092327014000001,0.83730057593999996,0.78937607003999988,0.0033547366799999701,0.00026795752000008388
2.4820000000000002,0.84014705855000005,1.6265782992,0.84353666096000002,0.83989474374999995,0.78643124064999992,0.00338960240999997,0.00025231480000009743
2.4830000000000001,0.84272540670999996,1.6262143727,0.84615010023000004,0.84248883272999997,0.78348896599000006,0.0034246935200000772,0.00023657397999998775
2.484,0.84530355298000004,1.6258528422,0.84876356435,0.84508281722,0.78054928922,0.0034600113699999602,0.00022073576000003481
2.4849999999999999,0.84788147214999998,1.6254937254999999,0.85137702953000005,0.84767667176999995,0.77761225334999995,0.0034955573800000694,0.00020480038000003642
2.4860000000000002,0.85045913905000003,1.6251370403000001,0.85399047202,0.8502703707,0.77467790125000002,0.0035313329699999674,0.00018876835000003478
2.4870000000000001,0.85303652834999999,1.6247828038000001,0.85660386797999999,0.85286388804000002,0.77174627545000007,0.0035673396299999993,0.00017264030999997182
2.488,0.85561361472999997,1.6244310332,0.85921719349000003,0.85545719811999998,0.76881741847000007,0.0036035787600000591,0.00015641660999998752
2.4889999999999999,0.85819037275999999,1.6240817452,0.86183042461000003,0.85805027485999996,0.76589137244000005,0.0036400518500000478,0.00014009790000002464
2.4900000000000002,0.86076677692000003,1.6237349564000001,0.86444353735000001,0.86064309224000002,0.76296817948000006,0.0036767604299999812,0.00012368468000001354
2.4910000000000001,0.86334280166999999,1.6233906831,0.86705650763999997,0.86323562408999999,0.76004788143000002,0.0037137059699999808,0.00010717758000000632
2.492,0.86591842132999997,1.623048941,0.86966931137000003,0.86582784419000003,0.75713051967,0.0037508900400000655,9.0577139999936662e-05
2.4929999999999999,0.86849361013000004,1.622709746,0.87228192437999996,0.86841972598999995,0.75421613586999992,0.0037883142499999245,7.3884140000091136e-05
2.4940000000000002,0.87106834234999997,1.6223731132999999,0.87489432242999998,0.87101124322000001,0.75130477094999992,0.0038259800800000132,5.7099129999960141e-05
2.4950000000000001,0.87364259202000005,1.6220390578999999,0.87750648119999997,0.87360236921000001,0.74839646587999986,0.0038638891799999131,4.0222810000045683e-05
2.496,0.87621633322000003,1.6217075943999999,0.88011837641000001,0.87619307731999996,0.74549126117999986,0.0039020431899999819,2.325590000007427e-05
2.4969999999999999,0.87878953985999997,1.6213787369999999,0.88272998362999999,0.87878334074999997,0.74258919713999993,0.0039404437700000239,6.1991099999936239e-06
2.4980000000000002,0.88136218588000004,1.6210524997,0.88534127838999999,0.88137313259000005,0.73969031381999995,0.0039790925099999486,1.0946710000014903e-05
2.4990000000000001,0.88393424504999996,1.6207288959999999,0.88795223621999997,0.88396242586999996,0.73679465094999996,0.0040179911700000126,2.8180820000001106e-05
2.5,0.88650569103999999,1.6204079391999999,0.89056283245000001,0.88655119343,0.73390224815999994,0.0040571414100000203,4.5502390000007331e-05
2.5009999999999999,0.88907649753999995,1.6200896420999999,0.89317304251999996,0.88913940804000002,0.73101314455999999,0.0040965449800000053,6.2910500000068481e-05
2.5019999999999998,0.89164663807,1.6197740174999999,0.89578284172,0.89172704237,0.72812737942999994,0.0041362036500000032,8.0404300000003204e-05
2.5030000000000001,0.89421608610000003,1.6194610773,0.89839220524999996,0.89431406897999999,0.72524499119999997,0.0041761191499999351,9.798287999995825e-05
2.504,0.89678481501999996,1.6191508336,0.90100110831000002,0.89690046018000003,0.72236601858000005,0.0042162932900000616,0.0001156451600000663
2.5049999999999999,0.89935279807000001,1.6188432978,0.90360952604,0.89948618837000005,0.71949049973000001,0.0042567279699999849,0.00013339030000003582
2.5059999999999998,0.90192000852999998,1.6185384811000001,0.90621743346999994,0.90207122567999998,0.71661847257000011,0.0042974249399999609,0.00015121714999999369
2.5070000000000001,0.90448641945999997,1.6182363943,0.90882480558000001,0.90465554414000005,0.71374997484000002,0.0043383861200000373,0.00016912468000007674
2.508,0.90705200392999996,1.6179370478999999,0.91143161734,0.90723911569000004,0.71088504396999996,0.0043796134100000383,0.00018711176000008045
2.5089999999999999,0.90961673488999994,1.6176404520000001,0.91403784354999995,0.90982191209999996,0.70802371711000012,0.004421108660000006,0.00020517721000001821
2.5099999999999998,0.9121805852,1.6173466163000001,0.91664345905,0.91240390504000002,0.70516603110000009,0.0044628738499999931,0.00022331984000001359
2.5110000000000001,0.91474352761,1.6170555502999999,0.91924843859000005,0.91498506610999997,0.70231202268999993,0.0045049109800000542,0.00024153849999997146
2.512,0.91730553481999999,1.6167672631000001,0.92185275680000001,0.91756536646999998,0.69946172828000008,0.0045472219800000158,0.00025983164999998642
2.5129999999999999,0.91986657941000005,1.6164817632999999,0.92445638831999999,0.92014477759000002,0.69661518388999988,0.0045898089099999373,0.00027819817999996665
2.5139999999999998,0.92242663390000001,1.6161990594,0.92705930769,0.92272327050000003,0.69377242549999996,0.0046326737899999859,0.00029663660000001091
2.5150000000000001,0.92498567067000004,1.6159191595,0.92966148933000003,0.92530081621000004,0.69093348882999994,0.0046758186599999974,0.00031514554000000583
2.516,0.92754366209000005,1.6156420711999999,0.93226290770999998,0.92787738551999999,0.68809840910999986,0.0047192456199999233,0.00033372342999993254
2.5169999999999999,0.93010058030999998,1.615367802,0.93486353715000003,0.93045294913999999,0.68526722168999998,0.0047629568400000544,0.00035236883000000496
2.5179999999999998,0.93265639752999996,1.6150963589,0.93746335191999997,0.93302747755000004,0.68243996137000007,0.0048069543900000067,0.00037108002000008078
2.5190000000000001,0.93521108577000001,1.6148277487,0.94006232623999997,0.93560094120000004,0.67961666293,0.0048512404699999623,0.00038985543000003009
2.52,0.93776461695000002,1.6145619778,0.94266043423000001,0.93817331027999995,0.67679736084999997,0.0048958172799999922,0.0004086933299999318
2.5209999999999999,0.94031696301000001,1.6142990524,0.94525764997999995,0.94074455492999998,0.67398208939000004,0.0049406869699999412,0.00042759191999997004
2.5219999999999998,0.94286809556999995,1.6140389783,0.94785394745999996,0.94331464495999995,0.67117088273000003,0.0049858518900000037,0.00044654938999999505
2.5230000000000001,0.94541798638999996,1.6137817611,0.95044930063999999,0.94588355022000004,0.66836377471000008,0.0050313142500000296,0.00046556383000007084
2.524,0.94796660706000002,1.613527406,0.94871645007000005,0.94401329821000002,0.66556079893999998,0.00074984301000002862,0.0039533088500000035
2.5249999999999999,0.95051392892999997,1.6132759179,0.95128403756000002,0.94658498821000003,0.66276198897000005,0.0007701086300000437,0.0039289407199999404
2.5259999999999998,0.95305992348000002,1.6130273017000001,0.95385035292999998,0.94915540482000005,0.65996737822000007,0.00079042944999996312,0.0039045186599999671
2.5270000000000001,0.95560456196999999,1.6127815616000001,0.95641536529000004,0.95172451446999995,0.65717699963000009,0.00081080332000005306,0.003880047500000039
2.528,0.95814781557999995,1.6125387018999999,0.95897904360999997,0.95429228344999995,0.65439088631999998,0.00083122803000001966,0.0038555321300000056
2.5289999999999999,0.96068965529999995,1.6122987266,0.96154135660999995,0.95685867781,0.65160907130000001,0.00085170131000000815,0.0038309774899999427
2.5299999999999998,0.96323005222000002,1.6120616394,0.96410227289999995,0.95942366337999996,0.64883158718,0.00087222067999992436,0.0038063888400000634
2.5310000000000001,0.96576897721999999,1.6118274435,0.9666617609,0.96198720582999997,0.64605846627999997,0.00089278368000000885,0.0037817713900000216
2.532,0.96830640100999998,1.6115961424,0.96921978877000003,0.96454927066999996,0.64328974139000006,0.00091338776000005062,0.0037571303400000255
2.5329999999999999,0.97084229428000002,1.6113677391000001,0.97177632461999996,0.96710982320000005,0.64052544482000007,0.00093403033999994722,0.0037324710799999661
2.5339999999999998,0.9733766277,1.6111422364000001,0.97433133623000001,0.96966882834000001,0.6377656087000001,0.00095470853000001465,0.0037077993599999859
2.5350000000000001,0.97590937170000003,1.6109196371000001,0.97688479127000005,0.97222625104000004,0.63501026540000005,0.00097541957000002455,0.0036831206599999833
2.536,0.97844049661999999,1.6106999437,0.97943665719999995,0.97478205592,0.63225944708000004,0.00099616057999996066,0.0036584406999999874
2.5369999999999999,0.98096997281999998,1.6104831587999999,0.98198690127999999,0.97733620740000005,0.62951318597999995,0.0010169284600000106,0.0036337654199999347
2.5379999999999998,0.98349777046999998,1.6102692845,0.9845354905,0.97989331356999998,0.62677151402999998,0.0010377200300000222,0.0036044568999999971
2.5390000000000001,0.98602385958000005,1.6100583233000001,0.98708239176000001,0.98244399135000005,0.62403446372000004,0.0010585321799999603,0.0035798682300000051
2.54,0.98854821022999995,1.6098502772000001,0.98962757166000004,0.98499290707999998,0.62130206697000012,0.001079361430000092,0.0035553031499999665
2.5409999999999999,0.99107079219000005,1.6096451483000001,0.99217099663999997,0.98754002427999998,0.61857435611,0.0011002044499999197,0.0035307679100000655
2.5419999999999998,0.99359157529999997,1.6094429387,0.9947126329,0.99008530614000001,0.61585136340000002,0.0011210576000000305,0.003506269159999964
2.5430000000000001,0.99611052919999998,1.6092436504000001,0.99725244640999999,0.99262871578,0.61313312120000008,0.0011419172100000097,0.0034818134199999795
2.544,0.99862762352000001,1.6090472854,0.99979040287999998,0.99517021605,0.61041966187999996,0.0011627793599999769,0.0034574074700000068
2.5449999999999999,1.0011428276000001,1.6088538458999999,1.0023264678999999,0.99770976951000001,0.60771101829999985,0.0011836402999998441,0.0034330580900000518
2.5459999999999998,1.003656111,1.6086633338,1.0048606067999999,1.0002473382999999,0.60500722280000008,0.0012044957999999273,0.0034087727000000623
2.5470000000000002,1.0061674428,1.6084757514000001,1.0073927844999999,1.0027828849,0.60230830860000006,0.0012253416999998823,0.0033845579000000292
2.548,1.0086767923,1.6082911007,1.0099229659,1.0053163705999999,0.59961430840000007,0.0012461736000000112,0.0033604217000000602
2.5489999999999999,1.0111841283,1.6081093842,1.0124511157,1.0078477574,0.59692525590000001,0.0012669873999999748,0.0033363709000000519
2.5499999999999998,1.0136894201,1.6079306041999999,1.0149771979,1.0103770063999999,0.59424118409999993,0.0012877778000000006,0.0033124137000000164
2.5510000000000002,1.0161926363,1.6077547631,1.0175011769,1.0129040787000001,0.59156212679999998,0.0013085405999999633,0.0032885575999999084
2.552,1.0186937457,1.6075818636000001,1.0200230163999999,1.0154289350000001,0.58888811790000006,0.0013292706999998849,0.0032648106999999538
2.5529999999999999,1.0211927170999999,1.6074119086000001,1.0225426798999999,1.0179515358,0.58621919150000013,0.001349962799999993,0.0032411812999999512
2.5539999999999998,1.0236895187999999,1.6072449011000001,1.0250601307,1.0204718414,0.58355538230000015,0.001370611900000096,0.0032176773999998964
2.5550000000000002,1.0261841194000001,1.6070808445,1.0275753318,1.0229898116,0.5808967250999999,0.0013912123999999526,0.0031943078000000735
2.556,1.0286764872,1.6069197423999999,1.030088246,1.0255054061,0.57824325519999986,0.0014117587999999959,0.0031710811000000838
2.5569999999999999,1.0311665904,1.6067615985000001,1.0325988357,1.0280185843,0.57559500810000008,0.001432245299999968,0.0031480060999999893
2.5579999999999998,1.0336543971000001,1.6066064171000001,1.0351070630999999,1.0305293053,0.57295202000000001,0.0014526659999998248,0.0031250918000000905
2.5590000000000002,1.0361398754,1.6064542026999999,1.0376128900999999,1.0330375275999999,0.57031432729999998,0.0014730146999999416,0.0031023478000000715
2.5600000000000001,1.0386229932,1.6063049599999999,1.0401162783,1.0355432098999999,0.56768196679999994,0.0014932851000000191,0.0030797833000000274
2.5609999999999999,1.0411037183,1.6061586942999999,1.0426171889,1.0380463101999999,0.56505497599999988,0.0015134705999999554,0.003057408100000103
2.5619999999999998,1.0435820184,1.6060154112,1.0451155829000001,1.0405467864,0.56243339280000004,0.0015335645000000842,0.0030352319999999988
2.5630000000000002,1.0460578613,1.6058751167,1.0476114209,1.0430445960000001,0.55981725540000005,0.0015535596000000318,0.003013265299999901
2.5640000000000001,1.0485312143000001,1.6057378173000001,1.0501046634,1.0455439538,0.55720660300000002,0.0015734490999999018,0.0029872605000000885
2.5649999999999999,1.0510020448999999,1.6056035198,1.0525952702000001,1.0480363578,0.55460147490000011,0.0015932253000001673,0.0029656870999998919
2.5659999999999998,1.0534703205,1.6054722315000001,1.0550832011,1.0505259655999999,0.55200191100000007,0.0016128805999999773,0.0029443549000001124
2.5670000000000002,1.0559360081,1.6053439602999999,1.0575684155,1.0530127332000001,0.54940795219999994,0.0016324074000000355,0.0029232748999998837
2.5680000000000001,1.0583990751000001,1.6052187145000001,1.0600508722999999,1.0554966165999999,0.5468196394,0.0016517971999998604,0.002902458500000149
2.569,1.0608594883,1.6050965028999999,1.0625305301000001,1.0579775710999999,0.54423701459999996,0.0016710418000001059,0.0028819172000000837
2.5699999999999998,1.0633172147000001,1.6049773349000001,1.0650073472999999,1.0604555518000001,0.54166012019999998,0.0016901325999998384,0.002861662900000006
2.5710000000000002,1.0657722211,1.6048612203999999,1.0674812817999999,1.0629305135,0.53908899929999987,0.0017090606999998759,0.0028417076000000208
2.5720000000000001,1.0682244743,1.6047481696999999,1.0699522910999999,1.0654024105,0.53652369539999989,0.0017278167999998928,0.002822063800000052
2.573,1.0706739407999999,1.6046381938000001,1.0724203323999999,1.0678711966000001,0.53396425300000017,0.0017463916000000079,0.0028027441999998182
2.5739999999999998,1.0731205872,1.6045313042,1.0748853624000001,1.0703368256000001,0.53141071699999998,0.0017647752000000683,0.0027837615999999343
2.5750000000000002,1.0755643799000001,1.6044275130000001,1.0773473376,1.0727992505999999,0.52886313309999999,0.0017829576999999208,0.0027651293000001687
2.5760000000000001,1.0780052854,1.6043268328,1.0798062139,1.0752584245000001,0.52632154740000003,0.0018009285000000208,0.00274686089999987
2.577,1.0804432695999999,1.6042292768999999,1.0822619469999999,1.0777142995,0.52378600730000002,0.0018186773999999684,0.00272897009999995
2.5779999999999998,1.0828782989000001,1.6041348589,1.0847144919,1.0801668276,0.52125655999999987,0.0018361929999999305,0.0027114713000000457
2.5790000000000002,1.0853103393000001,1.6040435931999999,1.0871638033,1.0826159605000001,0.5187332538999998,0.0018534639999998603,0.002694378800000008
2.5800000000000001,1.0877393567,1.6039554946000001,1.0896098355999999,1.0850616491,0.51621613790000009,0.0018704788999999167,0.0026777075999999678
2.581,1.0901653170000001,1.6038705786,1.0920525426000001,1.0875038442,0.51370526159999996,0.0018872255999999865,0.0026614728000000643
2.5819999999999999,1.092588186,1.6037888611,1.0944918776999999,1.0899424960999999,0.5112006751,0.001903691699999932,0.0026456899000000256
2.5830000000000002,1.0950079291999999,1.6037103586000001,1.0969277936999999,1.0923775545000001,0.50870242940000021,0.0019198645000000347,0.0026303746999998268
2.5840000000000001,1.0974245123999999,1.6036350881999999,1.0993602431,1.0948089687,0.50621057579999995,0.0019357307000000823,0.0026155436999999448
2.585,1.0998379009999999,1.6035630675000001,1.1017891778,1.0972366875999999,0.50372516650000021,0.001951276800000068,0.0026012133999999687
2.5859999999999999,1.1022480604,1.6034943144,1.1042145494,1.0996606597,0.501246254,0.0019664889999999602,0.0025874006999999644
2.5870000000000002,1.1046549557000001,1.6034288476,1.1066363086,1.1020808327,0.49877389189999999,0.0019813528999998997,0.0025741230000000392
2.5880000000000001,1.1070585519,1.6033666862,1.1090544061000001,1.1044971540999999,0.49630813429999998,0.0019958542000000357,0.002561397800000087
2.589,1.1094588139999999,1.6033078497,1.1114687915000001,1.1069095707000001,0.49384903570000005,0.002009977500000204,0.0025492432999998371
2.5899999999999999,1.1118557066999999,1.6032523581,1.1138794142999999,1.1093180291,0.49139665140000011,0.0020237076000000354,0.0025376775999998991
2.5910000000000002,1.1142491949,1.6032002317,1.1162862232999999,1.1117263309000001,0.48895103680000007,0.0020370283999999739,0.0025228639999999025
2.5920000000000001,1.1166392430000001,1.6031514916,1.1186891667000001,1.1141267801000001,0.48651224859999997,0.0020499237000000115,0.0025124628999999565
2.593,1.1190258157999999,1.6031061588,1.1210881921,1.1165231068000001,0.48408034300000002,0.0020623763000000572,0.0025027089999998253
2.5939999999999999,1.1214088776,1.6030642551000001,1.1234832465,1.1189152554999999,0.48165537750000009,0.0020743689000000121,0.0024936221000000369
2.5950000000000002,1.1237883928000001,1.6030258024999999,1.1258742764,1.1213031695,0.47923740969999984,0.0020858835999999492,0.0024852233000001167
2.5960000000000001,1.1261643257,1.6029908232000001,1.1282612274999999,1.1236867921,0.47682649750000006,0.002096901799999884,0.0024775336000000259
2.597,1.1285366403999999,1.6029593396999999,1.1306440450999999,1.1260660657999999,0.47442269930000003,0.0021074047000000373,0.0024705745999999973
2.5979999999999999,1.1309053012000001,1.6029313749,1.1330226737,1.1284409325,0.47202607369999994,0.0021173724999998811,0.002464368700000108
2.5990000000000002,1.1332702719000001,1.6029069520000001,1.135397057,1.1308113333000001,0.46963668010000004,0.0021267850999999727,0.0024589386000000157
2.6000000000000001,1.1356315164999999,1.6028860944000001,1.1377671382000001,1.1331772087,0.46725457790000013,0.0021356217000001454,0.0024543077999998886
2.601,1.1379889989,1.6028688256000001,1.1401328598,1.1355384985999999,0.46487982670000005,0.0021438608999999609,0.0024505003000001579
2.6019999999999999,1.1403426828000001,1.6028551696,1.1424941634000001,1.1378951422000001,0.4625124867999999,0.002151480600000033,0.0024475405999999644
2.6030000000000002,1.1426925318000001,1.6028451504000001,1.1448509899999999,1.140247078,0.46015261860000001,0.0021584581999998242,0.0024454538000000525
2.6040000000000001,1.1450385095,1.6028387922,1.1472032798,1.1425942438000001,0.45780028270000006,0.0021647703000000629,0.0024442656999998924
2.605,1.1473805793,1.6028361196000001,1.1495509722999999,1.1449365767999999,0.45545554030000002,0.0021703929999998817,0.0024440025000000976
2.6059999999999999,1.1497187047999999,1.602837157,1.1518940061,1.1472838730999999,0.45311845220000002,0.0021753013000000987,0.0024348317000000286
2.6070000000000002,1.1520528492,1.6028419291,1.1542323189000001,1.1496165117999999,0.45078907990000006,0.0021794697000001584,0.0024363374000000437
2.6080000000000001,1.1543829755999999,1.6028504606,1.1565658477,1.1519441256,0.44846748500000011,0.0021828721000001217,0.0024388499999998814
2.609,1.1567090471999999,1.6028627765000001,1.1588945286000001,1.1542666485999999,0.44615372930000019,0.0021854814000001888,0.0024423985999999509
2.6099999999999999,1.1590310270999999,1.6028789015,1.1612182968,1.1565840141999999,0.44384787440000006,0.0021872697000000496,0.0024470129000000451
2.6110000000000002,1.1613488782000001,1.6028988606000001,1.1635370865000001,1.1588961551000001,0.44154998239999999,0.0021882082999999941,0.0024527230999999983
2.6120000000000001,1.1636625631999999,1.6029226789,1.165850831,1.1612030031,0.43926011570000001,0.0021882678000000322,0.0024595600999999245
2.613,1.165972045,1.6029503812000001,1.1681594623,1.1635044890999999,0.43697833620000015,0.0021874173000000496,0.0024675559000000291
2.6139999999999999,1.1682772862999999,1.6029819923999999,1.1704629116,1.1658005433,0.4347047061,0.0021856253000001047,0.0024767429999998924
2.6150000000000002,1.1705782494000001,1.6030175376,1.1727611092000001,1.1680910951000001,0.43243928819999988,0.0021828597999999921,0.0024871543000000162
2.6160000000000001,1.1728748966,1.6030570415000001,1.1750539837,1.1703760727000001,0.43018214490000006,0.0021790871000000323,0.0024988238999998913
2.617,1.1751671898,1.6031005289,1.1773414631000001,1.1726554037000001,0.42793333909999998,0.0021742733000000847,0.0025117860999999131
2.6179999999999999,1.1774550908000001,1.6031480246000001,1.1796234741,1.1749290146,0.42569293379999995,0.0021683832999999098,0.0025260762000001158
2.6190000000000002,1.1797385616,1.6031995531000001,1.1818999422000001,1.1771968310000001,0.42346099150000005,0.0021613806000000402,0.0025417305999999584
2.6200000000000001,1.1820175636000001,1.6032551390000001,1.1841707916999999,1.1794587775000001,0.42123757539999995,0.0021532280999998488,0.0025587861000000434
2.621,1.1842920586000001,1.6033148065,1.1864359458,1.1817147777999999,0.41902274789999994,0.0021438871999999165,0.0025772808000001923
2.6219999999999999,1.1865620078000001,1.6033785801,1.1886953262,1.1839647545,0.41681657229999991,0.0021333183999998617,0.0025972533000000464
2.6230000000000002,1.1888273725,1.6034464835,1.1909488535999999,1.1861468888,0.41461911099999993,0.0021214810999998779,0.0026804837000000692
2.6240000000000001,1.191088114,1.6035185407999999,1.1931964471000001,1.1883833260000001,0.41243042679999986,0.0021083331000000261,0.002704787999999958
2.625,1.1933441934,1.6035947755,1.1954380245,1.1906134854999999,0.41025058209999998,0.0020938311000000542,0.0027307079000000734
2.6259999999999999,1.1955955715,1.6036752111999999,1.1976735021,1.1928372853,0.40807963969999994,0.0020779306000000553,0.0027582861999999597
2.6269999999999998,1.1978422091000001,1.6037598711000001,1.1999027950000001,1.1950546423999999,0.40591766200000001,0.0020605859000000226,0.0027875667000001325
2.6280000000000001,1.2000840670999999,1.6038487781999999,1.2021258162999999,1.1972654723,0.40376471110000001,0.0020417491999999982,0.0028185947999999073
2.629,1.2023211057000001,1.6039419555000001,1.2043424779,1.1994696896000001,0.40162084980000001,0.0020213721999999823,0.0028514160999999483
2.6299999999999999,1.2045532855000001,1.6040394254999999,1.2065526898000001,1.2016672074999999,0.39948613999999982,0.0019994043000000072,0.0028860780000001807
2.6309999999999998,1.2067805667,1.6041412105999999,1.2087563606,1.2038579379000001,0.39736064389999992,0.0019757939000000224,0.0029226287999999379
2.6320000000000001,1.2090029094000001,1.6042473329,1.2109533966999999,1.2060417912000001,0.39524442349999989,0.0019504872999998035,0.0029611182000000014
2.633,1.2112202732999999,1.6043578141999999,1.2131437032000001,1.2082186768000001,0.39313754089999997,0.001923429900000162,0.0030015964999998701
2.6339999999999999,1.2134326181999999,1.6044726762999999,1.2153271828000001,1.2103885023000001,0.39104005809999998,0.0018945646000001481,0.0030441158999998663
2.6349999999999998,1.2156399033,1.6045919403,1.2175037361000001,1.2125511741999999,0.38895203699999992,0.0018638328000000204,0.0030887291000001316
2.6360000000000001,1.2178420881000001,1.6047156273000001,1.2196732617999999,1.2147065972,0.38687353920000001,0.0018311736999998551,0.003135490900000093
2.637,1.2200391316000001,1.6048437579999999,1.2218356563999999,1.2168546747,0.38480462639999979,0.0017965247999998102,0.0031844569000001322
2.6379999999999999,1.2222309924999999,1.6049763529000001,1.2239908143,1.2189953082,0.38274536040000018,0.0017598218000001165,0.0032356842999998747
2.6389999999999998,1.2244176295,1.6051134322,1.2261386274999999,1.2211283979000001,0.38069580270000003,0.0017209979999999181,0.0032892315999999422
2.6400000000000001,1.2265990007000001,1.6052550157000001,1.2282789857,1.2232495190999999,0.37865601500000001,0.001679984999999995,0.0033494816000001482
2.641,1.2287750645,1.6054011228,1.230411776,1.2253612593000001,0.37662605830000007,0.0016367114999999988,0.0034138051999998975
2.6419999999999999,1.2309457787,1.6055517729,1.2325368832000001,1.2274651979,0.37460599419999996,0.0015911045000001067,0.0034805808000000216
2.6429999999999998,1.233111101,1.6057069848000001,1.234654189,1.2295612276000001,0.37259588380000008,0.0015430880000000258,0.0035498733999999033
2.6440000000000001,1.235270989,1.6058667769999999,1.2367635727999999,1.2316492394,0.37059578799999993,0.0014925837999999469,0.0036217495999999461
2.645,1.2374253998,1.6060311678000001,1.2388649107,1.2337291224,0.36860576800000011,0.0014395109000000517,0.0036962774000000032
2.6459999999999999,1.2395742904,1.6062001750999999,1.2409580760000001,1.2358007633000001,0.3666258846999999,0.0013837856000000759,0.003773527099999896
2.6469999999999998,1.2417176177,1.6063738163000001,1.2430429387999999,1.2378640469,0.36465619860000009,0.0013253210999999432,0.003853570800000039
2.6480000000000001,1.2438553381999999,1.6065521088000001,1.2451193656999999,1.2399188548,0.36269677060000016,0.0012640274999999868,0.0039364833999999682
2.649,1.245987408,1.6067350692,1.2471872201,1.2419650662999999,0.36074766120000001,0.0011998121000000861,0.0040223417000000428
2.6499999999999999,1.2481137831,1.6069227142,1.2492463618,1.2440025581,0.35880893110000001,0.0011325787000000531,0.0041112249999999406
2.6509999999999998,1.2502344191999999,1.6071150597999999,1.2512966463999999,1.2460312045999999,0.35688064060000002,0.0010622272000000432,0.0042032145999999493
2.6520000000000001,1.2523492717,1.6073121218999999,1.2533379259999999,1.2480508775000001,0.35496285019999996,0.00098865429999994703,0.0042983941999998887
2.653,1.2544582956000001,1.6075139158,1.2553700481000001,1.2500614459999999,0.35305562019999992,0.00091175249999997376,0.0043968496000001966
2.6539999999999999,1.2565614458000001,1.6077204564000001,1.2573928558,1.252380053,0.35115901059999999,0.00083140999999997689,0.0041813928000000722
2.6549999999999998,1.2586586766000001,1.6079317583999999,1.2594061873,1.2543688756,0.34927308179999983,0.00074751069999989816,0.004289801000000093
2.6560000000000001,1.2607499421999999,1.6081478360999999,1.2614098763999999,1.2563481142999999,0.34739789389999998,0.0006599341999999897,0.0044018278999999882
2.657,1.2628351963,1.6083687034,1.2634037513,1.2583176267,0.34553350710000008,0.00056855500000008163,0.0045175695999999377
2.6579999999999999,1.2649143923999999,1.6085943736999999,1.2653876352,1.2602772665999999,0.34367998129999999,0.00047324280000005103,0.0046371257999999749
2.6589999999999998,1.2669874835999999,1.6088248602999999,1.2673613454999999,1.2622268838999999,0.34183737670000003,0.00037386189999999431,0.0047605996999999789
2.6600000000000001,1.2690544224,1.6090601760000001,1.2693246935,1.2641663246999999,0.34000575360000007,0.00027027109999999688,0.0048880977000000936
2.661,1.2711151611,1.6093003331,1.2712774831,1.2660954314999999,0.33818517199999998,0.00016232199999999253,0.005019729600000078
2.6619999999999999,1.2731696518,1.6095453436,1.273219511,1.2680140428,0.33637569180000004,4.9859200000001991e-05,0.0051556090000000054
2.6629999999999998,1.2752178458000001,1.6097952193,1.2751505668000001,1.2699219930000001,0.33457737349999994,6.7279000000031175e-05,0.0052958528000000005
2.6640000000000001,1.2772596942000001,1.6100499714000001,1.2770704319999999,1.2718191123,0.33279027719999998,0.00018926220000015093,0.0054405819000000744
2.665,1.2792951477000001,1.6103096107999999,1.2789788804,1.2737052267,0.33101446309999982,0.00031626730000011705,0.0055899210000001087
2.6659999999999999,1.2813241564,1.6105741481,1.2808756768,1.2755801571000001,0.32924999170000002,0.00044847959999994025,0.0057439992999999134
2.6669999999999998,1.2833466699,1.6108435934000001,1.2827605766000001,1.2774437197999999,0.32749692350000004,0.00058609329999992354,0.0059029501000000817
2.6680000000000001,1.2853626369,1.6111179565,1.2846333253,1.2793263148,0.32575531960000004,0.00072931160000000439,0.0060363220999999356
2.669,1.2873720043000001,1.6113972468,1.2864936572000001,1.2811663175000001,0.32402524249999987,0.00087834710000000982,0.0062056867999999987
2.6699999999999999,1.2893747195,1.6116814734,1.2883412941000001,1.2829943465,0.32230675389999996,0.0010334253999999543,0.0063803730000000503
2.6709999999999998,1.2913707286,1.6119706447,1.2901759450000001,1.2848101912000001,0.32059991609999994,0.0011947835999999157,0.006560537399999955
2.6720000000000002,1.2933599773,1.6122647692000001,1.2919973057,1.2866136337,0.3189047919000001,0.0013626715999999206,0.0067463435999999266
2.673,1.2953424105,1.6125638547000001,1.2938050575,1.288404449,0.31722144420000009,0.0015373530000000191,0.0069379615000000339
2.6739999999999999,1.2973179728999999,1.6128679087,1.2955988659,1.2901824048999999,0.31554993580000001,0.0017191069999999975,0.0071355680000000365
2.6749999999999998,1.2992866081000001,1.6131769384000001,1.2973783796,1.2919472617000001,0.31389033030000002,0.0019082285000000532,0.0073393464000000019
2.6760000000000002,1.3012482592000001,1.6134909504999999,1.2991432284,1.2936987713000001,0.31224269129999982,0.0021050308000001294,0.0075494878999999848
2.677,1.3032028688999999,1.6138099512999999,1.3008930213000001,1.2954366771000001,0.31060708240000001,0.0023098475999998591,0.007766191799999822
2.6779999999999999,1.3051503789000001,1.6141339469,1.3026273455999999,1.2971607124,0.30898356799999993,0.0025230333000001437,0.0079896665000001033
2.6789999999999998,1.3070907301000001,1.6144629427999999,1.3043457638,1.2988706008999999,0.30737221269999981,0.0027449663000000957,0.008220129200000148
2.6800000000000002,1.3090238627999999,1.6147969444000001,1.3060478120000001,1.3005660554,0.30577308160000016,0.002976050799999852,0.0084578073999999059
2.681,1.3109497163999999,1.6151359564000001,1.3077329953000001,1.3024094177000001,0.30418624000000016,0.0032167210999998197,0.0085402986999998376
2.6819999999999999,1.3128682298000001,1.6154799835,1.3094007808999999,1.3040733818000001,0.30261175369999993,0.0034674489000001696,0.0087948479999999662
2.6829999999999998,1.3147793410999999,1.6158290296,1.3110505953,1.3057223591,0.30104968850000002,0.0037287457999999329,0.0090569819999999357
2.6840000000000002,1.3166829875999999,1.6161830987000001,1.3126818227999999,1.3073560296,0.29950011110000019,0.0040011648000000122,0.0093269579999999408
2.6850000000000001,1.3185791059,1.6165421939,1.3142937990000001,1.3089740586,0.29796308799999993,0.0042853068999999522,0.0096050473000000025
2.6859999999999999,1.3204676317999999,1.6169063185000001,1.3158858053,1.310576094,0.29643868670000018,0.0045818264999999414,0.009891537799999961
2.6869999999999998,1.3223485005,1.6172754749,1.3174570606,1.3121617671000001,0.29492697440000004,0.0048914398999999609,0.01018673339999987
2.6880000000000002,1.3242216462,1.6176496654999999,1.3190067119,1.3137306915,0.29342801929999984,0.0052149343000000847,0.010490954700000055
2.6890000000000001,1.3260870024,1.6180288921999999,1.3205338218,1.315282461,0.29194188979999991,0.005553180599999985,0.010804541399999978
2.6899999999999999,1.3279445018,1.6184131566,1.3220373471,1.3168166482999999,0.29046865479999995,0.005907154700000028,0.011127853500000118
2.6909999999999998,1.3297940764,1.6188024597999999,1.3235161223,1.3183328013,0.2890083833999999,0.0062779540999999828,0.011461275100000057
2.6920000000000002,1.3316356573000001,1.6191968026000001,1.3249688393000001,1.3195294129999999,0.28756114529999999,0.0066668180000000188,0.01210624430000018
2.6930000000000001,1.3334691749000001,1.6195961855000001,1.3263940138000001,1.3210389737999999,0.28612701060000001,0.0070751610999999492,0.012430201100000149
2.694,1.3352945586,1.6200006085,1.3277899332,1.3225288285000001,0.28470604990000004,0.0075046253999999646,0.012765730099999928
2.6949999999999998,1.3371117372000001,1.6204100713,1.3291545683999999,1.3239983713000001,0.28329833409999994,0.0079571688000001917,0.013113365900000007
2.6960000000000002,1.3389206386000001,1.6208245729999999,1.3304854895,1.3254469533,0.28190393439999983,0.0084351491000000944,0.013473685300000149
2.6970000000000001,1.3407211890999999,1.6212441124999999,1.3317797415999999,1.3268738779,0.28052292339999996,0.0089414475000000326,0.013847311199999934
2.698,1.3425133141000001,1.6216686881,1.3330336273000001,1.3282783938,0.2791553739999999,0.0094796867999999979,0.014234920300000065
2.6989999999999998,1.3442969385000001,1.6220982981000001,1.3342423496,1.3296596875,0.27780135959999996,0.010054588900000105,0.014637251000000129
2.7000000000000002,1.3460719860000001,1.6225329400999999,1.3353993174000001,1.3310168738999999,0.27646095409999982,0.010672668600000046,0.015055112100000212
2.7010000000000001,1.3478383799,1.6229726116000001,1.3364945326,1.3323489846000001,0.27513423170000006,0.011343847300000043,0.015489395299999931
2.702,1.3495960426,1.6234173097,1.3375098424,1.3337115276,0.27382126709999999,0.012086200199999952,0.015884514999999988
2.7029999999999998,1.3513448957,1.6238670310000001,0.38121805946999998,1.3349882983000001,0.27252213530000002,0.97012683623000007,0.01635659739999995
2.7040000000000002,1.3530848603000001,1.6243217721000001,0.37907364609999999,1.3362360755,0.27123691179999998,0.97401121420000014,0.016848784800000072
2.7050000000000001,1.3548158566999999,1.6247815289,0.3769327549,1.3374533198,0.26996567220000012,0.97788310179999993,0.017362536899999892
2.706,1.3565378048000001,1.6252462971999999,0.37479540274000001,1.3386382595999999,0.26870849239999983,0.98174240206000007,0.017899545200000144
2.7069999999999999,1.3582506235,1.6257160723999999,0.37266160642000001,1.3397888318,0.2674654488999999,0.98558901708000002,0.018461791700000063
2.7080000000000002,1.3599542319,1.6261908495999999,0.37053138292999999,1.3409410074999999,0.26623661769999996,0.98942284896999999,0.019013224400000084
2.7090000000000001,1.3616485478,1.6266706234999999,0.36840474914999999,1.3420158635999999,0.26502207569999991,0.99324379865000001,0.019632684200000083
2.71,1.3633334888999999,1.6271553886000001,0.36628172216999999,1.3430473955,0.26382189970000014,0.99705176672999996,0.020286093399999983
2.7109999999999999,1.3650089706999999,1.627645139,0.36416231909000002,1.3440309638000001,0.26263616830000003,1.0008466516099999,0.020978006899999846
2.7120000000000002,1.3666749074,1.6281398683999999,0.36204655689999998,1.3449603319000001,0.26146496099999994,1.0046283505,0.021714575499999889
2.7130000000000001,1.3683312133000001,1.6286395703000001,0.35993445299999999,1.3460579097000001,0.26030835699999999,1.0083967603000001,0.022273303600000016
2.714,1.3699778019,1.6291442380000001,0.35782602452000001,1.3468677359000001,0.25916643610000012,1.01215177738,0.023110065999999874
2.7149999999999999,1.3716145869,1.6296538644,0.35572128884999998,1.3475709515000001,0.2580392775,1.0158932980499999,0.024043635399999985
2.7160000000000002,1.3732414812,1.6301684418,0.35362026340000002,0.35718657009999999,0.25692696059999998,1.0196212177999999,1.0160549110999999
2.7170000000000001,1.3748583983,1.6306879627999999,0.35152296557000001,0.35499500964000003,0.25582956449999994,1.0233354327299999,1.0198633886599999
2.718,1.3764652513,1.6312124190999999,0.34942941296000002,0.35280755606999997,0.25474716779999995,1.02703583834,1.0236576952300001
2.7189999999999999,1.3780619542999999,1.6317418024999999,0.34733962313,0.35062423711000001,0.2536798482,1.0307223311699998,1.0274377171899998
2.7200000000000002,1.3796484215,1.6322761045,0.34525361380000003,0.34844508051,0.25262768300000005,1.0343948077,1.0312033409899999
2.7210000000000001,1.3812245679999999,1.6328153160000001,0.34317140267000001,0.34627011405000002,0.25159074800000014,1.03805316533,1.03495445395
2.722,1.3827903087,1.6333594279999999,0.34109300762,0.34409936549999998,0.25056911929999992,1.0416973010799999,1.0386909432
2.7229999999999999,1.3843455579999999,1.633908431,0.33901844654000002,0.34193286276000001,0.24956287300000013,1.0453271114599998,1.0424126952399999
2.7240000000000002,1.3858902315999999,1.6344623152,0.33694773741,0.33977063344000002,0.24857208360000005,1.0489424941899999,1.0461195981599998
2.7250000000000001,1.3874242460999999,1.6350210707999999,0.33488089832000001,0.33761270568000001,0.2475968247,1.0525433477799999,1.0498115404199999
2.726,1.3889475203999999,1.6355846874,0.33281794738999998,0.33545910706999998,0.24663716700000005,1.05612957301,1.05348841333
2.7269999999999999,1.3904599749,1.6361531546000001,0.33075890284999998,0.33330986565999998,0.24569317970000015,1.05970107205,1.05715010924
2.7280000000000002,1.3919615325000001,1.6367264615999999,0.32870378304999998,0.33116500928999998,0.24476492909999981,1.0632577494500002,1.0607965232100001
2.7290000000000001,1.3934521183999999,1.6373045974,0.32665260639999999,0.32902456590000001,0.24385247900000007,1.066799512,1.0644275525
2.73,1.3949316608,1.6378875507999999,0.32460539137,0.32688856342,0.24295588999999995,1.07032626943,1.0680430973799999
2.7309999999999999,1.3964000911000001,1.6384753102,0.32256215654999998,0.32475702978999998,0.24207521909999996,1.0738379345500002,1.0716430613100001
2.7320000000000002,1.3978573442,1.639067864,0.32052292063999999,0.32262999293,0.24121051980000008,1.07733442356,1.0752273512699999
2.7330000000000001,1.3993033591999999,1.6396652002000001,0.31848770238000002,0.32050748086000003,0.24036184100000013,1.08081565682,1.0787958783399998
2.734,1.4007380792999999,1.6402673066,0.31645652064000002,0.31838952148999999,0.23952922730000004,1.0842815586599999,1.0823485578100001
2.7349999999999999,1.4021614522000001,1.6408741709000001,0.31442939435,0.31627614285,0.23871271869999999,1.08773205785,1.08588530935
2.7360000000000002,1.4035734312999999,1.6414857805,0.31240634261,0.31416737295000002,0.23791234920000015,1.0911670886899998,1.0894060583499998
2.7370000000000001,1.4049739751000001,1.6421021224000001,0.31038738456999998,0.3120632398,0.23712814729999998,1.0945865905300001,1.0929107353
2.738,1.4063630481,1.6427231838,0.30837253942999998,0.30996377131000002,0.23636013570000003,1.0979905086700001,1.0963992767899999
2.7389999999999999,1.4077406213000001,1.6433489513999999,0.30636182658,0.30786899561999997,0.23560833009999982,1.10137879472,1.0998716256800001
2.7400000000000002,1.4091066724000001,1.6439794118,0.30435526546000002,0.30577894073,0.23487273939999986,1.1047514069400002,1.1033277316700001
2.7410000000000001,1.410461186,1.6446145515999999,0.30235287563000002,0.30369363458999998,0.23415336559999989,1.10810831037,1.1067675514099999
2.742,1.4118041547,1.6452543568,0.30035467668999999,0.30161310533000002,0.2334502021,1.1114494780099999,1.11019104937
2.7429999999999999,1.4131355784999999,1.6458988135999999,0.29836068848000002,0.29953738093999999,0.23276323509999997,1.1147748900199999,1.11359819756
2.7440000000000002,1.4144554656999999,1.6465479079000001,0.29637093082999999,0.29746648947999998,0.23209244220000014,1.1180845348699999,1.11698897622
2.7450000000000001,1.4157638319000001,1.6472016255999999,0.29438542369999998,0.29540045896,0.23143779369999984,1.1213784082,1.12036337294
2.746,1.417060701,1.6478599520999999,0.29240418718,0.29333931742000002,0.23079925109999988,1.12465651382,1.12372138358
2.7469999999999999,1.4183461057,1.6485228730000001,0.29042724145999999,0.29128309294999999,0.23017676730000014,1.12791886424,1.1270630127499999
2.7480000000000002,1.4196200873,1.6491903736,0.28845460683000002,0.28923181353999999,0.22957028629999998,1.13116548047,1.13038827376
2.7490000000000001,1.4208826932,1.6498624391000001,0.28648630369,0.28718550725999997,0.22897974590000003,1.13439638951,1.13369718594
2.75,1.4221339768000001,1.6505390546000001,0.28452235258000003,0.28514420211000002,0.22840507779999997,1.1376116242200001,1.13698977469
2.7509999999999999,1.423374001,1.6512202052,0.28256277409000002,0.28310792616000002,0.22784620420000001,1.1408112269099999,1.14026607484
2.7519999999999998,1.4246028383,1.6519058755,0.28060758898999999,0.28107670742000002,0.2273030372,1.1439952493100001,1.14352613088
2.7530000000000001,1.4258205707,1.6525960502000001,0.27865681814999999,0.27905057388999999,0.2267754795000001,1.14716375255,1.14676999681
2.754,1.4270272899000001,1.6532907139999999,0.27671048247000002,0.27702955365999998,0.22626342409999989,1.1503168074300001,1.14999773624
2.7549999999999999,1.4282230966,1.6539898513,0.27476860311000001,0.27501367458999998,0.22576675469999996,1.15345449349,1.15320942201
2.7559999999999998,1.4294081003000001,1.6546934467000001,0.27283120123999999,0.27300296483999997,0.22528534639999998,1.1565768990600001,1.15640513546
2.7570000000000001,1.4305824195000001,1.6554014845,0.27089829813999999,0.27099745231,0.22481906499999993,1.1596841213600002,1.15958496719
2.758,1.4317461812000001,1.6561139489000001,0.26896991528000003,0.26899716501999998,0.2243677677,1.1627762659200001,1.16274901618
2.7589999999999999,1.4328995206999999,1.6568308244000001,0.26704607419999998,0.26700213094000003,0.22393130370000014,1.1658534464999999,1.16589738976
2.7599999999999998,1.4340425816,1.657552095,0.26512679654999999,0.2650123781,0.22350951340000003,1.16891578505,1.1690302035
2.7610000000000001,1.4351755150000001,1.6582777450999999,0.26321210414000001,0.26302793429999999,0.22310223009999985,1.1719634108600001,1.1721475807000001
2.762,1.4362984787999999,1.6590077588000001,0.26130201885999998,0.26104882753000003,0.22270928000000012,1.17499645994,1.1752496512699999
2.7629999999999999,1.4374116382,1.6597421203,0.25939656269,0.25907508579999999,0.22233048210000006,1.1780150755099998,1.1783365524
2.7639999999999998,1.4385151638,1.6604808137,0.25749575783,0.25710673694000002,0.22196564990000001,1.1810194059699999,1.18140842686
2.7650000000000001,1.4396092324,1.6612238231000001,0.25559962650000001,0.25514380895,0.2216145907,1.1840096059,1.1844654234500001
2.766,1.4406940256,1.6619711324999999,0.25370819107999998,0.25318632948000003,0.22127710689999991,1.1869858345200002,1.18750769612
2.7669999999999999,1.4417697293,1.6627227258999999,0.25182147409,0.25123432663,0.2209529965999999,1.18994825521,1.1905354026700001
2.7679999999999998,1.4428365338,1.6634785873,0.24993949812999999,0.24928782823000001,0.22064205349999999,1.1928970356699999,1.19354870557
2.7690000000000001,1.4438946325999999,1.6642387008999999,0.24806228593999999,0.24734686191999999,0.22034406829999997,1.19583234666,1.1965477706800001
2.77,1.4449442222,1.6650030509,0.24618986038999999,0.24541145565,0.22005882870000004,1.1987543618100001,1.19953276655
2.7709999999999999,1.4459855016000001,1.6657716213,0.24432224445,0.24348163721999999,0.21978611969999995,1.2016632571500001,1.2025038643800001
2.7719999999999998,1.4470186717,1.6665443966,0.24245946124000001,0.24155743439999999,0.2195257249,1.20455921046,1.2054612373
2.7730000000000001,1.4480439348,1.6673213609999999,0.24060153395,0.23963887485999999,0.2192774261999999,1.20744240085,1.20840505994
2.774,1.4490614945,1.6681024991,0.23874848596000001,0.23772598644000001,0.21904100459999998,1.21031300854,1.2113355080599999
2.7749999999999999,1.4500715547,1.6688877954000001,0.23690034070999999,0.23581879673,0.21881624070000005,1.2131712139899999,1.21425275797
2.7759999999999998,1.4510743197,1.6696772344999999,0.23505712183999999,0.23391733353999999,0.21860291479999994,1.2160171978600001,1.21715698616
2.7770000000000001,1.4520699935000001,1.6704708013,0.23321885292,0.23202162435000001,0.21840080779999993,1.21885114058,1.2200483691500001
2.778,1.4530587796000001,1.6712684806,0.23138555792000001,0.23013169704,0.21820970099999992,1.2216732216800001,1.22292708256
2.7789999999999999,1.4540408804,1.6720702574999999,0.22955726071999999,0.22824757893,0.21802937709999992,1.22448361968,1.22579330147
2.7799999999999998,1.4550164967000001,1.6728761173,0.22773398543000001,0.22636929783000001,0.21785962059999986,1.2272825112700001,1.2286471988700001
2.7810000000000001,1.4559858282,1.6736860453,0.22591575620000001,0.22449688125,0.21770021709999998,1.230070072,1.2314889469499999
2.782,1.4569490730000001,1.6745000269999999,0.22410259736999999,0.22263035662,0.2175509539999998,1.2328464756300002,1.23431871638
2.7829999999999999,1.4579064276,1.6753180483000001,0.22229453336999999,0.22076975158000001,0.21741162070000009,1.2356118942300001,1.23713667602
2.7839999999999998,1.4588580865,1.6761400951000001,0.22049158869999999,0.21891509345999999,0.21728200860000002,1.2383664978,1.2399429930400001
2.7850000000000001,1.4598042421999999,1.6769661535,0.21869378809000001,0.21706640977,0.21716191130000007,1.24111045411,1.24273783243
2.786,1.4607450848000001,1.6777962098999999,0.21690115629000001,0.21522372796,0.2170511250999998,1.24384392851,1.2455213568400001
2.7869999999999999,1.4616808022000001,1.6786302511,0.21511371824,0.21338707546999999,0.2169494488999999,1.24656708396,1.2482937267300001
2.7879999999999998,1.4626115797999999,1.6794682637,0.21333149891,0.21155647938,0.21685668390000012,1.24928008089,1.2510551004199999
2.7890000000000001,1.4635376,1.6803102345000001,0.21155452350000001,0.20973196729999999,0.21677263450000006,1.2519830765,1.2538056327
2.79,1.4644590426999999,1.6811561506999999,0.20978281724,0.20791356636,0.21669710799999997,1.2546762254599999,1.2565454763399999
2.7909999999999999,1.4653760848999999,1.6820059997000001,0.20801640551,0.20610130387,0.21662991480000016,1.2573596793899999,1.25927478103
2.7919999999999998,1.4662889013,1.6828597692,0.20625531380000001,0.20429520706000001,0.21657086790000002,1.2600335874999999,1.2619936942400001
2.7930000000000001,1.4671976633999999,1.6837174472000001,0.20449956773,0.20249530305999999,0.21651978380000014,1.2626980956699998,1.2647023603399998
2.794,1.4681025405999999,1.6845790219000001,0.20274919303,0.20070161904,0.21647648130000019,1.2653533475699998,1.2674009215599999
2.7949999999999999,1.4690036992,1.6854444821000001,0.20100421557000001,0.19891418218000001,0.21644078290000013,1.2679994836299999,1.2700895170199999
2.7959999999999998,1.4699013028000001,1.6863138167,0.19926466108999999,0.19713301942,0.21641251389999994,1.2706366417100001,1.27276828338
2.7970000000000002,1.4707955125000001,1.6871870150999999,0.19753055590999999,0.19535815792,0.21639150259999984,1.2732649565900001,1.2754373545800002
2.798,1.4716864864000001,1.6880640669,0.19580192611,0.19358962463000001,0.21637758049999989,1.2758845602900002,1.2780968617700001
2.7989999999999999,1.47257438,1.6889449622999999,0.19407879799,0.19182744653,0.21637058229999995,1.2784955820099999,1.2807469334699999
2.7999999999999998,1.4734593464000001,1.6898296917,0.19236119793000001,0.19007165055,0.21637034529999988,1.2810981484700001,1.2833876958500001
2.8010000000000002,1.4743415355,1.6907182460000001,0.19064915247,0.18832226355000001,0.21637671050000007,1.28369238303,1.2860192719500001
2.802,1.4752210951,1.6916106164,0.18894268820999999,0.1865793124,0.2163895213,1.2862784068899999,1.2886417827000001
2.8029999999999999,1.4760981701,1.6925067946000001,0.18724183186000001,0.18484282396999999,0.21640862450000009,1.28885633824,1.29125534613
2.8039999999999998,1.4769729030000001,1.6934067728,0.18554661034,0.18311282481999999,0.2164338697999999,1.29142629266,1.29386007818
2.8050000000000002,1.4778454335,1.6943105433000001,0.1838570504,0.18138934187,0.21646510980000011,1.2939883830999999,1.2964560916300001
2.806,1.4787158993,1.6952180992999999,0.18217317925000001,0.17967240174999999,0.21650219999999987,1.2965427200499999,1.29904349755
2.8069999999999999,1.4795844353000001,1.6961294339999999,0.18049502401,0.17796203113,0.21654499869999988,1.29908941129,1.30162240417
2.8079999999999998,1.4804511740999999,1.6970445414999999,0.17882261193000001,0.17625825649999999,0.21659336740000001,1.3016285621699999,1.3041929176
2.8090000000000002,1.4813162457,1.6979634160999999,0.1771559704,0.17456110451000001,0.21664717039999992,1.3041602752999999,1.30675514119
2.8100000000000001,1.4821797772,1.6988860527,0.17549512682000001,0.17287060162000001,0.21670627549999999,1.30668465038,1.3093091755800002
2.8109999999999999,1.4830418940000001,1.6998124467,0.17384010873,0.17118677433999999,0.2167705526999999,1.30920178527,1.3118551196600001
2.8119999999999998,1.4839027189,1.7007425939,0.17219094387,0.16950964906999999,0.21683987500000002,1.31171177503,1.3143930698299999
2.8130000000000002,1.4847623728999999,1.7016764907999999,0.17054765997999999,0.16783925217000001,0.21691411790000004,1.3142147129199999,1.3169231207299998
2.8140000000000001,1.4856209747,1.7026141344000001,0.16891028485000001,0.16617560994,0.2169931597000001,1.3167106898500001,1.31944536476
2.8149999999999999,1.4864786410999999,1.7035555222000001,0.16727884652,0.16451874873,0.21707688110000012,1.31919979458,1.32195989237
2.8159999999999998,1.4873354866999999,1.7045006521999999,0.16565337293999999,0.16286869473999999,0.21716516549999998,1.3216821137599999,1.3244667919599999
2.8170000000000002,1.4881916246,1.7054495231,0.16403389233999999,0.16122547412999999,0.21725789849999999,1.32415773226,1.3269661504700001
2.8180000000000001,1.4890471654999999,1.7064021335999999,0.16242043292,0.15958911307000001,0.21735496809999999,1.3266267325799999,1.3294580524299999
2.819,1.4899022184999999,1.7073584829999999,0.16081302301,0.15795963767000001,0.2174562645,1.3290891954899999,1.3319425808299998
2.8199999999999998,1.490756891,1.7083185712,0.15921169101999999,0.15633707393999999,0.2175616802,1.3315451999799999,1.3344198170599999
2.8210000000000002,1.4916112885999999,1.7092823986000001,0.15761646549,0.15472144788,0.21767111000000017,1.3339948231099998,1.3368898407199998
2.8220000000000001,1.4924655149999999,1.7102499663999999,0.156027375,0.15311278546000001,0.21778445140000002,1.3364381399999998,1.3393527295399998
2.823,1.4933196724,1.7112212761000001,0.15444444825,0.15151111253999999,0.21790160370000011,1.3388752241499999,1.34180855986
2.8239999999999998,1.4941738616,1.7121963303000001,0.15286771398999999,0.14991645498,0.21802246870000008,1.3413061476100001,1.3442574066199999
2.8250000000000002,1.4950281814999999,1.7131751317999999,0.15129720115,0.14832883859000001,0.21814695029999998,1.3437309803499999,1.34669934291
2.8260000000000001,1.4958827295999999,1.7141576842999999,0.14973293855,0.14674828903000001,0.21827495470000002,1.34614979105,1.3491344405699999
2.827,1.4967376018,1.7151439922,0.14817495533,0.14517483210000001,0.21840639039999998,1.34856264647,1.3515627697000001
2.8279999999999998,1.4975928929,1.7161340603999999,0.14662328054000001,0.14360849336000001,0.21854116749999997,1.3509696123599999,1.35398439954
2.8290000000000002,1.4984486958000001,1.7171278946999999,0.14507794340999999,0.14204929845,0.21867919889999987,1.35337075239,1.3563993973500001
2.8300000000000001,1.4993051022999999,1.7181255013000001,0.1435389732,0.14049727289,0.21882039900000017,1.3557661290999998,1.3588078294099999
2.831,1.5001622028999999,1.7191268873000001,0.14200639917999999,0.13895244217,0.21896468440000016,1.3581558037199999,1.36120976073
2.8319999999999999,1.5010200865000001,1.7201320604999999,0.14048025086999999,0.13741483162000001,0.21911197399999982,1.36053983563,1.36360525488
2.8330000000000002,1.5018788411999999,1.7211410293,0.13896055772999999,0.13588446673999999,0.21926218810000009,1.36291828347,1.36599437446
2.8340000000000001,1.5027385531999999,1.7221538028000001,0.13744734935,0.13436137279999999,0.21941524960000014,1.36529120385,1.3683771804
2.835,1.5035993082000001,1.7231703909,0.13594065532999999,0.13284557506,0.21957108269999992,1.3676586528700001,1.3707537331400002
2.8359999999999999,1.5044611902,1.7241908042,0.13444050546,0.13133709879,0.21972961400000002,1.37002068474,1.37312409141
2.8370000000000002,1.5053242822999999,1.7252150541,0.1329469294,0.12983596901,0.21989077180000005,1.3723773528999998,1.37548831329
2.8380000000000001,1.5061886662999999,1.7262431525999999,0.13145995711,0.12834221096000001,0.22005448630000002,1.37472870919,1.3778464553399998
2.839,1.5070544232,1.7272751125000001,0.12997961847,0.12685584961999999,0.22022068930000005,1.3770748047300001,1.38019857358
2.8399999999999999,1.5079216326,1.7283109474,0.12850594346999999,0.12537690999000001,0.22038931480000001,1.37941568913,1.3825447226100001
2.8410000000000002,1.5087903732000001,1.7293506713,0.12703896216999999,0.12390541707,0.22056029809999989,1.3817514110300002,1.3848849561300001
2.8420000000000001,1.5096607230000001,1.7303942990000001,0.12557870463000001,0.1224413956,0.22073357599999999,1.38408201837,1.3872193274
2.843,1.5105327582999999,1.7314418460000001,0.12412520106,0.12098487042,0.22090908770000017,1.3864075572399999,1.3895478878799998
2.8439999999999999,1.5114065551,1.7324933286999999,0.12267848169999999,0.11953586642,0.22108677359999995,1.3887280734,1.3918706886800001
2.8450000000000002,1.5122821882999999,1.7335487641,0.12123857683,0.11809440824,0.22126657580000009,1.39104361147,1.39418778006
2.8460000000000001,1.5131597318000001,1.7346081702,0.11980551687,0.11666052046,0.22144843839999995,1.39335421493,1.3964992113400001
2.847,1.5140392585,1.7356715655999999,0.11837933198,0.11523422780000001,0.22163230709999993,1.39565992652,1.3988050307
2.8479999999999999,1.5149208406000001,1.7367389698,0.11696005287,0.11381555468,0.22181812919999988,1.3979607877300002,1.4011052859200002
2.8490000000000002,1.5158045495000001,1.7378104031999999,0.11554770994999999,0.1124045256,0.22200585369999981,1.4002568395500001,1.4034000239000002
2.8500000000000001,1.5166904556,1.7388858867000001,0.11414233377999999,0.11100116505,0.22219543110000006,1.40254812182,1.40568929055
2.851,1.5175786286999999,1.7399654422999999,0.11274395499000001,0.10960549729999999,0.22238681360000001,1.4048346737099999,1.4079731313999999
2.8519999999999999,1.5184691375999999,1.7410490927,0.11135260422,0.10821754669,0.22257995510000006,1.40711653338,1.41025159091
2.8530000000000002,1.5193620505000001,1.7421368612999999,0.10996831218,0.10683733745,0.22277481079999983,1.4093937383200001,1.41252471305
2.8540000000000001,1.5202574347,1.7432287726,0.10859110963,0.10546489378,0.22297133790000001,1.4116663250699999,1.41479254092
2.855,1.521155357,1.7443248515000001,0.10722102736,0.10410023977000001,0.22316949450000001,1.41393432964,1.4170551172300001
2.8559999999999999,1.5220558831,1.7454251240000001,0.10585809619,0.10274339948,0.2233692409000001,1.41619778691,1.41931248362
2.8570000000000002,1.5229590785,1.7465296169,0.104502347,0.10139439694000001,0.22357053839999996,1.4184567315000001,1.42156468156
2.8580000000000001,1.5238650077,1.7476383578000001,0.10315381072,0.10005325611,0.2237733501000001,1.4207111969799999,1.42381175159
2.859,1.5247737345000001,1.7487513750999999,0.10181251831,0.098720000803999994,0.22397764059999981,1.42296121619,1.4260537336960002
2.8599999999999999,1.5256853222,1.7498686979,0.10047850076000001,0.097394654927999993,0.22418337570000002,1.42520682144,1.4282906672719999
2.8610000000000002,1.5265998333999999,1.7509903563,0.099151789083,0.096077242100999993,0.22439052290000006,1.4274480443169999,1.4305225912989998
2.8620000000000001,1.5275173302,1.7521163811,0.097832414361,0.094767786201000001,0.22459905089999999,1.4296849158389999,1.4327495439990001
2.863,1.5284378738,1.753246804,0.096520407707000003,0.093466310720000001,0.22480893020000003,1.4319174660929999,1.43497156308
2.8639999999999999,1.5293615251999999,1.7543816575,0.095215800173999998,0.092172839379000004,0.22502013230000006,1.4341457250259999,1.4371886858209999
2.8650000000000002,1.5302883443999999,1.7555209749,0.093918623004000001,0.090887395519999997,0.22523263050000009,1.4363697213959998,1.4394009488799999
2.8660000000000001,1.5312183911999999,1.7566647902999999,0.092628907312999997,0.089610002753000004,0.22544639909999997,1.4385894838869999,1.4416083884469999
2.867,1.5321517246,1.7578131386,0.091346684407000001,0.088340684421000001,0.22566141399999995,1.4408050401930002,1.4438110401790001
2.8679999999999999,1.5330884031000001,1.7589660556,0.090071985379999997,0.087079463797999995,0.22587765249999991,1.44301641772,1.4460089393020001
2.8690000000000002,1.5340284849000001,1.7601235777999999,0.088804841585000002,0.085826364237999997,0.22609509289999985,1.4452236433150001,1.4482021206620002
2.8700000000000001,1.5349720273,1.7612857425999999,0.087545284311000005,0.084581408949,0.22631371529999988,1.447426742989,1.450390618351
2.871,1.5359190872999999,1.7624525880999999,0.086293344854999995,0.083344621038,0.22653350080000001,1.4496257424449999,1.4525744662619999
2.8719999999999999,1.5368697215,1.7636241533999999,0.085049054521999998,0.082116023511999994,0.22675443189999989,1.4518206669780001,1.454753697988
2.8730000000000002,1.5378239859,1.7648004781,0.083812444671000005,0.080895639586000004,0.22697649219999994,1.454011541229,1.4569283463139999
2.8740000000000001,1.5387819357999999,1.7659816028999999,0.082583546669999994,0.079683492046000004,0.22719966710000006,1.4561983891299999,1.4590984437539998
2.875,1.5397436264,1.7671675690999999,0.081362391893,0.078479603921999999,0.22742394269999999,1.458381234507,1.461264022478
2.8759999999999999,1.5407091123000001,1.7683584184000001,0.080149011722999999,0.077283997943000005,0.2276493061,1.4605601005770001,1.4634251143570001
2.8769999999999998,1.5416784476000001,1.7695541928,0.078943437547999998,0.076096696968999997,0.22787574519999998,1.462735010052,1.465581750631
2.8780000000000001,1.5426516858999999,1.770754935,0.077745700823999994,0.074917723667000002,0.22810324910000013,1.464905985076,1.4677339622329999
2.879,1.5436288805,1.7719606883000001,0.076555832973000004,0.073747100716000005,0.22833180780000006,1.467073047527,1.469881779784
2.8799999999999999,1.5446100841999999,1.7731714967000001,0.075373865408999999,0.072584850677000004,0.22856141250000017,1.469236218791,1.472025233523
2.8809999999999998,1.5455953494000001,1.7743874050999999,0.074199829613999999,0.071430996053999996,0.22879205569999983,1.471395519786,1.474164353346
2.8820000000000001,1.546584728,1.7756084591000001,0.073033757025000007,0.070285559444000001,0.22902373110000007,1.4735509709750001,1.4762991685560001
2.883,1.5475782715999999,1.7768347051,0.071875679043999996,0.069148562952999995,0.22925643350000002,1.4757025925559999,1.478429708647
2.8839999999999999,1.5485760314000001,1.7780661902999999,0.070725627212,0.068020029196000004,0.2294901588999998,1.4778504041880001,1.4805560022040001
2.8849999999999998,1.5495780582000001,1.7793029626000001,0.069583632975000004,0.066899980354999999,0.22972490440000004,1.4799944252250001,1.4826780778450002
2.8860000000000001,1.5505844022999999,1.7805450705999999,0.068449727811999997,0.065788438626000006,0.22996066829999995,1.482134674488,1.484795963674
2.887,1.5515951137999999,1.7817925638000001,0.067323943110000006,0.064685426190000006,0.23019745000000014,1.48427117069,1.4869096876099999
2.8879999999999999,1.5526102423000001,1.7830454922000001,0.066206310434000007,0.063590965104000002,0.23043524989999997,1.4864039318660001,1.489019277196
2.8889999999999998,1.5536298370999999,1.7843039066999999,0.065096861145999996,0.062505077386000002,0.23067406960000003,1.488532975954,1.4911247597139998
2.8900000000000001,1.5546539473000001,1.7855678589999999,0.063995626804999997,0.061427785026999998,0.23091391169999986,1.4906583204950001,1.4932261622730001
2.891,1.5556826211999999,1.7868374011999999,0.062902638821000001,0.060359109865000003,0.23115478,1.492779982379,1.4953235113349999
2.8919999999999999,1.5567159073000001,1.7881125865,0.061817928663000003,0.059299073793999998,0.23139667919999996,1.494897978637,1.4974168335060001
2.8929999999999998,1.5577538533999999,1.7893934685999999,0.060741527742999998,0.058247698559999998,0.23163961519999998,1.497012325657,1.4995061548399999
2.8940000000000001,1.5587965070000001,1.7906801018,0.059673467499000002,0.057205005860999997,0.23188359479999998,1.499123039501,1.501591501139
2.895,1.5598439154999999,1.7919725414000001,0.058613779377999997,0.056171017354,0.23212862590000016,1.501230136122,1.5036728981459999
2.8959999999999999,1.5608961257,1.7932708431,0.057562494814999997,0.055145754625000001,0.23237471739999993,1.503333630885,1.505750371075
2.8969999999999998,1.5619531842000001,1.7945750632999999,0.056519645124999997,0.054129239209999999,0.23262187909999987,1.505433539075,1.5078239449900002
2.8980000000000001,1.5630151374000001,1.7958852594000001,0.055485261781000002,0.053121492444000003,0.23287012200000001,1.5075298756190001,1.5098936449560001
2.899,1.5640820312999999,1.7972014889000001,0.054459376125,0.052122535884000003,0.23311945760000019,1.5096226551749998,1.5119594954159998
2.8999999999999999,1.5651539112999999,1.7985238105000001,0.053442019520000002,0.051132390756999997,0.23336989920000017,1.5117118917799999,1.5140215205429999
2.9009999999999998,1.5662308232,1.7998522831999999,0.052433223319000001,0.050151078371000003,0.23362145999999995,1.513797599881,1.516079744829
2.9020000000000001,1.5673128117999999,1.8011869669,0.051433018828999998,0.049178619981000003,0.23387415510000009,1.515879792971,1.5181341918189999
2.903,1.5683999219,1.8025279218000001,0.050441437392000001,0.048215036591000002,0.23412799990000011,1.5179584845080001,1.5201848853090001
2.9039999999999999,1.5694921982000001,1.8038752090000001,0.049458510260999997,0.047260349313000001,0.23438301080000001,1.5200336879390002,1.5222318488870001
2.9049999999999998,1.5705896848000001,1.8052288901,0.048484268669999997,0.046314579305999998,0.23463920529999993,1.5221054161300001,1.524275105494
2.9060000000000001,1.5716924256,1.8065890273,0.047518743932,0.045377747317999997,0.23489660170000004,1.524173681668,1.5263146782820001
2.907,1.5728004644,1.8079556834999999,0.046561967266000003,0.044449874400999997,0.23515521909999992,1.5262384971339999,1.528350589999
2.9079999999999999,1.5739138446000001,1.8093289222,0.045613969810000002,0.043530981331000002,0.23541507759999991,1.5282998747900001,1.530382863269
2.9089999999999998,1.5750326092,1.8107088071999999,0.044674782784999999,0.042621088821999997,0.23567619799999995,1.530357826415,1.532411520378
2.9100000000000001,1.5761568012,1.8120954032000001,0.043744437336000003,0.041720217657,0.23593860200000005,1.5324123638639999,1.5344365835430001
2.911,1.5772864631000001,1.8134887753,0.042822964615999999,0.040828388427999997,0.23620231219999988,1.534463498484,1.536458074672
2.9119999999999999,1.5784216373,1.8148889892,0.041910395592999999,0.039945621693999997,0.23646735190000001,1.5365112417069999,1.538476015606
2.9129999999999998,1.5795623659,1.8162961111,0.041006761427000001,0.039071938027,0.23673374520000001,1.538555604473,1.5404904278730001
2.9140000000000001,1.5807086907000001,1.8177102079,0.040112093134,0.038207357850999997,0.23700151719999996,1.5405965975660001,1.542501332849
2.915,1.5818606533999999,1.8191313467000001,0.039226421728999997,0.037351901543999998,0.23727069330000017,1.542634231671,1.5445087518559999
2.9159999999999999,1.5830182952,1.8205595955,0.038349778151999997,0.036505589460000001,0.23754130029999998,1.5446685170480001,1.5465127057400001
2.9169999999999998,1.5841816574000001,1.8219950224999999,0.037482193355999997,0.035668441871000003,0.23781336509999984,1.5466994640440002,1.548513215529
2.9180000000000001,1.5853507809,1.8234376965000001,0.036623698282000003,0.034840478917999997,0.23808691560000006,1.548727082618,1.5505103019820001
2.919,1.5865257061,1.8248876866999999,0.035774323684999998,0.034021720913999999,0.23836198059999991,1.5507513824150001,1.5525039851860001
2.9199999999999999,1.5877064735999999,1.8263450628,0.034934100502,0.033212187640000002,0.23863858920000003,1.5527723730979999,1.5544942859599999
2.9209999999999998,1.5888931234999999,1.8278098950999999,0.034103059464000003,0.032411899399000001,0.23891677160000002,1.554790064036,1.556481224101
2.9220000000000002,1.5900856958,1.8292822542,0.033281231390999998,0.031620876014000002,0.23919655839999998,1.556804464409,1.558464819786
2.923,1.5912842302000001,1.8307622112999999,0.032468646922000001,0.030839137437000001,0.23947798109999985,1.5588155832780002,1.560445092763
2.9239999999999999,1.5924887662,1.8322498379000001,0.031665336799,0.030066703484,0.23976107170000005,1.5608234294009999,1.5624220627159999
2.9249999999999998,1.5936993430999999,1.8337452060999999,0.030871331637,0.029303593892000001,0.24004586299999997,1.562828011463,1.5643957492079998
2.9260000000000002,1.594916,1.8352483880999999,0.030086662050000001,0.028549828454999999,0.24033238809999991,1.56482933795,1.5663661715449999
2.927,1.5961387757000001,1.8367594570000001,0.029311358565000001,0.027805426740999999,0.24062068130000003,1.5668274171350001,1.5683333489590001
2.9279999999999999,1.5973677089,1.8382784858000001,0.028545451709000001,0.027070408386999999,0.24091077690000007,1.568822257191,1.5702973005130001
2.9289999999999998,1.5986028379999999,1.8398055484,0.027788971964999999,0.026344792932999999,0.24120271040000008,1.570813866035,1.5722580450669998
2.9300000000000002,1.5998442012,1.8413407185999999,0.027041949765,0.025628599897,0.24149651739999989,1.572802251435,1.574215601303
2.931,1.6010918366,1.8428840709000001,0.026304415412000001,0.024921848512000001,0.24179223430000008,1.574787421188,1.576169988088
2.9319999999999999,1.602345782,1.8444356800999999,0.025576399294000001,0.024224558278000002,0.24208989809999992,1.5767693827060001,1.5781212237219999
2.9329999999999998,1.6036060749000001,1.8459956212999999,0.024857931707,0.023536748401999999,0.24238954639999988,1.5787481431930002,1.5800693264980001
2.9340000000000002,1.6048727529,1.8475639699999999,0.024149042902000002,0.022858438243999999,0.24269121709999997,1.580723709998,1.582014314656
2.9350000000000001,1.6061458530999999,1.849140802,0.023449763027000001,0.022189646790999999,0.24299494890000006,1.5826960900729998,1.5839562063089998
2.9359999999999999,1.6074254125,1.8507261934000001,0.022760122236000001,0.021530393261000001,0.24330078090000007,1.5846652902639999,1.585895019239
2.9369999999999998,1.6087114681000001,1.8523202208,0.022080150618000002,0.020880696744000001,0.24360875269999993,1.5866313174820001,1.587830771356
2.9380000000000002,1.6100040563,1.8539229608000001,0.021409878260000001,0.020240576089000002,0.24391890450000009,1.5885941780399999,1.5897634802109999
2.9390000000000001,1.6113032138000001,1.8555344891000001,0.020749335046,0.019610050338,0.24423127529999999,1.5905538787540001,1.5916931634620002
2.9399999999999999,1.6126089767,1.8571548791000001,0.020098551002999999,0.018989138348,0.24454590240000007,1.592510425697,1.5936198383519999
2.9409999999999998,1.6139213811999999,1.8587842047000001,0.019457555990999999,0.018377858867999999,0.2448628235000001,1.594463825209,1.595543522332
2.9420000000000002,1.6152404629999999,1.8604225396,0.018826379829000001,0.017776230707999999,0.24518207660000013,1.5964140831709999,1.5974642322919999
2.9430000000000001,1.616566258,1.8620699576999999,0.018205052297999999,0.017184272527999998,0.24550369969999997,1.598361205702,1.5993819854719999
2.944,1.6178988017,1.8637265329999999,0.017593603146,0.016602003005000001,0.24582773129999991,1.600305198554,1.601296798695
2.9449999999999998,1.6192381293,1.8653923398000001,0.016992061972999999,0.016029440645,0.24615421050000008,1.602246067327,1.6032086886550001
2.9460000000000002,1.6205842762,1.8670674520999999,0.016400458441,0.015466604,0.24648317589999991,1.604183817759,1.6051176722
2.9470000000000001,1.6219372772,1.8687519443,0.015818822095000001,0.014913511532,0.2468146671,1.6061184551050001,1.607023765668
2.948,1.6232971672000001,1.8704458906999999,0.015247182413,0.014370181629999999,0.24714872349999983,1.608049984787,1.6089269855700001
2.9489999999999998,1.6246639808000001,1.8721493657999999,0.014685568867000001,0.013836632631,0.24748538499999984,1.6099784119330001,1.6108273481690001
2.9500000000000002,1.6260377525,1.8738624441,0.014134010751999999,0.013312882830000001,0.24782469159999998,1.611903741748,1.6127248696700001
2.9510000000000001,1.6274185166999999,1.8755851998999999,0.013592537474999999,0.012798950442999999,0.24816668320000002,1.613825979225,1.614619566257
2.952,1.6288063074000001,1.8773177079000001,0.013061178251,0.012294853664999999,0.24851140049999998,1.6157451291490001,1.616511453735
2.9529999999999998,1.6302011587,1.8790600424999999,0.012539962288999999,0.011800610503000001,0.24885888379999987,1.6176611964110001,1.6184005481970001
2.9540000000000002,1.6316031043000001,1.8808122783000001,0.012028918728,0.011316239143,0.24920917399999998,1.6195741855720001,1.6202868651570002
2.9550000000000001,1.6330121778,1.8825744898000001,0.011528076680999999,0.010841757473999999,0.24956231200000012,1.621484101119,1.6221704203259999
2.956,1.6344284128,1.8843467513000001,0.011037465021,0.010377183506,0.24991833850000011,1.6233909477790001,1.6240512292939999
2.9569999999999999,1.6358518425999999,1.8861291373,0.010557112868,0.0099225350781000001,0.25027729470000004,1.625294729732,1.6259293075218999
2.9580000000000002,1.6372825002,1.8879217221,0.010087048977,0.0094778300115000002,0.25063922189999999,1.627195451223,1.6278046701885001
2.9590000000000001,1.6387204188,1.8897245799,0.0096273022457999992,0.0090430861264000004,0.25100416110000001,1.6290931165542,1.6296773326736
2.96,1.6401656309999999,1.8915377849999999,0.0091779014177000001,0.0086183210197000003,0.25137215400000001,1.6309877295822999,1.6315473099803
2.9609999999999999,1.6416181697000001,1.8933614114999999,0.0087388751739000004,0.0082035524408,0.25174324179999985,1.6328792945261001,1.6334146172592001
2.9620000000000002,1.6430780673000001,1.8951955331999999,0.0083102521424000004,0.0077987980097000004,0.25211746589999984,1.6347678151575999,1.6352792692903
2.9630000000000001,1.6445453562000001,1.8970402243,0.0078920608861,0.0074040751675000004,0.25249486809999988,1.6366532953139001,1.6371412810325001
2.964,1.6460200685999999,1.8988955584,0.0074843299097999997,0.0070194014202000004,0.25287548980000008,1.6385357386902,1.6390006671797999
2.9649999999999999,1.6475022365000001,1.9007616092999999,0.0070870876159999999,0.0066447943621999999,0.25325937279999988,1.640415148884,1.6408574421378002
2.9660000000000002,1.6489918919,1.9026384505,0.0067003623790000003,0.0062802710270999998,0.25364655860000007,1.6422915295209999,1.6427116208729
2.9670000000000001,1.6504890666000001,1.9045261553999999,0.0063241824901999998,0.0059258490574999999,0.25403708879999987,1.6441648841098,1.6445632175425
2.968,1.6519937921000001,1.9064247972999999,0.0059585761866000004,0.0055815455572999998,0.25443100519999984,1.6460352159134002,1.6464122465427
2.9689999999999999,1.6535060998,1.9083344493000001,0.0056035715647000002,0.0052473778249,0.25482834950000011,1.6479025282352999,1.6482587219750999
2.9700000000000002,1.6550260211000001,1.9102551845,0.0052591967874999999,0.0049233629147000003,0.2552291633999999,1.6497668243125001,1.6501026581853
2.9710000000000001,1.6565535871999999,1.9121870755000001,0.0049254798653,0.0046095180192999999,0.25563348830000021,1.6516281073346999,1.6519440691806999
2.972,1.6580888291,1.9141301948,0.0046024486037999999,0.0043058600791999998,0.25604136570000002,1.6534863804961999,1.6537829690207999
2.9729999999999999,1.6596317776,1.9160846146999999,0.0042901310379999998,0.0040124061290000004,0.25645283709999989,1.6553416465620001,1.6556193714710001
2.9740000000000002,1.6611824635000001,1.9180504055000001,0.0039885549201999996,0.0037291731729,0.25686794199999996,1.6571939085798002,1.6574532903271002
2.9750000000000001,1.6627409174000001,1.9200276232,0.003697747966,0.0034561779925000001,0.2572867057999999,1.659043169434,1.6592847394075001
2.976,1.6643071697,1.9220163156000001,0.0034177378558,0.0031934374707000002,0.25770914590000005,1.6608894318442,1.6611137322293001
2.9769999999999999,1.6658812507,1.9240165299,0.0031485521646000001,0.0029409683791000001,0.25813527920000001,1.6627326985354001,1.6629402823209001
2.9780000000000002,1.6674631906999999,1.9260283122999999,0.0028902183941,0.0026987874066,0.2585651216,1.6645729723059,1.6647644032933999
2.9790000000000001,1.6690530195,1.9280517080999999,0.002642764024,0.0024669112495000001,0.25899868859999997,1.6664102554759999,1.6665861082505
2.98,1.6706507669999999,1.9300867616999999,0.0024062163539000001,0.0022453565227,0.25943599470000001,1.6682445506460999,1.6684054104772998
2.9809999999999999,1.6722564630000001,1.9321335166,0.0021806027634000001,0.0020341397663999998,0.25987705359999991,1.6700758602366002,1.6702223232336
2.9820000000000002,1.6738701371,1.9341920156000001,0.0019659503819000001,0.0018332775084,0.2603218785000001,1.6719041867180999,1.6720368595916
2.9830000000000001,1.6754918187000001,1.9362623002999999,0.0017622864101,0.0016427862243999999,0.26077048159999983,1.6737295322899002,1.6738490324756001
2.984,1.6771215370999999,1.9383444115999999,0.0015696379238000001,0.001462682188,0.26122287450000004,1.6755518991762,1.675658854912
2.9849999999999999,1.6787593215000001,1.9404383892999999,0.0013880319001,0.0012929819158,0.26167906779999983,1.6773712895999,1.6774663395842
2.9860000000000002,1.6804052008999999,1.9425442723999999,0.0012174952383999999,0.0011337016355999999,0.26213907150000004,1.6791877056615998,1.6792714992644
2.9870000000000001,1.6820592042,1.9446620990000001,0.0010580547965,0.00098485760811000008,0.2626028948000001,1.6810011494035,1.68107434659189
2.988,1.6837213602000001,1.9467919061000001,0.00090973733143999999,0.00084646599546999996,0.26307054590000001,1.6828116228685601,1.6828748942045302
2.9889999999999999,1.6853916974000001,1.9489337299,0.00077256957875000004,0.00071854298404999998,0.26354203249999997,1.6846191278212501,1.6846731544159501
2.9900000000000002,1.6870702442000001,1.9510876056999999,0.00064657806993000002,0.00060110470183000002,0.26401736149999988,1.68642366613007,1.6864691394981701
2.9910000000000001,1.688757029,1.9532535677,0.00053178939687000004,0.00049416699518000002,0.26449653870000001,1.6882252396031301,1.6882628620048201
2.992,1.6904520799,1.9554316491999999,0.00042822999098999999,0.0003977460883,0.26497956929999988,1.6900238499090101,1.6900543338117
2.9929999999999999,1.6921554249999999,1.9576218767,0.00033592621063,0.00031185776207000001,0.26546645170000005,1.69181949878937,1.6918435672379299
2.9940000000000002,1.6938670921000001,1.9598242065,0.00025490436848999999,0.00023651792534999999,0.26595711439999992,1.69361218773151,1.69363057417465
2.9950000000000001,1.6955871090000001,1.9620385516000001,0.00018519066971,0.00017174241038999999,0.26645144259999998,1.6954019183302902,1.6954153665896101
2.996,1.6973155034,1.9642648244000001,0.00012681119847000001,0.0001175469877,0.26694932100000002,1.69718869220153,1.6971979564123001
2.9969999999999999,1.6990523027,1.9665029376000001,7.9792035391999997e-05,7.3947394612000007e-05,0.26745063490000009,1.6989725106646079,1.6989783553053879
2.9980000000000002,1.7007975342999999,1.9687528041,4.4159137455e-05,4.0959211063000002e-05,0.26795526980000006,1.700753375162545,1.7007565750889369
2.9990000000000001,1.7025512254999999,1.9710143375,1.9938356634999999e-05,1.8598125036e-05,0.26846311200000006,1.7025312871433649,1.7025326273749639
3,1.7043134034,1.9732874512,7.1553981451000004e-06,6.8795735684000003e-06,0.2689740478,1.7043062480018549,1.7043065238264317
3.0009999999999999,1.706084095,1.9755720592999999,5.8352166098999997e-06,5.8183043634e-06,0.26948796429999988,1.7060782597833901,1.7060782766956366
3.0019999999999998,1.7077135188999999,1.9779574574000001,2.3322903926000001e-05,2.3255240763000001e-05,0.27024393850000017,1.707690195996074,1.7076902636592368
3.0030000000000001,1.7093524834,1.9803528283,5.2436099424000002e-05,5.2283937289000002e-05,0.27100034490000002,1.7093000473005759,1.7093001994627111
3.004,1.7110009853000001,1.9827581445,9.3147851412000006e-05,9.2877521848000005e-05,0.27175715919999988,1.7109078374485882,1.7109081077781521
3.0049999999999999,1.7126590089,1.9851733787000001,0.00014543115545,0.00014500898674,0.2725143698000001,1.7125135777445499,1.7125139999132599
3.0059999999999998,1.7143265309,1.9875985027,0.00020925906378,0.00020865149590000001,0.27327197180000007,1.7141172718362199,1.7141178794040999
3.0070000000000001,1.7160035272,1.9900334809,0.00028460456295000003,0.00028377804684000002,0.27402995369999994,1.7157189226370499,1.7157197491531599
3.008,1.7176899739,1.9924782729999999,0.00037144063300000003,0.00037036170177000001,0.27478829909999991,1.717318533267,1.7173196121982299
3.0089999999999999,1.7193858471000001,1.9949328392000001,0.00046974024981999999,0.00046837551748000003,0.2755469921,1.7189161068501801,1.7189174715825202
3.0099999999999998,1.7210911228000001,1.9973971397000001,0.00057947637465999996,0.00057779247648999995,0.27630601690000001,1.72051164642534,1.7205133303235101
3.0110000000000001,1.7228057769,1.9998711348,0.00070062199224999995,0.00069858565182000004,0.27706535789999998,1.72210515490775,1.72210719124818
3.012,1.7245297852000001,2.0023547838,0.00083315004391000004,0.00083072791791000003,0.27782499859999987,1.7236966351560901,1.7236990572820901
3.0129999999999999,1.7262631235000001,2.0048480438,0.00097703337440999995,0.00097419239824999995,0.27858492029999993,1.7252860901255902,1.7252889311017501
3.0139999999999998,1.7280057677,2.0073508722,0.0011322450216,0.0011289520308999999,0.27934510449999994,1.7268735226784,1.7268768156691001
3.0150000000000001,1.7297576932000001,2.0098632262999998,0.0012987578542,0.0012949797423,0.28010553309999975,1.7284589353458,1.7284627134577
3.016,1.7315188759,2.0123850638,0.0014765447768,0.0014722485463,0.28086618790000006,1.7300423311232001,1.7300466273537001
3.0169999999999999,1.7332892912,2.0149163427999999,0.0016655787131000001,0.0016607313605,0.2816270515999999,1.7316237124869001,1.7316285598395
3.0179999999999998,1.7350689145,2.0174570214999998,0.0018658325019999999,0.0018604012035000001,0.28238810699999983,1.733203081998,1.7332085132965001
3.0190000000000001,1.7368577215000001,2.0200070584000001,0.0020772790505,0.0020712309374999998,0.28314933689999999,1.7347804424495001,1.7347864905625001
3.02,1.7386556875000001,2.0225664123999998,0.0022998912467999998,0.0022931933979000001,0.28391072489999969,1.7363557962532001,1.7363624941021001
3.0209999999999999,1.7404627877000001,2.0251350425000001,0.0025336419070999998,0.0025262616720999999,0.28467225480000002,1.7379291457929,1.7379365260279001
3.0219999999999998,1.7422789975999999,2.0277129080999998,0.0027785039589999999,0.0027704086127999998,0.28543391049999989,1.7395004936409999,1.7395085889872
3.0230000000000001,1.7441042923000001,2.0302999688000001,0.0030344501656999999,0.0030256071343,0.2861956765,1.7410698421343,1.7410786851657001
3.024,1.7459386469,2.0328961844000002,0.0033014534434000001,0.0032918301039999999,0.28695753750000019,1.7426371934566001,1.7426468167960001
3.0249999999999999,1.7477820366000001,2.0355015152,0.0035794865996000001,0.0035690504102000001,0.28771947859999991,1.7442025500004001,1.7442129861898001
3.0259999999999998,1.7496344364,2.0381159215000002,0.0038685224855000001,0.0038572409697999999,0.28848148510000016,1.7457659139145001,1.7457771954302002
3.0270000000000001,1.7514958213,2.0407393641999998,0.0041685338731999996,0.0041563746478000003,0.28924354289999976,1.7473272874268,1.7473394466522001
3.028,1.7533661663,2.0433718041,0.0044794936356999998,0.0044664243163000002,0.29000563779999999,1.7488866726643,1.7488997419837
3.0289999999999999,1.7552454462,2.0460132025000002,0.0048013745753000001,0.0047873628390000004,0.29076775630000018,1.7504440716247001,1.750458083361
3.0299999999999998,1.7571336359,2.0486635209999999,0.0051341494786000001,0.0051191631006,0.29152988509999989,1.7519994864214001,1.7520144727994
3.0310000000000001,1.7590307101,2.0513227213,0.0054777912221999998,0.0054617978708999997,0.29229201120000003,1.7535529188778001,1.7535689122291001
3.032,1.7609366436,2.0539907656,0.0058322724587000002,0.0058152401033999997,0.29305412200000003,1.7551043711412999,1.7551214034966001
3.0329999999999999,1.7628514111,2.0566676161999999,0.0061975661322999998,0.0061794626304999996,0.29381620509999995,1.7566538449677001,1.7566719484694999
3.0339999999999998,1.7647749872,2.0593532357000002,0.0065736449973000004,0.0065544382793999998,0.29457824850000014,1.7582013422027001,1.7582205489206
3.0350000000000001,1.7667073464,2.0620475869999999,0.0069604817927000004,0.0069401398854000004,0.29534024059999986,1.7597468646073,1.7597672065145999
3.036,1.7686484632999999,2.0647506334000001,0.0073580493705999997,0.0073365403029000001,0.29610217010000017,1.7612904139293999,1.7613119229970999
3.0369999999999999,1.7705983124,2.0674623380999999,0.0077663204890000004,0.0077436123621999996,0.29686402569999992,1.762831991911,1.7628547000378001
3.0379999999999998,1.7725568679999999,2.0701826641999999,0.0081852679412999993,0.0081613289002000003,0.29762579619999996,1.7643716000587,1.7643955390997998
3.0390000000000001,1.7745241045,2.0729115736999999,0.0086148644572999998,0.0085896627440000001,0.29838746919999992,1.7659092400426999,1.7659344417559999
3.04,1.7764999963000001,2.0756490292000001,0.0090550829187000005,0.0090285867353999995,0.29914903289999994,1.7674449133813002,1.7674714095646
3.0409999999999999,1.7784845174999999,2.0783949934999999,0.0095058959727000007,0.0094780736747000008,0.29991047599999998,1.7689786215273,1.7690064438252999
3.0419999999999998,1.7804776425,2.0811494295999999,0.0099672765029999999,0.0099380964357000008,0.30067178709999998,1.7705103659970001,1.7705395460642999
3.0430000000000001,1.7824793454000001,2.0839123007999998,0.010439197273,0.01040862781,0.3014329553999997,1.7720401481270001,1.7720707175900001
3.044,1.7844896002999999,2.0866835709,0.010921630995000001,0.010889640632,0.30219397060000008,1.7735679693049999,1.7735999596679999
3.0449999999999999,1.7865083813,2.0894632038999998,0.0114145505,0.011381107713000001,0.30295482259999984,1.7750938307999999,1.7751272735870001
3.0459999999999998,1.7885356621999999,2.0922511638999999,0.011917928572000001,0.011883001906,0.30371550169999995,1.776617733628,1.776652660294
3.0470000000000002,1.7905714173,2.0950474154999998,0.012431737932,0.012395296016,0.30447599819999982,1.778139679368,1.7781761212839999
3.048,1.7926156201000001,2.0978519237,0.012955951436,0.012917962890999999,0.30523630359999987,1.779659668664,1.7796976572090002
3.0489999999999999,1.7946682448,2.1006646534,0.013490541773000001,0.013450975346,0.30599640859999999,1.781177703027,1.7812172694540001
3.0499999999999998,1.7967292649,2.1034855702000002,0.014035481801,0.013994306215,0.3067563053000002,1.782693783099,1.7827349586849999
3.0510000000000002,1.7987986544000001,2.1063146396999999,0.014590744259,0.014547928325000001,0.30751598529999979,1.784207910141,1.784250726075
3.052,1.8008763868,2.1091518280999999,0.015156301965999999,0.015111814514,0.30827544129999995,1.785720084834,1.7857645722860001
3.0529999999999999,1.8029624359,2.1119971015000001,0.015732127677,0.015685937604999999,0.30903466560000004,1.7872303082230001,1.787276498295
3.0539999999999998,1.8050567751,2.1148504264999999,0.016318194197999999,0.01627027046,0.30979365139999993,1.788738580902,1.78878650464
3.0550000000000002,1.8071593781999999,2.1177117701000001,0.016914474318,0.016864785931,0.31055239190000017,1.7902449038819999,1.7902945922689999
3.056,1.8092702186,2.1205810993999998,0.017520940849000001,0.017469456769999999,0.3113108807999998,1.791749277751,1.79180076183
3.0569999999999999,1.8113892697,2.1234583816999999,0.018137566567,0.018084255949999999,0.31206911199999987,1.793251703133,1.79330501375
3.0579999999999998,1.8135165051,2.1263435848999999,0.018764324296000001,0.018709156235999998,0.31282707979999991,1.7947521808039999,1.794807348864
3.0590000000000002,1.815651898,2.1292366770000002,0.019401186880000001,0.019344130519,0.31358477900000015,1.7962507111200001,1.796307767481
3.0600000000000001,1.8177954218000001,2.1321376261,0.020048127018999998,0.019989151651000001,0.31434220429999993,1.797747294781,1.7978062701490001
3.0609999999999999,1.8199470496000001,2.1350464008999999,0.020705117642999999,0.020644192520999999,0.31509935129999977,1.7992419319570001,1.7993028570790002
3.0619999999999998,1.8221067545,2.1379629701999998,0.021372131539999999,0.021309225954000002,0.31585621569999978,1.8007346229600001,1.8007975285460001
3.0630000000000002,1.8242745094999999,2.1408873031,0.022049141537000001,0.021984224864999999,0.31661279360000005,1.8022253679629998,1.802290284635
3.0640000000000001,1.8264502878,2.143819369,0.022736120491999998,0.022669162121000001,0.31736908120000007,1.8037141673079999,1.803781125679
3.0649999999999999,1.8286340622999999,2.1467591376000001,0.023433041206999999,0.023364010614000001,0.31812507530000023,1.8052010210929998,1.8052700516859999
3.0659999999999998,1.8308258061,2.1497065788,0.024139876564999999,0.024068743223999999,0.31888077270000004,1.806685929535,1.8067570628759999
3.0670000000000002,1.8330254919,2.1526616627999999,0.024856599420999999,0.024783332912000001,0.31963617089999996,1.808168892479,1.808242158988
3.0680000000000001,1.8352330929,2.15562436,0.025583182600999999,0.025507752447000001,0.32039126709999999,1.809649910299,1.809725340453
3.069,1.8374485816999999,2.1585946413000001,0.026319599074,0.026241974875000001,0.3211460596000002,1.811128982626,1.8112066068249999
3.0699999999999998,1.8396719314000001,2.1615724776,0.027065821537,0.026985973093999999,0.32190054619999997,1.812606109863,1.812685958306
3.0710000000000002,1.8419031146,2.1645578402000001,0.027821823042999998,0.027739719986999999,0.32265472560000008,1.8140812915569999,1.814163394613
3.0720000000000001,1.8441421042999999,2.1675507007000001,0.028587576436999999,0.028503188539,0.32340859640000019,1.8155545278629999,1.815638915761
3.073,1.846388873,2.1705510308,0.029363054619999999,0.029276351656999999,0.32416215780000002,1.8170258183799999,1.8171125213429999
3.0739999999999998,1.8486433936,2.1735588026000001,0.030148230488999998,0.030059182343999999,0.32491540900000015,1.818495163111,1.818584211256
3.0750000000000002,1.8509056386,2.1765739883999999,0.030943076986,0.030851653529,0.32566834979999992,1.8199625616140001,1.820053985071
3.0760000000000001,1.8531755808000001,2.1795965608999999,0.031747567014,0.031653738159000001,0.32642098009999976,1.8214280137860002,1.821521842641
3.077,1.8554531929,2.1826264926999999,0.032561673553999998,0.032465409374999997,0.32717329979999987,1.822891519346,1.8229877835249999
3.0779999999999998,1.8577384473,2.1856637569999999,0.033385369572000001,0.033286639873999997,0.32792530969999989,1.8243530777279999,1.8244518074260001
3.0790000000000002,1.8600313166,2.1887083268,0.034218627947999999,0.034117402909999997,0.32867701020000006,1.8258126886520001,1.82591391369
3.0800000000000001,1.8623317734,2.1917601757999998,0.035061421694999997,0.034957671433,0.32942840239999982,1.827270351705,1.827374101967
3.081,1.8646397902,2.1948192777000002,0.035913723834000003,0.035807418452999999,0.33017948750000015,1.8287260663660001,1.8288323717470001
3.0819999999999999,1.8669553395,2.1978856063999999,0.036775507313,0.036666616993000001,0.33093026689999983,1.830179832187,1.8302887225069999
3.0830000000000002,1.8692783936999999,2.2009591362999998,0.037646745162999998,0.037535240130000001,0.33168074259999991,1.8316316485369999,1.8317431535699999
3.0840000000000001,1.8716089252000001,2.2040398417999998,0.038527410422000002,0.038413260900000003,0.33243091659999968,1.8330815147780002,1.8331956643
3.085,1.8739469064000001,2.2071276975999998,0.039417476053,0.039300652380000002,0.33318079119999977,1.8345294303470001,1.8346462540200001
3.0859999999999999,1.8762923097999999,2.2102226788000001,0.040316915146999997,0.040197387676,0.33393036900000017,1.835975394653,1.8360949221239999
3.0870000000000002,1.8786451074999999,2.2133247604999999,0.041225700769,0.041103439803999997,0.33467965300000002,1.8374194067309999,1.8375416676959999
3.0880000000000001,1.8810052719999999,2.2164339179999999,0.042143805958999997,0.042018781962999997,0.335428646,1.8388614660409999,1.8389864900369999
3.089,1.8833727755,2.2195501271999998,0.043071203858,0.042943387233000001,0.33617735169999974,1.8403015716420001,1.840429388267
3.0899999999999999,1.8857475903000001,2.2226733636999998,0.044007867424000001,0.043877228758999999,0.33692577339999974,1.841739722876,1.8418703615410001
3.0910000000000002,1.8881296887000001,2.2258036038000002,0.044953769903999997,0.044820279679999998,0.33767391510000011,1.8431759187960002,1.8433094090200002
3.0920000000000001,1.8905190428,2.2289408237999999,0.045908884368000002,0.045772513164000002,0.33842178099999987,1.844610158432,1.8447465296359999
3.093,1.8929156248000001,2.2320850002000001,0.046873183966000001,0.046733902374999997,0.33916937540000003,1.8460424408340002,1.8461817224250001
3.0939999999999999,1.8953194068999999,2.2352361098000002,0.047846641863999999,0.047704420482,0.33991670290000031,1.8474727650359999,1.8476149864179998
3.0950000000000002,1.8977303612,2.2383941298000001,0.048829231149000001,0.048684040739999997,0.34066376860000003,1.8489011300510001,1.8490463204600001
3.0960000000000001,1.9001484596,2.2415590373000001,0.049820925102999999,0.049672736338999997,0.34141057770000005,1.850327534497,1.8504757232610001
3.097,1.9025736741999999,2.2447308098000001,0.050821696898999999,0.050670480519999998,0.34215713560000016,1.8517519773009998,1.8519031936799999
3.0979999999999999,1.9050059771000001,2.2479094252,0.051831519667000003,0.051677246527000002,0.34290344809999995,1.853174457433,1.8533287305730002
3.0990000000000002,1.9074453403,2.2510948611999999,0.052850366747999998,0.052693007620000003,0.34364952089999989,1.854594973552,1.8547523326799999
3.1000000000000001,1.9098917356,2.2542870961000001,0.053878211305,0.053717737092999998,0.34439536050000008,1.856013524295,1.856173998507
3.101,1.9123451351,2.2574861082000002,0.054915026669,0.054751408276000002,0.34514097310000014,1.8574301084310001,1.8575937268240001
3.1019999999999999,1.9148055106999999,2.2606918761000001,0.055960786047,0.055793994329,0.34588636540000017,1.858844724653,1.8590115163709999
3.1030000000000002,1.9172728342000001,2.2639043786999999,0.057015462800999998,0.056845468756000002,0.34663154449999989,1.860257371399,1.860427365444
3.1040000000000001,1.9197470776000001,2.2671235949000001,0.058079030195999998,0.057905804875000001,0.34737651730000008,1.8616680474040002,1.861841272725
3.105,1.9222282127999999,2.2703495039999999,0.059151461564000002,0.058974975945000001,0.34812129120000002,1.8630767512359998,1.8632532368549999
3.1059999999999999,1.9247162115000001,2.2735820854000002,0.060232730259999999,0.060052955476000001,0.34886587390000012,1.86448348124,1.864663256024
3.1070000000000002,1.9272110457,2.2768213188000002,0.061322809669999999,0.061139716764999998,0.34961027310000015,1.86588823603,1.8660713289349999
3.1080000000000001,1.9297126871000001,2.280067184,0.062421673124000002,0.06223523324,0.35035449689999987,1.8672910139760002,1.8674774538600001
3.109,1.9322211076,2.2833196612000002,0.063529294069,0.063339478401999993,0.3510985536000002,1.868691813531,1.8688816291979999
3.1099999999999999,1.9347362788,2.2865787305,0.064645645900000007,0.064452425642000002,0.35184245170000006,1.8700906329,1.8702838531579999
3.1110000000000002,1.9372581727,2.2898443724000002,0.065770702067000003,0.065574048484999994,0.35258619970000016,1.871487470633,1.871684124215
3.1120000000000001,1.9397867608999999,2.2931165674999998,0.066904436023999994,0.066704320375000001,0.35332980659999991,1.8728823248759998,1.8730824405249999
3.113,1.9423220152,2.2963952967000001,0.068046821246999997,0.067843214811999994,0.35407328150000006,1.874275193953,1.874478800388
3.1139999999999999,1.9448639072,2.2996805404999998,0.069197831215000005,0.068990705301999994,0.3548166332999998,1.8756660759849999,1.875873201898
3.1150000000000002,1.9474124087,2.3029722780999999,0.070357439460000004,0.070146765442999998,0.35555986939999995,1.87705496924,1.8772656432570001
3.1160000000000001,1.9499674914,2.3062704867999999,0.071525619511999997,0.071311368808,0.35630299539999988,1.878441871888,1.878656122592
3.117,1.9525291269,2.3095751443000001,0.072702344927999998,0.072484488941,0.35704601740000008,1.879826781972,1.8800446379590001
3.1179999999999999,1.9550972870000001,2.3128862281,0.073887589295,0.073666099479999997,0.35778894109999992,1.8812096977050001,1.88143118752
3.1190000000000002,1.9576719431,2.3162037161,0.075081326138000004,0.074856174009000007,0.35853177299999994,1.8825906169620001,1.8828157690910001
3.1200000000000001,1.9602530669,2.3195275863,0.076283529167,0.076054686199999999,0.35927451939999999,1.8839695377329999,1.8841983807
3.121,1.9628406302000001,2.3228578168,0.077494171973000001,0.077261609721000005,0.36001718659999993,1.8853464582270001,1.8855790204790002
3.1219999999999999,1.9654346044,2.3261943858,0.078713228169000005,0.078476918280000002,0.36075978140000009,1.886721376231,1.8869576861199999
3.1230000000000002,1.9680349612000001,2.329537272,0.079940671520999998,0.079700585495000004,0.36150231079999995,1.8880942896790001,1.8883343757050002
3.1240000000000001,1.970641672,2.3328864537,0.081176475639000004,0.080932585173999996,0.36224478170000007,1.8894651963609999,1.889709086826
3.125,1.9732547086000001,2.3362419099,0.082420614315000001,0.082172891043999996,0.36298720129999995,1.8908340942850002,1.891081817556
3.1259999999999999,1.9758740423000001,2.3396036192,0.083673061266999998,0.083421476861000002,0.36372957689999996,1.8922009810330001,1.8924525654390001
3.1269999999999998,1.9784996447000001,2.3429715608000001,0.084933790245999993,0.084678316505000004,0.36447191610000007,1.8935658544540002,1.893821328195
3.1280000000000001,1.9811314873000001,2.3463457136999999,0.086202775092,0.085943383595000006,0.36521422639999979,1.8949287122080001,1.895188103705
3.129,1.9837695417000001,2.3497260571999998,0.087479989495999999,0.087216652148999999,0.36595651549999975,1.8962895522040002,1.896552889551
3.1299999999999999,1.9864137792000001,2.3531125705,0.088765407406999994,0.088498095984000005,0.36669879129999994,1.8976483717930002,1.897915683216
3.1309999999999998,1.9890641713999999,2.3565052331,0.090059002641000002,0.089787688892999998,0.36744106170000013,1.8990051687589999,1.8992764825069999
3.1320000000000001,1.9917206897999999,2.3599040247,0.091360749017999995,0.0910854049,0.3681833349000001,1.900359940782,1.9006352848999999
3.133,1.9943833058,2.3633089250000001,0.092670620523,0.092391217826000002,0.36892561920000011,1.9017126852770001,1.901992087974
3.1339999999999999,1.9970519906999999,2.3667199137999999,0.093988591014999998,0.093705101676000005,0.36966792309999996,1.9030633996849999,1.903346889024
3.1349999999999998,1.9997267161000001,2.370136971,0.095314634475999999,0.095027030412000002,0.3704102548999999,1.904412081624,1.9046996856880001
3.1360000000000001,2.0024074533,2.3735600766,0.096648724862999996,0.096356978053999995,0.37115262329999998,1.9057587284370001,1.9060504752460001
3.137,2.0050941738999999,2.3769892110000002,0.097990836168000001,0.097694918515000007,0.37189503710000027,1.9071033377319999,1.9073992553849999
3.1379999999999999,2.0077868490999999,2.3804243542000001,0.099340942385000006,0.099040825920000006,0.37263750510000015,1.9084459067149999,1.90874602318
3.1389999999999998,2.0104854505,2.3838654867,0.10069901757999999,0.10039467438000001,0.37338003619999993,1.9097864329200001,1.9100907761200001
3.1400000000000001,2.0131899493000001,2.3873125889,0.10206503577000001,0.10175643786000001,0.37412263959999992,1.9111249135300001,1.9114335114400001
3.141,2.0159003168999998,2.3907656413999998,0.10343897112,0.10312609046,0.37486532449999999,1.9124613457799997,1.9127742264399998
3.1419999999999999,2.0186165248000001,2.3942246249000001,0.10482079766999999,0.10450360644999999,0.37560810010000001,1.9137957271300001,1.9141129183500001
3.1429999999999998,2.0213385442999998,2.3976895202000001,0.1062104896,0.10588895995,0.37635097590000033,1.9151280546999998,1.9154495843499999
3.1440000000000001,2.0240663467000002,2.4011603081000001,0.10760802103,0.10728212502999999,0.37709396139999996,1.9164583256700003,1.9167842216700002
3.145,2.0267999034000002,2.4046369696999998,0.10901336618,0.10868307601,0.37783706629999969,1.9177865372200003,1.9181168273900002
3.1459999999999999,2.0295391858,2.4081194858999999,0.11042649925,0.11009178706,0.37858030009999988,1.9191126865500001,1.91944739874
3.1469999999999998,2.0322841652000001,2.4116078381000001,0.11184739445,0.11150823247,0.37932367290000002,1.9204367707500001,1.92077593273
3.1480000000000001,2.0350348129000002,2.4151020074999998,0.11327602605000001,0.11293238658,0.3800671945999996,1.9217587868500001,1.9221024263200002
3.149,2.0377911002000002,2.4186019754000001,0.11471236838,0.11436422347,0.3808108751999999,1.9230787318200002,1.9234268767300002
3.1499999999999999,2.0405529983999999,2.4221077232999999,0.11615639564999999,0.1158037177,0.38155472489999998,1.9243966027499999,1.9247492807
3.1509999999999998,2.0433204789000001,2.4256192327999999,0.11760808228,0.11725084350999999,0.38229875389999979,1.92571239662,1.9260696353900002
3.1520000000000001,2.0460935129000002,2.4291364854999999,0.11906740258,0.11870557532999999,0.38304297259999975,1.9270261103200002,1.9273879375700003
3.153,2.0488720719,2.4326594630999998,0.12053433095,0.12016788754,0.38378739119999983,1.92833774095,1.9287041843599999
3.1539999999999999,2.0516561270000002,2.4361881473999998,0.1220088418,0.12163775455,0.38453202039999956,1.9296472852000002,1.9300183724500002
3.1549999999999998,2.0544456494999999,2.4397225203000001,0.1234909096,0.12311515084000001,0.38527687080000028,1.9309547398999998,1.93133049866
3.1560000000000001,2.0572406107000001,2.4432625637999998,0.12498050871999999,0.12460005088999999,0.38602195309999976,1.9322601019800001,1.93264055981
3.157,2.0600409818999998,2.4468082598000001,0.12647761373999999,0.12609242917999999,0.38676727790000021,1.9335633681599997,1.9339485527199998
3.1579999999999999,2.0628467343999999,2.4503595906000002,0.1279821991,0.12759226026000001,0.38751285620000031,1.9348645352999998,1.93525447414
3.1589999999999998,2.0656578394,2.4539165381000001,0.12949423938999999,0.12909951867,0.38825869870000007,1.93616360001,1.9365583207300001
3.1600000000000001,2.0684742682000001,2.4574790848000001,0.13101370915999999,0.130614179,0.38900481659999997,1.9374605590400003,1.9378600892000002
3.161,2.0712959921,2.4610472127,0.13254058299999999,0.13213621584999999,0.3897512206,1.9387554091000001,1.9391597762500001
3.1619999999999999,2.0741229823,2.4646209043999998,0.13407483548999999,0.13366560387000001,0.39049792209999978,1.9400481468100002,1.9404573784300001
3.1629999999999998,2.0769552100999999,2.4682001421000002,0.13561644132,0.13520231765999999,0.39124493200000021,1.9413387687799999,1.94175289244
3.1640000000000001,2.0797926467000001,2.4717849083000001,0.13716537516999999,0.13674633195999999,0.3919922616,1.9426272715300001,1.9430463147400001
3.165,2.0826352633999998,2.4753751854999999,0.13872161164999999,0.13829762147999999,0.39273992210000008,1.9439136517499997,1.9443376419199998
3.1659999999999999,2.0854830312999999,2.4789709564,0.14028512556,0.13985616091,0.39348792510000008,1.94519790574,1.9456268703899999
3.1669999999999998,2.0883359218000002,2.4825722035000002,0.14185589161000001,0.14142192506000001,0.39423628170000002,1.94648003019,1.9469139967400002
3.1680000000000001,2.0911939061,2.4861789095,0.14343388464000001,0.14299488867999999,0.39498500339999998,1.9477600214599999,1.9481990174199999
3.169,2.0940569553000001,2.4897910571000001,0.14501907928999999,0.14457502660999999,0.39573410180000002,1.9490378760100002,1.94948192869
3.1699999999999999,2.0969250408,2.4934086291000002,0.14661145056,0.14616231367999999,0.39648358830000019,1.95031359024,1.9507627271199999
3.1709999999999998,2.0997981337999998,2.4970316082999999,0.14821097321999999,0.14775672474000001,0.39723347450000013,1.9515871605799999,1.9520414090599998
3.1720000000000002,2.1026762053999999,2.5006599775999998,0.14981762219,0.14935823478999999,0.39798377219999992,1.9528585832099998,1.9533179706099999
3.173,2.1055592269000001,2.5042937198000002,0.15143137229,0.15096681847999999,0.39873449290000007,1.95412785461,1.9545924084200001
3.1739999999999999,2.1084471695000002,2.5079328178,0.15305219853999999,0.15258245099000001,0.39948564829999977,1.9553949709600003,1.9558647185100002
3.1749999999999998,2.1113400044000001,2.5115772547000002,0.15468007590999999,0.15420510725,0.40023725030000001,1.9566599284900001,1.9571348971500002
3.1760000000000002,2.1142377029000001,2.5152270133000001,0.15631497928999999,0.15583476222000001,0.40098931039999997,1.9579227236100001,1.9584029406800001
3.177,2.1171402361,2.5188820768000002,0.15795688378,0.15747139098999999,0.40174184070000019,1.95918335232,1.9596688451099999
3.1779999999999999,2.1200475752000001,2.5225424281,0.15960576436000001,0.15911496846000001,0.40249485289999987,1.9604418108400001,1.9609326067400001
3.1789999999999998,2.1229596914000002,2.5262080503000002,0.16126159612999999,0.16076546983000001,0.40324835889999999,1.9616980952700003,1.9621942215700001
3.1800000000000002,2.1258765561000001,2.5298789263999999,0.16292435420000001,0.16242287017000001,0.40400237029999975,1.9629522019000001,1.9634536859300002
3.181,2.1287981401999998,2.5335550395999999,0.16459401365000001,0.16408714461000001,0.40475689940000015,1.9642041265499999,1.9647109955899997
3.1819999999999999,2.1317244150999999,2.5372363729999998,0.16627054963999999,0.16575826834999999,0.40551195789999994,1.9654538654599998,1.9659661467499998
3.1829999999999998,2.1346553518000002,2.5409229096999999,0.16795393734,0.16743621643000001,0.40626755789999969,1.9667014144600001,1.9672191353700001
3.1840000000000002,2.1375909217000002,2.5446146328000001,0.16964415194999999,0.16912096423,0.40702371109999991,1.9679467697500002,1.9684699574700002
3.1850000000000001,2.1405310959000001,2.5483115253999999,0.17134116870999999,0.17081248682,0.40778042949999982,1.9691899271900002,1.9697186090800001
3.1859999999999999,2.1434758455999998,2.5520135707999998,0.17304496286000001,0.17251075956,0.40853772519999998,1.9704308827399999,1.9709650860399999
3.1869999999999998,2.1464251419,2.555720752,0.17475550970000001,0.17421575774,0.40929561010000004,1.9716696322,1.9722093841599999
3.1880000000000002,2.1493789560000001,2.5594330522000002,0.17647278447,0.17592745663000001,0.41005409620000011,1.97290617153,1.9734514993700001
3.1890000000000001,2.1523372591999999,2.5631504544000001,0.17819676259,0.1776458316,0.41081319520000026,1.9741404966099998,1.9746914275999998
3.1899999999999999,2.1553000226000001,2.5668729417999998,0.17992741938000001,0.17937085798999999,0.41157291919999972,1.9753726032200001,1.9759291646100001
3.1909999999999998,2.1582672173000002,2.5706004975000001,0.18166473018000001,0.18110251122000001,0.41233328019999993,1.9766024871200001,1.9771647060800002
3.1920000000000002,2.1612388145999999,2.5743331045,0.18340867053000001,0.18284076664000001,0.41309428990000008,1.9778301440699999,1.9783980479599999
3.1930000000000001,2.1642147855,2.5780707458999998,0.18515921569999999,0.18458559973999999,0.41385596039999983,1.9790555698000001,1.9796291857599999
3.194,2.1671951012999999,2.5818134047000001,0.18691634133000001,0.18633698598000001,0.41461830340000017,1.98027875997,1.98085811532
3.1949999999999998,2.1701797331999999,2.5855610640000002,0.18868002271000001,0.18809490089,0.41538133080000028,1.9814997104899998,1.98208483231
3.1960000000000002,2.1731686522000002,2.5893137066,0.19045023554000001,0.18985931993999999,0.41614505439999983,1.9827184166600003,1.9833093322600002
3.1970000000000001,2.1761618294999998,2.5930713155,0.19222695531,0.19163021872,0.41690948600000022,1.9839348741899998,1.9845316107799997
3.198,2.1791592362999999,2.5968338736000001,0.19401015753,0.19340757271,0.41767463730000021,1.9851490787699999,1.9857516635899999
3.1989999999999998,2.1821608437000002,2.6006013635,0.19579981788,0.19519135763000001,0.41844051979999985,1.9863610258200002,1.9869694860700002
3.2000000000000002,2.1851666229000002,2.6043737681999999,0.19759591194000001,0.19698154908000001,0.41920714529999969,1.9875707109600003,1.9881850738200002
3.2010000000000001,2.1881765450000001,2.6081510702999999,0.19939841536,0.19877812257999999,0.41997452529999979,1.9887781296400002,1.9893984224200001
3.202,2.1911905811999999,2.6119332524000001,0.20120730383999999,0.20058105395,0.4207426712000002,1.9899832773599999,1.99060952725
3.2029999999999998,2.1942087025000001,2.6157202972000002,0.20302255305,0.20239031885,0.4215115947000001,1.9911861494500001,1.9918183836500001
3.2040000000000002,2.1972308801999998,2.6195121870999998,0.20484413873000001,0.20420589299,0.42228130689999999,1.9923867414699998,1.9930249872099999
3.2050000000000001,2.2002570852000001,2.6233089047,0.20667203663,0.20602775214999999,0.42305181949999993,1.99358504857,1.9942293330500001
3.206,2.2032872888999999,2.6271104321999998,0.20850622254000001,0.20785587210000001,0.42382314329999993,1.9947810663599999,1.9954314167999998
3.2069999999999999,2.2063214623,2.6309167519000001,0.21034667225000001,0.20969022857,0.42459528960000004,1.99597479005,1.9966312337300001
3.2080000000000002,2.2093595764999998,2.6347278461000001,0.21219336162999999,0.21153079752000001,0.42536826960000029,1.9971662148699998,1.9978287789799998
3.2090000000000001,2.2124016026,2.6385436968999998,0.21404626647,0.21337755461999999,0.42614209429999983,1.9983553361299999,1.9990240479799999
3.21,2.2154475114999999,2.6423642861999999,0.21590536265999999,0.21523047592,0.4269167747,1.9995421488399998,2.00021703558
3.2109999999999999,2.2184972742000002,2.6461895960000001,0.21777062616000001,0.21708953724999999,0.42769232179999994,2.0007266480400001,2.0014077369500001
3.2120000000000002,2.2215508617999999,2.650019608,0.21964203287,0.21895471451000001,0.42846874620000008,2.00190882893,2.0025961472899998
3.2130000000000001,2.2246082451999998,2.6538543040000002,0.22151955876000001,0.22082598371000001,0.42924605880000044,2.0030886864399999,2.0037822614899996
3.214,2.2276693953,2.6576936654000001,0.22340317978999999,0.22270332078999999,0.43002427010000011,2.0042662155099999,2.00496607451
3.2149999999999999,2.2307342831999999,2.6615376737999998,0.22529287200000001,0.22458670176000001,0.43080339059999995,2.0054414112000001,2.00614758144
3.2160000000000002,2.2338028796999998,2.6653863103000002,0.22718861139999999,0.22647610264000001,0.43158343060000037,2.0066142682999999,2.0073267770599998
3.2170000000000001,2.2368751558,2.6692395562,0.22909037408999999,0.22837149950999999,0.43236440040000002,2.0077847817099999,2.0085036562899998
3.218,2.2399510826000002,2.6730973922999999,0.23099813605,0.23027286841,0.43314630969999968,2.00895294655,2.00967821419
3.2189999999999999,2.2430306306999999,2.6769597995000001,0.23291187350000001,0.23218018541999999,0.43392916880000021,2.0101187571999999,2.01085044528
3.2200000000000002,2.2461137713000001,2.6808267583999998,0.23483156252000001,0.23409342668999999,0.43471298709999973,2.01128220878,2.0120203446100002
3.2210000000000001,2.2492004753999999,2.6846982493999998,0.23675717928000001,0.23601256841000001,0.43549777399999989,2.0124432961199998,2.0131879069899998
3.222,2.2522907136999999,2.6885742528000001,0.23868869997,0.23793758666000001,0.43628353910000017,2.0136020137299999,2.0143531270399997
3.2229999999999999,2.2553844572999999,2.6924547477999998,0.24062610077999999,0.23986845774000001,0.4370702904999999,2.0147583565199998,2.0155159995599998
3.2240000000000002,2.2584816769999998,2.6963397131,0.24256935796000001,0.24180515776,0.43785803610000018,2.0159123190399999,2.0166765192399998
3.2250000000000001,2.2615823437999998,2.7002291272000001,0.24451844775000001,0.24374766303000001,0.4386467834000003,2.0170638960499998,2.0178346807699996
3.226,2.2646864285000001,2.7041229680000001,0.24647334642999999,0.24569594987000001,0.43943653949999995,2.0182130820699999,2.0189904786300001
3.2269999999999999,2.2677939021000002,2.7080212132999999,0.24843403031,0.24764999436999999,0.44022731119999969,2.0193598717900003,2.0201439077300001
3.2280000000000002,2.2709047354999998,2.7119238406999999,0.25040047571000001,0.24960977305000001,0.44101910520000009,2.02050425979,2.0212949624499998
3.2290000000000001,2.2740188995000001,2.7158308274,0.25237265899,0.25157526213999998,0.4418119278999999,2.02164624051,2.0224436373600003
3.23,2.2771363650000001,2.7197421501000001,0.25435055651999999,0.25354643803999999,0.44260578510000004,2.0227858084800001,2.0235899269600002
3.2309999999999999,2.2802571028999998,2.7236577853999999,0.25633414471999999,0.25552327712,0.44340068250000009,2.02392295818,2.0247338257799998
3.2320000000000002,2.2833810841000002,2.7275777093000002,0.25832339999999998,0.25750575580000001,0.44419662520000003,2.0250576841000001,2.0258753283000002
3.2330000000000001,2.2865082792,2.7315018975999998,0.26031829877000001,0.25949385048000001,0.44499361839999985,2.0261899804299999,2.0270144287199998
3.234,2.2896386594,2.7354303253999999,0.26231881750000002,0.26148753760999999,0.44579166599999986,2.0273198418999998,2.0281511217900001
3.2349999999999999,2.2927721953,2.7393629675,0.26432493274000002,0.26348679366,0.44659077219999999,2.0284472625599999,2.0292854016400002
3.2360000000000002,2.2959088578000002,2.7432997982999998,0.26633662096999999,0.26549159516999998,0.44739094049999961,2.02957223683,2.0304172626300003
3.2370000000000001,2.2990486177,2.7472407915999999,0.26835385875000001,0.2675019186,0.44819217389999988,2.0306947589500002,2.0315466991000002
3.238,2.3021914458000001,2.7511859205000002,0.27037662260000001,0.26951774052999999,0.44899447470000009,2.0318148232,2.0326737052700001
3.2389999999999999,2.3053373127999999,2.7551351575999998,0.27240488911999999,0.27153903748000002,0.44979784479999996,2.0329324236799997,2.0337982753199997
3.2400000000000002,2.3084861896,2.7590884749,0.27443863492999998,0.27356578607999998,0.45060228530000002,2.0340475546699999,2.0349204035200001
3.2410000000000001,2.3116380470000002,2.7630458437000001,0.27647783665999998,0.27559796288999999,0.45140779669999986,2.0351602103400004,2.0360400841100001
3.242,2.3147928554999999,2.7670072344999999,0.27852247092999999,0.27763554457,0.45221437899999994,2.0362703845699999,2.0371573109300001
3.2429999999999999,2.3179505859999998,2.770972617,0.28057251442999998,0.27967850774000003,0.45302203100000016,2.0373780715700001,2.0382720782599999
3.2440000000000002,2.3211112093000001,2.7749419604000001,0.28262794387000001,0.28172682914000002,0.45383075109999993,2.03848326543,2.03938438016
3.2450000000000001,2.3242746959999998,2.7789152324000002,0.28468873593999999,0.28378048534,0.45464053640000035,2.0395859600599997,2.0404942106599999
3.246,2.3274410169999999,2.7828924002000002,0.28675486739,0.28583945310999997,0.45545138320000023,2.0406861496099999,2.04160156389
3.2469999999999999,2.3306101424999999,2.7868734298,0.288826315,0.28790370920000002,0.4562632873000001,2.0417838274999998,2.0427064332999998
3.2480000000000002,2.3337820436999999,2.7908582861000002,0.29090305547,0.28997323036,0.45707624240000033,2.04287898823,2.0438088133400001
3.2490000000000001,2.3369566910000001,2.7948469325,0.29298506573999999,0.29204799334999998,0.45789024149999991,2.0439716252600002,2.0449086976500004
3.25,2.3401340551000001,2.7988393313,0.29507232245999998,0.29412797493999998,0.4587052761999999,2.0450617326400002,2.0460060801600002
3.2509999999999999,2.3433141064999998,2.8028354433999998,0.29716480261,0.29621315195999998,0.45952133689999997,2.04614930389,2.0471009545399999
3.2519999999999998,2.3464968160000002,2.8068352279000002,0.29926248303000003,0.29830350125999999,0.46033841190000002,2.04723433297,2.0481933147400002
3.2530000000000001,2.3496821540999999,2.8108386421999998,0.30136534055999997,0.3003989997,0.46115648809999987,2.0483168135400001,2.0492831543999999
3.254,2.3528700911999998,2.8148456415999998,0.30347335215999999,0.30249962408999997,0.46197555040000005,2.0493967390399996,2.0503704671099996
3.2549999999999999,2.3560605982,2.8188561796,0.30558649469999999,0.3046053514,0.46279558139999999,2.0504741035,2.0514552467999998
3.2559999999999998,2.3592536453999999,2.8228702067999998,0.30770474515000001,0.3067161585,0.46361656139999985,2.0515489002499998,2.0525374868999999
3.2570000000000001,2.3624492034000002,2.8268876717000002,0.30982808048999999,0.30883202230000001,0.46443846830000002,2.0526211229100002,2.0536171811000004
3.258,2.3656472426000001,2.8309085192999999,0.31195647771000001,0.31095291978,0.46526127669999973,2.0536907648900002,2.0546943228200001
3.2589999999999999,2.3688477336,2.8349326917000002,0.31408991376000001,0.31307882795000003,0.46608495810000017,2.0547578198399998,2.0557689056499999
3.2599999999999998,2.3720506468,2.8389601269,0.31622836569000001,0.31520972365,0.4669094801,2.0558222811100002,2.0568409231500002
3.2610000000000001,2.3752559525999999,2.8429907588000001,0.31837181058000003,0.31734558403000002,0.46773480620000019,2.0568841420199999,2.05791036857
3.262,2.3784636214999999,2.8470245161999999,0.32052022545999997,0.31948638606000002,0.46856089469999995,2.0579433960399998,2.05897723544
3.2629999999999999,2.3816736237999998,2.8510613225000001,0.32267358739000002,0.32163210682999999,0.4693876987000003,2.0590000364099996,2.0600415169699997
3.2639999999999998,2.3848859299999998,2.8551010943000001,0.32483187350999998,0.32378272328000002,0.47021516430000032,2.0600540564899998,2.0611032067199999
3.2650000000000001,2.3881005103000001,2.8591437405,0.32699506093000003,0.32593821254999999,0.47104323019999983,2.0611054493700003,2.06216229775
3.266,2.3913173352000001,2.8631891611000002,0.32916312676999998,0.32809855174000002,0.4718718259000001,2.06215420843,2.06321878346
3.2669999999999999,2.3945363747999999,2.8672372448000001,0.33133604824000001,0.33026371796999998,0.47270087000000016,2.0632003265600001,2.0642726568300001
3.2679999999999998,2.3977575994999998,2.8712878675,0.33351380244000001,0.33243368836999998,0.4735302680000002,2.0642437970599996,2.0653239111299997
3.2690000000000001,2.4009809794999999,2.8753408881999998,0.33569636659000002,0.33460844011000002,0.47435990869999989,2.0652846129099998,2.0663725393899997
3.27,2.404206485,2.8793961455999999,0.33788371796,0.33678795023000002,0.4751896605999999,2.06632276704,2.0674185347699998
3.2709999999999999,2.4074340862999999,2.8834534514999999,0.34007583367999999,0.33897219606000001,0.47601936519999999,2.0673582526200001,2.06846189024
3.2719999999999998,2.4106637534000002,2.8875125823999999,0.34227269108000002,0.34116115474000003,0.4768488289999997,2.0683910623199999,2.0695025986600002
3.2730000000000001,2.4138954567000002,2.8915732657,0.34447426735999997,0.34335480343000002,0.47767780899999979,2.0694211893400003,2.0705406532700001
3.274,2.4171291660000001,2.8956351583000002,0.34668053988000003,0.34555311951000001,0.47850599230000013,2.0704486261200001,2.0715760464900002
3.2749999999999999,2.4203648516,2.8996978061999998,0.34889148585000002,0.34775608000000002,0.47933295459999981,2.0714733657500002,2.0726087716000001
3.2759999999999998,2.4236024833999998,2.9037605669,0.35110708263000001,0.34996366230999998,0.48015808350000011,2.0724954007699998,2.0736388210899999
3.2770000000000001,2.4268420316000001,2.9078224163000002,0.35332730756000003,0.35217584369999999,0.48098038470000004,2.0735147240400003,2.0746661879000001
3.278,2.4300834660000001,2.9118812169999999,0.35555213800000002,0.35439260145000001,0.48179775099999977,2.074531328,2.0756908645500003
3.2789999999999999,2.4333267567000001,2.7167456274999999,0.35778155128,0.35661391295,0.28341887079999983,2.0755452054200001,2.0767128437500002
3.2799999999999998,2.4365718735000002,2.7195521191999998,0.36001552481999999,0.35883975533000001,0.28298024569999969,2.0765563486800001,2.0777321181700001
3.2810000000000001,2.4398187864000001,2.7223623520000002,0.36225403597,0.36107010609000001,0.28254356560000016,2.0775647504300001,2.0787486803099999
3.282,2.4430674652,2.7251763095000001,0.36449706218,0.36330494252000001,0.28210884430000016,2.0785704030200001,2.0797625226799998
3.2829999999999999,2.4463178797,2.7279939743999999,0.36674458089,0.36554424205000002,0.28167609469999988,2.0795732988100002,2.0807736376500001
3.2839999999999998,2.4495699997,2.7308153296,0.36899656952999998,0.36778798195000001,0.28124532989999995,2.0805734301699998,2.0817820177500002
3.2850000000000001,2.452823795,2.7336403574000001,0.37125300553000001,0.37003613972999999,0.28081656240000008,2.0815707894700002,2.0827876552700002
3.286,2.4560792351999998,2.7364690397000002,0.37351386642000001,0.37228869278999999,0.28038980450000039,2.0825653687799996,2.0837905424100001
3.2869999999999999,2.4593362901,2.7393013583000001,0.37577912966999999,0.37454561837,0.27996506820000011,2.0835571604299998,2.08479067173
3.2879999999999998,2.4625949291999998,2.7421372943,0.37804877279999999,0.37680689415000002,0.27954236510000019,2.0845461563999996,2.0857880350499998
3.2890000000000001,2.4658551221999998,2.7449768284,0.38032277327000003,0.37907249746999999,0.27912170620000021,2.0855323489299997,2.0867826247299996
3.29,2.4691168385000002,2.7478199409999999,0.38260110870000003,0.38134240583000001,0.27870310249999974,2.0865157298000003,2.0877744326700003
3.2909999999999999,2.4723800477000002,2.7506666118999998,0.38488375659000001,0.38361659669999998,0.27828656419999964,2.0874962911100003,2.0887634510000002
3.2919999999999998,2.4756447193,2.7535168202999998,0.38717069453000003,0.38589504748999998,0.27787210099999982,2.08847402477,2.0897496718099999
3.2930000000000001,2.4789108226000001,2.7563705449000002,0.38946190007999998,0.38817773581999998,0.27745972230000016,2.0894489225199999,2.0907330867800002
3.294,2.4821783272000002,2.7592277636999998,0.39175735083000002,0.39046463915000001,0.27704943649999958,2.0904209763700003,2.09171368805
3.2949999999999999,2.4854472022,2.7620884540000001,0.39405702442000001,0.39275573503,0.2766412518000001,2.0913901777800001,2.0926914671699999
3.2959999999999998,2.4887174170000002,2.7649525923999998,0.39636089844,0.39505100099000001,0.27623517539999964,2.0923565185599999,2.09366641601
3.2970000000000002,2.4919889407000002,2.7678201545999999,0.39866895054000001,0.39735041454999998,0.27583121389999965,2.0933199901600004,2.0946385261500002
3.298,2.4952617426999999,2.7706911154,0.40098115835999998,0.39965395332999998,0.27542937270000012,2.0942805843399999,2.0956077893699998
3.2989999999999999,2.4985357920000002,2.7735654486999999,0.40329749954999999,0.40196159487999999,0.27502965669999968,2.0952382924500004,2.0965741971200003
3.2999999999999998,2.5018110576999999,2.7764431269999998,0.40561795181999999,0.40427331678,0.27463206929999995,2.0961931058799999,2.09753774092
3.3010000000000002,2.5050875088,2.7793241217000002,0.4079424928,0.40658909665999998,0.27423661290000023,2.0971450159999998,2.0984984121400001
3.302,2.5083651144000001,2.7822084027999998,0.41027110020000002,0.40890891206000002,0.27384328839999972,2.0980940142,2.0994562023399999
3.3029999999999999,2.5116438432999999,2.7850959385,0.41260375175000003,0.41123274066999999,0.27345209520000013,2.09904009155,2.1004111026299999
3.3039999999999998,2.5149236644999999,2.7879866952999999,0.41494042518000002,0.41356056010999998,0.27306303079999994,2.0999832393199998,2.1013631043899998
3.3050000000000002,2.5182045466999998,2.7908806374999999,0.41728109821999998,0.41589234798000002,0.2726760908000001,2.1009234484799997,2.10231219872
3.306,2.5214864587000001,2.7937777269000001,0.41962574859000001,0.41822808196,0.27229126820000005,2.10186071011,2.1032583767399999
3.3069999999999999,2.5247693693,2.7966779222999998,0.42197435407,0.42056773972,0.27190855299999983,2.1027950152299999,2.1042016295799999
3.3079999999999998,2.5280532469999999,2.7995811793000001,0.42432689242999999,0.42291129888000001,0.27152793230000016,2.10372635457,2.10514194812
3.3090000000000002,2.5313380606,2.8024874491,0.42668334144999998,0.42525873723000002,0.27114938850000003,2.10465471915,2.1060793233699999
3.3100000000000001,2.5346237781999998,2.8053966781000002,0.42904367888,0.42761003228,0.27077289990000031,2.10558009932,2.1070137459199998
3.3109999999999999,2.5379103688,2.8083088063999999,0.43140788257000001,0.42996516187,0.27039843759999993,2.1065024862300001,2.1079452069300002
3.3119999999999998,2.5411978004,2.8112237662999999,0.4337759303,0.43232410368000002,0.27002596589999994,2.1074218701,2.1088736967199999
3.3130000000000002,2.5444860415999999,2.8141414801,0.43614779992000002,0.43468683541999997,0.26965543850000007,2.1083382416799998,2.1097992061799999
3.3140000000000001,2.5477750604999998,2.8170618567000001,0.43852346924000002,0.43705333475000002,0.26928679620000029,2.1092515912599996,2.1107217257499999
3.3149999999999999,2.5510648253000001,2.8199847870000001,0.44090291612999999,0.43942357947999999,0.26891996169999999,2.1101619091700003,2.11164124582
3.3159999999999998,2.5543553043,2.8229101354999999,0.44328611835999998,0.44179754728999998,0.2685548311999999,2.1110691859399999,2.1125577570100003
3.3170000000000002,2.5576464654,2.8258377273000002,0.44567305389,0.44417521598999998,0.2681912619000002,2.1119734115100002,2.1134712494099999
3.3180000000000001,2.5609382767,2.8287673217,0.44806370055,0.44655656323999998,0.26782904500000004,2.1128745761499999,2.1143817134599998
3.319,2.564230706,2.8316985540999999,0.45045803618000002,0.44894156689999998,0.26746784809999991,2.1137726698199999,2.1152891391000002
3.3199999999999998,2.5675237213000002,2.8346307619000002,0.45285603874000002,0.45133020467000001,0.26710704060000001,2.1146676825600004,2.1161935166300001
3.3210000000000002,2.5708172902999999,2.8375312823000001,0.45525768607,0.45372245436000003,0.26671399200000012,2.11555960423,2.1170948359399997
3.3220000000000001,2.5741113806999998,2.8404291501999999,0.45766295611000002,0.45611829372000001,0.26631776950000008,2.1164484245899997,2.1179930869799999
3.323,2.5774059601000001,2.8433286140999998,0.46007182672000002,0.45851770054000002,0.2659226539999997,2.11733413338,2.1188882595600003
3.3239999999999998,2.580700996,2.8462300532000002,0.46248427588000002,0.46092065260999998,0.2655290572000002,2.11821672012,2.11978034339
3.3250000000000002,2.5839964559999999,2.8491337049999998,0.46490028148000001,0.46332712774000001,0.26513724899999991,2.1190961745200001,2.12066932826
3.3260000000000001,2.5872923073999998,2.8520397338999999,0.46731982150000001,0.46573710375999999,0.26474742650000005,2.1199724859,2.1215552036399998
3.327,2.5905885175000001,2.8549482608000001,0.46974287379000002,0.46815055839000003,0.26435974330000001,2.1208456437100001,2.12243795911
3.3279999999999998,2.5938850535000002,2.8578593788000002,0.47216941642999999,0.47056746953,0.26397432529999998,2.1217156370700003,2.12331758397
3.3290000000000002,2.5971818825000001,2.8607731611,0.47459942723999998,0.47298781487000002,0.26359127859999987,2.1225824552600003,2.12419406763
3.3300000000000001,2.6004789715999999,2.8636896669,0.47703288426000001,0.47541157234999998,0.26321069530000019,2.1234460873399996,2.1250673992499998
3.331,2.6037762877000001,2.8666089446999998,0.47946976544999997,0.47783871983999998,0.26283265699999969,2.1243065222500004,2.1259375678600003
3.3319999999999999,2.6070737976,2.8695310349000001,0.48191004879999999,0.48026923497000001,0.26245723730000003,2.1251637487999999,2.1268045626299998
3.3330000000000002,2.6103714681999999,2.8724559712,0.48435371226000001,0.48270309573999998,0.26208450300000008,2.12601775594,2.1276683724600001
3.3340000000000001,2.613669266,2.8753837822000001,0.48680073379,0.48514027990000003,0.26171451620000008,2.1268685322100001,2.1285289861000001
3.335,2.6169671578,2.8783144920999999,0.48925109145000001,0.4875807653,0.2613473342999999,2.1277160663500001,2.1293863924999998
3.3359999999999999,2.6202651099000001,2.8812481214000001,0.49170476319,0.49002452982,0.26098301150000003,2.1285603467100001,2.1302405800800002
3.3370000000000002,2.6235630886000001,2.8841846876999999,0.49416172703,0.49247155124000003,0.26062159909999982,2.1294013615700003,2.1310915373600001
3.3380000000000001,2.6268610604,2.8871242060000002,0.49662196099,0.49492180743000003,0.26026314560000019,2.1302390994099998,2.1319392529700001
3.339,2.6301589912000001,2.8900666891000002,0.49908544303000002,0.49737527627,0.25990769790000012,2.1310735481699998,2.13278371493
3.3399999999999999,2.6334568473000002,2.8930121475999999,0.50155215120999996,0.49983193552999999,0.25955530029999974,2.1319046960900003,2.1336249117700001
3.3410000000000002,2.6367545945000002,2.8959605909000001,0.50402206348,0.50229176310000001,0.25920599639999997,2.1327325310200003,2.1344628314
3.3420000000000001,2.6400521986999999,2.8989120265000001,0.50649515796,0.50475473685000005,0.25885982780000028,2.13355704074,2.1352974618499996
3.343,2.6433496257,2.9018664608,0.50897141260000001,0.50722083456,0.25851683510000001,2.1343782130999998,2.13612879114
3.3439999999999999,2.6466468409999999,2.9048238990000002,0.51145080545999999,0.50969003413000002,0.25817705800000024,2.1351960355399999,2.1369568068699998
3.3450000000000002,2.6499438100999999,2.9077843452000001,0.51393331457000002,0.51216231337999996,0.25784053510000016,2.1360104955299999,2.1377814967199997
3.3460000000000001,2.6532404985000002,2.9107478026,0.51641891794000006,0.51463765019999996,0.25750730409999978,2.1368215805600004,2.1386028483000001
3.347,2.6565368714000002,2.9137142735000001,0.51890759365000005,0.51711602236999998,0.25717740209999995,2.1376292777500003,2.1394208490300004
3.3479999999999999,2.6598328939,2.9166837597000002,0.52139931968999997,0.51959740773999996,0.25685086580000016,2.13843357421,2.1402354861599999
3.3490000000000002,2.6631285311999999,2.9196562619000002,0.52389407404999999,0.52208178418999995,0.25652773070000023,2.1392344571499997,2.1410467470099999
3.3500000000000001,2.6664237479000001,2.9226317804000002,0.52639183486999996,0.52456912956000001,0.25620803250000002,2.1400319130300001,2.14185461834
3.351,2.669718509,2.9256103149000001,0.52889258016999996,0.52705942167999997,0.25589180590000016,2.14082592883,2.1426590873200002
3.3519999999999999,2.6730127791,2.9285918646,0.53139628795000005,0.52955263839,0.25557908549999997,2.1416164911499997,2.1434601407100002
3.3530000000000002,2.6763065226,2.9315764281000001,0.53390293626999996,0.53204875745000002,0.25526990550000006,2.1424035863299999,2.1442577651499999
3.3540000000000001,2.6795997040000001,2.9345640034999998,0.53641250319,0.53454775676999999,0.25496429949999966,2.1431872008099999,2.1450519472300003
3.355,2.6828922874000001,2.9375545887999999,0.53892496672000001,0.53704961412999996,0.25466230139999979,2.1439673206799998,2.1458426732700002
3.3559999999999999,2.6861842369,2.9405481812000001,0.54144030490999995,0.53955430739999999,0.25436394430000009,2.1447439319899999,2.1466299295
3.3570000000000002,2.6894755165999999,2.9435447778000001,0.54395849581,0.5420618143,0.25406926120000017,2.1455170207899998,2.1474137022999997
3.3580000000000001,2.6927660901000001,2.9465443753999998,0.54647951747000001,0.54457211272999995,0.25377828529999968,2.1462865726300002,2.1481939773700001
3.359,2.6960559211000001,2.9495469704000001,0.54900334789000005,0.54708518045999999,0.25349104929999999,2.1470525732099999,2.1489707406400003
3.3599999999999999,2.6993449732000001,2.9525525587999999,0.55152996512999997,0.54960099525999995,0.25320758559999978,2.1478150080700003,2.1497439779400001
3.3610000000000002,2.7026332096000001,2.9555611366000001,0.55405934720000005,0.55211953497999999,0.252927927,2.1485738624000001,2.15051367462
3.3620000000000001,2.7059205936000001,2.9585726993999999,0.55659147216000004,0.55464077736999995,0.25265210579999975,2.1493291214400001,2.1512798162300002
3.363,2.7092070880999999,2.9615872424999998,0.55912631803000001,0.55716470018999997,0.25238015439999995,2.1500807700699998,2.1520423879099999
3.3639999999999999,2.7124926559999998,2.9646047609999999,0.56166386282000003,0.55969128127000001,0.25211210500000014,2.1508287931799996,2.1528013747299997
3.3650000000000002,2.7157772600999999,2.9676252500000002,0.56420408456000004,0.56222049827999998,0.25184798990000035,2.1515731755399998,2.15355676182
3.3660000000000001,2.7190608628000001,2.9706487040999998,0.56674696126000002,0.56475232906999995,0.25158784129999967,2.1523139015400004,2.1543085337300001
3.367,2.7223434264000002,2.9736751181000001,0.56929247094000002,0.56728675132999995,0.25133169169999992,2.1530509554600004,2.15505667507
3.3679999999999999,2.7256249131999999,2.9767044861,0.5718405916,0.56982374283000004,0.25107957290000016,2.1537843215999999,2.1558011703699997
3.3690000000000002,2.7289052851000002,2.9797368025000002,0.57439130126000004,0.57236328131000003,0.25083151739999998,2.1545139838400003,2.1565420037900003
3.3700000000000001,2.7321845039000001,2.9827720614,0.57694457788999998,0.57490534445999997,0.25058755749999984,2.1552399260100001,2.1572791594400003
3.371,2.7354625313000001,2.9858102566000002,0.57950039947999998,0.57744991002000001,0.25034772530000016,2.15596213182,2.1580126212800002
3.3719999999999999,2.7387393286999999,2.9888513818,0.58205874402000002,0.57999695564999998,0.25011205310000006,2.1566805846800001,2.1587423730499999
3.3730000000000002,2.7420148572,2.9918954309000001,0.58461958954000004,0.58254645909000002,0.24988057370000005,2.1573952676600001,2.15946839811
3.3740000000000001,2.7452890779999999,2.9949423971,0.58718291399,0.58509839800999996,0.2496533191000001,2.1581061640099999,2.1601906799899999
3.375,2.7485619519000002,2.9979922741,0.58974869528999996,0.58765275003999995,0.24943032219999983,2.1588132566100002,2.16090920186
3.3759999999999999,2.7518334393999999,3.0010450550000001,0.59231691146999998,0.59020949285000002,0.24921161560000016,2.1595165279300002,2.1616239465499998
3.3769999999999998,2.7551035009999998,3.0041007332,0.59488754041000003,0.59276860409999999,0.24899723220000025,2.1602159605899995,2.1623348969
3.3780000000000001,2.7583720969000001,3.0071593015000002,0.59746056013000004,0.5953300614,0.24878720460000014,2.16091153677,2.1630420355000002
3.379,2.7616391871000001,3.0102207532,0.60003594855999998,0.59789384236999998,0.24858156609999993,2.1616032385400001,2.1637453447300001
3.3799999999999999,2.7649047312000001,3.0132850809999998,0.60261368355,0.60045992466999998,0.24838034979999968,2.1622910476500001,2.1644448065300002
3.3809999999999998,2.7681686889999999,3.0163522777999998,0.60519374312999996,0.60302828577000001,0.24818358879999991,2.1629749458699998,2.1651404032299997
3.3820000000000001,2.7714310195,3.0194223363999999,0.60777610513000002,0.60559890335,0.24799131689999987,2.1636549143699999,2.1658321161499998
3.383,2.7746916817999998,3.0224952493999999,0.61036074748000002,0.60817175489999997,0.24780356760000011,2.1643309343199997,2.1665199268999999
3.3839999999999999,2.7779506346999998,3.0255710096000001,0.61294764808000002,0.61074681803999997,0.24762037490000033,2.1650029866199998,2.1672038166599998
3.3849999999999998,2.7812078364000001,3.0286496092999999,0.61553678480999996,0.61332407025000002,0.2474417728999998,2.1656710515900004,2.1678837661500001
3.3860000000000001,2.784463245,3.0317310411,0.61812813555000001,0.61590348897000002,0.24726779610000005,2.1663351094499999,2.1685597560300001
3.387,2.7877168183999999,3.0348152974999998,0.62072167808000001,0.61848505176000002,0.24709847909999993,2.1669951403200001,2.1692317666399998
3.3879999999999999,2.7909685138999998,3.0379023707999999,0.62331739037,0.62106873613000002,0.24693385690000014,2.1676511235299998,2.1698997777699995
3.3889999999999998,2.7942182889999998,3.0409922533999998,0.62591525017000005,0.62365451947999995,0.24677396439999999,2.1683030388299995,2.1705637695199997
3.3900000000000001,2.7974661006999999,3.0440849375000001,0.62851523534999998,0.62624237930000004,0.24661883680000019,2.1689508653499998,2.1712237213999996
3.391,2.8007119055,3.0471804155000002,0.63111732371999996,0.62883229293999998,0.24646851000000014,2.1695945817800002,2.1718796125600002
3.3919999999999999,2.8039556599000002,3.0502786793999999,0.63372149303000003,0.63142423785000001,0.24632301949999968,2.1702341668700003,2.17253142205
3.3929999999999998,2.8071973201999998,3.0533797214999998,0.63632772112000002,0.63401819141000004,0.24618240130000002,2.1708695990799995,2.1731791287899997
3.3940000000000001,2.8104368419000001,3.0564835337999998,0.63893598572999999,0.63661413091999997,0.24604669189999973,2.1715008561700002,2.1738227109800001
3.395,2.8136741807000001,3.0595901085000001,0.64154626461999997,0.63921203379000002,0.24591592780000004,2.17212791608,2.1744621469099998
3.3959999999999999,2.8169092918,3.0626994376000001,0.64415853557000002,0.64181187728,0.24579014580000003,2.1727507562300001,2.1750974145200002
3.3969999999999998,2.8201421298999998,3.0658115129999999,0.64677277624999996,0.64441363878000002,0.24566938310000008,2.1733693536500001,2.1757284911199997
3.3980000000000001,2.8233726497,3.0689263262000002,0.64938896438000004,0.64701729533999996,0.24555367650000015,2.1739836853200001,2.17635535436
3.399,2.8266008053,3.0720438685000002,0.65200707768999999,0.64962282441999997,0.2454430632000002,2.17459372761,2.1769779808800003
3.3999999999999999,2.8298265504,3.0751641312000002,0.65462709384999995,0.65223020316000002,0.24533758080000023,2.1751994565500001,2.1775963472399997
3.4009999999999998,2.8330498386,3.0782871055999999,0.65724899051999996,0.65483940875000002,0.24523726699999981,2.1758008480800002,2.17821042985
3.4020000000000001,2.8362706228999999,3.0814127828000002,0.65987274530999995,0.65745041838999996,0.24514215990000032,2.1763978775899999,2.17882020451
3.403,2.839488856,3.0845411540000001,0.66249833591999996,0.66006320920999995,0.24505229800000006,2.1769905200799999,2.1794256467899999
3.4039999999999999,2.8427044902,3.0876722105000001,0.66512573984000001,0.66267775830999998,0.24496772030000002,2.1775787503599999,2.18002673189
3.4049999999999998,2.8459174773,3.0908059432999999,0.66775493480000003,0.66529404281000004,0.24488846599999992,2.1781625425,2.1806234344900002
3.4060000000000001,2.8491277688999999,3.0939423436000002,0.67038589831999995,0.66791203973000002,0.24481457470000034,2.1787418705799997,2.1812157291699998
3.407,2.8523353159,3.0970814025000002,0.67301860785000001,0.67053172618000001,0.24474608660000019,2.17931670805,2.1818035897199999
3.4079999999999999,2.8555400687999999,3.1002231109,0.67565304107000002,0.67315307907999999,0.24468304210000014,2.17988702773,2.1823869897199999
3.4089999999999998,2.8587419778999998,3.1033674599999999,0.67828917543,0.67577607546999996,0.24462548210000001,2.1804528024699996,2.1829659024299999
3.4100000000000001,2.8619409927000001,3.1065144406999998,0.68092698841999999,0.67840069228,0.24457344799999969,2.1810140042800001,2.1835403004200002
3.411,2.8651370624000001,3.1096640442000001,0.6835664575,0.68102690643999997,0.24452698179999999,2.1815706049000001,2.18411015596
3.4119999999999999,2.8683301354999999,3.1128162611999999,0.68620756015999995,0.68365469474999996,0.24448612569999995,2.1821225753400002,2.18467544075
3.4129999999999998,2.8715201602999998,3.1159710828999998,0.68885027379999997,0.68628403417999995,0.24445092260000001,2.1826698864999998,2.18523612612
3.4140000000000001,2.8747070841000002,3.1191285002,0.69149457579999996,0.68891490146000001,0.24442141609999979,2.1832125083000005,2.1857921826400002
3.415,2.8778908540999999,3.1222885040000001,0.69414044359000004,0.69154727343,0.24439764990000024,2.1837504105100001,2.18634358067
3.4159999999999999,2.8810714165000002,3.1254510851999999,0.69678785446000002,0.69418112687,0.24437966869999972,2.1842835620400001,2.18689028963
3.4169999999999998,2.8842487172000002,3.1286162346999999,0.69943678581000002,0.69681643832999995,0.24436751749999974,2.1848119313900001,2.1874322788700002
3.4180000000000001,2.8874227012999998,3.1317839433999999,0.70208721491000003,0.69945318468999995,0.2443612421000001,2.1853354863899996,2.1879695166099999
3.419,2.8905933131000001,3.1349542021999999,0.70473911906999998,0.70209134251000005,0.24436088909999976,2.18585419403,2.18850197059
3.4199999999999999,2.8937604966000001,3.1381270020000001,0.70739247554999996,0.70473088834999997,0.24436650539999993,2.1863680210500003,2.1890296082500003
3.4209999999999998,2.8969241947,3.1413023337000001,0.71004726149999997,0.70737179892000002,0.24437813900000016,2.1868769331999998,2.1895523957799998
3.4220000000000002,2.9000843498000002,3.1444801880000002,0.71270345425000003,0.71001405056,0.24439583819999999,2.18738089555,2.1900702992400003
3.423,2.9032409033,3.1476605558999999,0.71536103086000002,0.71265761990999998,0.24441965259999998,2.1878798724399999,2.1905832833900001
3.4239999999999999,2.9063937958000001,3.1508434281,0.71801996856000005,0.71530248336000002,0.24444963229999983,2.18837382724,2.1910913124400002
3.4249999999999998,2.9095429673000002,3.1540287954999999,0.72068024446000001,0.71794861740000004,0.24448582819999976,2.1888627228400002,2.1915943498999999
3.4260000000000002,2.9126883563999999,3.1572166489,0.72334183566999999,0.72059599822999998,0.24452829250000008,2.18934652073,2.19209235817
3.427,2.9158299011,3.1604069790999998,0.72600471919999998,0.72324460231999999,0.24457707799999984,2.1898251818999999,2.1925852987800001
3.4279999999999999,2.9189675383,3.1635997767999999,0.72866887207999997,0.72589440591999999,0.24463223849999993,2.1902986662199999,2.1930731323799999
3.4289999999999998,2.9221012038,3.1667950329000001,0.73133427139999996,0.72854538527000001,0.24469382910000004,2.1907669323999999,2.1935558185300001
3.4300000000000002,2.9252308322,3.1699927381999999,0.73400089407000002,0.73119751658999999,0.24476190599999992,2.1912299381300002,2.19403331561
3.431,2.9283563570000002,3.1731928833,0.73666871705000003,0.73385077596000003,0.24483652629999986,2.19168763995,2.19450558104
3.4319999999999999,2.9314777102999998,3.1763954592000001,0.73933771726999997,0.73650513957999997,0.24491774890000029,2.1921399930299996,2.1949725707200001
3.4329999999999998,2.9345948228999998,3.1796004564999998,0.74200787166000004,0.73916058342000002,0.24500563359999994,2.19258695124,2.1954342394799999
3.4340000000000002,2.9377076241000002,3.1828078661000001,0.74467915686999997,0.74181708351999998,0.24510024199999991,2.1930284672300004,2.1958905405800002
3.4350000000000001,2.9408160415000002,3.1860176785999998,0.74735154990999997,0.74447461588999997,0.24520163709999965,2.1934644915900003,2.19634142561
3.4359999999999999,2.9439200012,3.189229885,0.7500250275,0.74713315633999999,0.24530988380000007,2.1938949737,2.1967868448600001
3.4369999999999998,2.9470194273999999,3.1924444757999999,0.75269956645000002,0.74979268084999995,0.24542504840000001,2.1943198609499999,2.1972267465500002
3.4380000000000002,2.9501142423000002,3.195661442,0.75537514334,0.75245316510000004,0.24554719969999983,2.1947390989600004,2.1976610772000003
3.4390000000000001,2.9532043659,3.1988807742000001,0.75805173493,0.75511458497999995,0.24567640830000004,2.19515263097,2.1980897809200002
3.4399999999999999,2.9562897159000001,3.2021024632000001,0.76072931786999998,0.75777691605999997,0.24581274730000002,2.19556039803,2.19851279984
3.4409999999999998,2.9593702074000001,3.2053264996999999,0.76340786878,0.7604401341,0.24595629229999982,2.1959623386200002,2.1989300733000001
3.4420000000000002,2.9624457526999999,3.2085528746,0.76608736415000001,0.76310421465,0.24610712190000017,2.1963583885499998,2.1993415380499997
3.4430000000000001,2.9655162608999999,3.2117815785000001,0.76876778061999995,0.76576913326999996,0.24626531760000026,2.1967484802800001,2.1997471276299998
3.444,2.9685816376999998,3.2150126021999998,0.77144909457999999,0.76843486541999995,0.24643096450000002,2.1971325431199999,2.2001467722800001
3.4449999999999998,2.9716417850000001,3.2182459364999998,0.77413128256999997,0.77110138649000004,0.2466041514999997,2.1975105024300001,2.2005403985100003
3.4460000000000002,2.9746966001000001,3.2214815722000001,0.77681432095000003,0.77376867190999998,0.24678497209999994,2.1978822791499999,2.20092792819
3.4470000000000001,2.9777459755,3.2247194999,0.77949818612999999,0.77643669696999995,0.24697352439999998,2.1982477893699999,2.2013092785300001
3.448,2.980789798,3.2279597105,0.78218285445000002,0.77910543689,0.24716991249999998,2.1986069435499997,2.2016843611099999
3.4489999999999998,2.9838279483000001,3.2312021947999998,0.78486830218000003,0.78177486687999997,0.24737424649999973,2.1989596461200001,2.2020530814199999
3.4500000000000002,2.9868602990999999,3.2344469434000001,0.78755450561999996,0.78444496205000003,0.2475866443000001,2.1993057934799998,2.2024153370499997
3.4510000000000001,2.9898867147999999,3.2376939472999999,0.79024144094000004,0.78711569747999999,0.24780723250000003,2.1996452738599999,2.2027710173199999
3.452,2.9929070492999998,3.2409431971,0.79292908433999998,0.78978704807,0.24803614780000016,2.19997796496,2.2031200012299998
3.4529999999999998,2.995921144,3.2441946836,0.79561741195000002,0.79245898883999999,0.24827353959999998,2.2003037320500001,2.20346215516
3.4540000000000002,2.9989288257000002,3.2474483976999999,0.79830639985999996,0.79513149465999999,0.24851957199999974,2.2006224258400002,2.2037973310400001
3.4550000000000001,3.0019299022000001,3.2507043301,0.80099602411000004,0.79780454029000003,0.24877442789999993,2.2009338780899999,2.2041253619100001
3.456,3.0049241583000001,3.2539624716,0.80368626069000004,0.80047810041,0.24903831329999981,2.20123789761,2.2044460578900003
3.4569999999999999,3.0079113487,3.2572228129999998,0.80637708557999999,0.80315214974000004,0.24931146429999984,2.2015342631200001,2.2047591989599997
3.4580000000000002,3.0108911884,3.2604853451000002,0.80906847467999998,0.80582666286000004,0.24959415670000018,2.2018227137199999,2.2050645255400001
3.4590000000000001,3.0138633376000001,3.2637500587999999,0.81176040386000003,0.80850161424,0.24988672119999977,2.20210293374,2.2053617233600002
3.46,3.0168273785999999,3.2670169446999999,0.81445284893000003,0.81117697830000002,0.25018956609999998,2.2023745296700001,2.2056504002999997
3.4609999999999999,3.0197827733999998,3.2702859939,0.81714578567999996,0.81385272950999998,0.25050322050000018,2.2026369877200001,2.2059300438899996
3.4620000000000002,3.0227287814000001,3.2735571970000001,0.81983918982000004,0.81652884208999998,0.25082841560000002,2.20288959158,2.2061999393100002
3.4630000000000001,3.0256642787999999,3.2768305448000001,0.82253303702000002,0.81920529009999998,0.25116626600000025,2.20313124178,2.2064589886999997
3.464,3.0285871968999998,3.2801060284000001,0.82522730295000002,0.82188204797999997,0.25151883150000032,2.2033598939499996,2.2067051489199998
3.4649999999999999,1.9530786293,3.2833836384000001,0.82792196315,0.82455908949000001,1.3303050091000002,1.1251566661500001,1.1285195398100001
3.4660000000000002,1.9551335644000001,3.2866633657,0.83061699318000004,0.82723638880000006,1.3315298012999999,1.12451657122,1.1278971756
3.4670000000000001,1.9571863827,3.2899452012000001,0.83331236850000001,0.82991391973999995,1.3327588185000001,1.1238740142000001,1.1272724629600002
3.468,1.9592370473,3.2932291356999999,0.83600806451999998,0.83259165612999997,1.3339920883999998,1.1232289827800002,1.1266453911700001
3.4689999999999999,1.9612855212,3.2965151600000002,0.83870405670000003,0.83526957159000004,1.3352296388000002,1.1225814645000001,1.12601594961
3.4700000000000002,1.9633317670999999,3.2998032652,0.84140032029,0.83794763988999998,1.3364714981000001,1.1219314468099999,1.1253841272099998
3.4710000000000001,1.9653757481,3.3030934419000002,0.84409683060999996,0.84062583448999995,1.3377176938000002,1.1212789174900002,1.1247499136100001
3.472,1.9674174267,3.3063856812000001,0.84679356287999996,0.84330412892999995,1.3389682545000001,1.1206238638200001,1.1241132977700001
3.4729999999999999,1.9694567654999999,3.3096799737999998,0.84949049225999995,0.84598249653000002,1.3402232082999999,1.11996627324,1.1234742689699999
3.4740000000000002,1.9714937269999999,3.3129763106999999,0.85218759388999998,0.84866091058000004,1.3414825837,1.1193061331099998,1.1228328164199999
3.4750000000000001,1.9735282734999999,3.3162746829,0.85488484281999999,0.85133934428000002,1.3427464094000001,1.1186434306799999,1.12218892922
3.476,1.9755603671999999,3.3195750811,0.85758221406000001,0.85401777071999996,1.3440147139,1.1179781531399999,1.1215425964799999
3.4769999999999999,1.9775899705,3.3228774962999998,0.86027968258999998,0.85669616289999995,1.3452875257999999,1.1173102879100001,1.1208938075999999
3.4780000000000002,1.9796170452999999,3.3261819195000002,0.86297722325000004,0.85937449374999997,1.3465648742000003,1.1166398220499998,1.1202425515500001
3.4790000000000001,1.9816415536,3.3294883414999998,0.86567481095999999,0.86205273603999999,1.3478467878999998,1.11596674264,1.1195888175599999
3.48,1.9836634572,3.3327967532999998,0.86837242044999996,0.86473086249999997,1.3491332960999998,1.11529103675,1.1189325946999999
3.4809999999999999,1.9856827182000001,3.3361071458999998,0.87107002649999998,0.86740884568999999,1.3504244276999997,1.1146126917000001,1.1182738725100001
3.4820000000000002,1.9876992980999999,3.3394195100999999,0.87376760376999996,0.87008665812999997,1.351720212,1.1139316943299999,1.1176126399699999
3.4830000000000001,1.9897131585000001,3.3427338369999999,0.87646512686,0.87276427226999997,1.3530206784999999,1.11324803164,1.1169488862300001
3.484,1.9917242610999999,3.3460501174999999,0.87916257036000001,0.87544166035000004,1.3543258564,1.1125616907399998,1.11628260075
3.4849999999999999,1.9937325672999999,3.3493683427000001,0.88185990870999997,0.87811879456999997,1.3556357754000001,1.1118726585899998,1.11561377273
3.4860000000000002,1.9957380385000001,3.3526885034,0.88455711642000001,0.88079564702000002,1.3569504648999999,1.11118092208,1.1149423914800001
3.4870000000000001,1.9977406362000001,3.3560105907,0.88725416784,0.88347218965999996,1.3582699544999999,1.11048646836,1.1142684465400001
3.488,1.9997403214,3.3593345955,0.88995103730000003,0.88614839438000004,1.3595942741,1.1097892841000001,1.1135919270199999
3.4889999999999999,2.0017370556,3.3626605088999999,0.89264769907999997,0.88882423282,1.3609234532999999,1.1090893565200002,1.11291282278
3.4900000000000002,2.0037307999,3.3659883219000002,0.89534412733000002,0.89149967669999997,1.3622575220000002,1.10838667257,1.1122311231999999
3.4910000000000001,2.0057215154999999,3.3693180255000001,0.89804029625000004,0.89417469748,1.3635965100000003,1.1076812192499998,1.1115468180199999
3.492,2.0077091632999999,3.3726496105999999,0.90073617988999999,0.89684926659999997,1.3649404473,1.1069729834099999,1.1108598967000001
3.4929999999999999,2.0096937048000001,3.3759830684000001,0.90343175226000005,0.89952335525000005,1.3662893636,1.1062619525400001,1.1101703495500002
3.4940000000000002,2.0116751005000002,3.3793183897999999,0.90612698733999997,0.90219693466999995,1.3676432892999997,1.1055481131600002,1.1094781658300001
3.4950000000000001,2.0136533118000002,3.3826555659999999,0.90882185902000001,0.90486997577999995,1.3690022541999998,1.1048314527800001,1.1087833360200001
3.496,2.0156282995999999,3.3859945879,0.91151634108000001,0.90754244949999996,1.3703662883000001,1.1041119585199999,1.1080858500999999
3.4969999999999999,2.0176000249000001,3.3893354467000001,0.91421040733000003,0.91021432666000002,1.3717354218,1.10338961757,1.1073856982400001
3.4980000000000002,2.0195684486999999,3.3926781333,0.91690403146999999,0.91288557791000002,1.3731096846000002,1.1026644172299997,1.1066828707899998
3.4990000000000001,2.0215335319999999,3.3960226389999999,0.91959718716000005,0.91555617353999996,1.374489107,1.1019363448399999,1.1059773584599999
3.5,2.0234952358,3.3993689547999999,0.92228984791000002,0.91822608423999996,1.3758737189999999,1.1012053878899999,1.1052691515599999
3.5009999999999999,2.0254535210000002,3.4027170719000002,0.92498198728000003,0.92089527994999998,1.3772635509,1.1004715337200002,1.1045582410500003
3.5019999999999998,2.0274083487999999,3.4060669812,0.9276735787,0.92356373087999999,1.3786586324000001,1.0997347701,1.1038446179199999
3.5030000000000001,2.0293596802999998,3.4094186740999999,0.93036459559999996,0.92623140702999995,1.3800589938000001,1.0989950846999998,1.1031282732699998
3.504,2.0313074764999999,3.4127721415000001,0.93305501115,0.92889827821000004,1.3814646650000002,1.0982524653499999,1.1024091982899997
3.5049999999999999,2.0332516986,3.4161273746999998,0.93574479873000005,0.93156431397999995,1.3828756760999998,1.0975068998699999,1.1016873846199999
3.5059999999999998,2.0351923078,3.4194843645000002,0.93843393147999998,0.93422948397000005,1.3842920567000001,1.09675837632,1.10096282383
3.5070000000000001,2.0371292653999999,3.4228431011999998,0.94112238251000002,0.93689375747000003,1.3857138357999998,1.0960068828899998,1.1002355079299999
3.508,2.0390625327,3.4262035752000002,0.94381012489000005,0.93955710380000002,1.3871410425000001,1.0952524078099999,1.0995054289000001
3.5089999999999999,2.0409920710999998,3.4295657767000001,0.94649713161000004,0.94221949184999998,1.3885737056000003,1.0944949394899997,1.0987725792499998
3.5099999999999998,2.0429178422000001,3.4329296962,0.94918337545999998,0.94488089074000003,1.3900118539999999,1.09373446674,1.0980369514600001
3.5110000000000001,2.0448398075999998,3.4362953241,0.95186882943999995,0.94754126903000002,1.3914555165000002,1.0929709781599999,1.0972985385699998
3.512,2.046757929,3.4396626505999999,0.95455346626000004,0.95020059535000001,1.3929047215999999,1.0922044627399998,1.0965573336499999
3.5129999999999999,2.0486721683,3.4430316662,0.95723725865999998,0.95285883820999995,1.3943594979,1.09143490964,1.0958133300899999
3.5139999999999998,2.0505824874999998,3.4464023613000001,0.95992017928999995,0.95551596580999998,1.3958198738000003,1.0906623082099998,1.0950665216899997
3.5150000000000001,2.0524888485999999,3.4497747263999998,0.96260220064000002,0.95817194622000001,1.3972858777999999,1.0898866479599998,1.0943169023799999
3.516,2.0543912139999998,3.4531487517000001,0.96528329532000001,0.96082674739999996,1.3987575377000003,1.0891079186799999,1.0935644665999997
3.5169999999999999,2.0562895459999999,3.4565244278999998,0.96796343571999999,0.96348033703000002,1.4002348818999999,1.0883261102799999,1.0928092089699999
3.5179999999999998,2.0581838072999998,3.4599017451999998,0.97064259420999999,0.96613268276999997,1.4017179379,1.0875412130899997,1.0920511245299998
3.5190000000000001,2.0600739608,3.4632806942999999,0.97332074313000005,0.96878375187999999,1.4032067334999998,1.0867532176700001,1.0912902089200001
3.52,2.0619599692000001,3.4666612656,0.97172433637,0.96628111541999995,1.4047012963999999,1.0902356328300002,1.0956788537800002
3.5209999999999999,2.0638417959000002,3.4700434494999999,0.97437431339000002,0.96893166841,1.4062016535999997,1.0894674825100001,1.0949101274900002
3.5219999999999998,2.0657194042999998,3.4734272366000001,0.97702292080999997,0.97158083704999998,1.4077078323000003,1.0886964834899997,1.0941385672499999
3.5230000000000001,2.067592758,3.4768126173999998,0.97967012522999997,0.97422858530000001,1.4092198593999998,1.08792263277,1.0933641726999999
3.524,2.0694618208,3.4801995823,0.98231589295999999,0.97687487684999996,1.4107377615000001,1.08714592784,1.09258694395
3.5249999999999999,2.0713265569999999,3.4835881218,0.98496019031000004,0.97951967524000005,1.4122615648000001,1.0863663666899999,1.0918068817599997
3.5259999999999998,2.0731869306999999,3.4869782265999998,0.98760298326999996,0.98216294377000002,1.4137912958999999,1.08558394743,1.0910239869299998
3.5270000000000001,2.0750429067999998,3.4903698871,0.99024423759000002,0.98480464546000002,1.4153269803000001,1.0847986692099998,1.0902382613399997
3.528,2.0768944500000002,3.4937630940000002,0.99288391879000004,0.98744474322999998,1.416868644,1.0840105312100001,1.0894497067700002
3.5289999999999999,2.0787415257999999,3.4971578379000001,0.99552199236000005,0.99008319970000003,1.4184163121000002,1.0832195334399999,1.0886583261
3.5299999999999998,2.0805840995999998,3.5005541092999999,0.99815842338000005,0.99271997715000004,1.4199700097000001,1.0824256762199997,1.0878641224499996
3.5310000000000001,2.0824221372,3.503951899,1.0007931768,0.99535503787000001,1.4215297618,1.0816289604,1.08706709933
3.532,2.0842556049000001,3.5073511974999998,1.0034262173999999,0.99798834378000001,1.4230955925999997,1.0808293875000001,1.0862672611200002
3.5329999999999999,2.0860844690999998,3.5107519955000002,1.0060575094999999,1.0006198565,1.4246675264000004,1.0800269595999998,1.0854646125999998
3.5339999999999998,2.0879086969,3.5141542836999999,1.0086870175,1.0032495375999999,1.4262455867999999,1.0792216794,1.0846591593000001
3.5350000000000001,2.0897282551999998,3.5175580529000001,1.0113147053,1.0058773482000001,1.4278297977000003,1.0784135498999998,1.0838509069999998
3.536,2.0915431118000001,3.5209632937999999,1.0139405368000001,1.0085032492999999,1.4294201819999999,1.077602575,1.0830398625000002
3.5369999999999999,2.0933532345999999,3.524369997,1.0165644755000001,1.0111272014999999,1.4310167624000001,1.0767887590999998,1.0822260331
3.5379999999999998,2.0951585920000002,3.5277781534999999,1.0191864846000001,1.0137491654999999,1.4326195614999997,1.0759721074000002,1.0814094265000003
3.5390000000000001,2.0969591527999998,3.5311877539999998,1.0218065272000001,1.0163691011,1.4342286012000001,1.0751526255999997,1.0805900516999998
3.54,2.098754886,3.5345987891999999,1.0244245662,1.0189869685999999,1.4358439031999999,1.0743303198,1.0797679174000001
3.5409999999999999,2.1005457613999998,3.5380112501999998,1.027040564,1.0216027274999999,1.4374654888,1.0735051973999998,1.0789430338999999
3.5419999999999998,2.1023317489000002,3.5414251276000002,1.0296544828,1.0242163370999999,1.4390933787,1.0726772661000001,1.0781154118000003
3.5430000000000001,2.104112819,3.5448404126000002,1.0322662847999999,1.0268277566999999,1.4407275936000001,1.0718465342000001,1.0772850623000001
3.544,2.1058889425,3.5482570957999999,1.0348759315,1.0294369449,1.4423681532999999,1.071013011,1.0764519976
3.5449999999999999,2.1076600907,3.5516751683000001,1.0374833845,1.0320438605,1.4440150776,1.0701767062,1.0756162302000001
3.5459999999999998,2.1094262355,3.5550946209999998,1.040088605,1.0346484616,1.4456683854999999,1.0693376305,1.0747777739
3.5470000000000002,2.1111873490000002,3.5585154448999998,1.0426915536000001,1.0372507062,1.4473280958999997,1.0684957954000001,1.0739366428000001
3.548,2.1129434040000001,3.5619376311000002,1.0452921910999999,1.0398505518000001,1.4489942271,1.0676512129000002,1.0730928522000001
3.5489999999999999,2.1146943735999999,3.5653611706000001,1.0478904777,1.0424479561,1.4506667970000002,1.0668038958999999,1.0722464174999999
3.5499999999999998,2.1164402314999999,3.5687860543999999,1.0504863736000001,1.0450428758000001,1.4523458228999999,1.0659538578999999,1.0713973556999998
3.5510000000000002,2.1181809517999999,3.5722122735999999,1.0530798380999999,1.0476352678,1.4540313218000001,1.0651011136999999,1.0705456839999998
3.552,2.1199165088999998,3.5756398194000001,1.0556708308,1.0502250886,1.4557233105000003,1.0642456780999998,1.0696914202999999
3.5529999999999999,2.1216468781,3.5790686829,1.0582593107,1.0528122942,1.4574218048000001,1.0633875674,1.0688345839
3.5539999999999998,2.1233720348,3.5824988552999999,1.0608452364000001,1.0553968404,1.4591268204999999,1.0625267984,1.0679751944
3.5550000000000002,2.1250919549999998,3.5859303276999999,1.0634285664000001,1.0579786825999999,1.4608383727000001,1.0616633885999998,1.0671132723999999
3.556,2.1268066153,3.5893630915000001,1.0660092587000001,1.060557776,1.4625564762000001,1.0607973566,1.0662488393
3.5569999999999999,2.1285159925000001,3.5927971376999999,1.0685872709999999,1.0631340752,1.4642811451999997,1.0599287215000002,1.0653819173000001
3.5579999999999998,2.1302200642,3.5962324577999998,1.0711625606999999,1.0657075348,1.4660123935999998,1.0590575035000001,1.0645125294
3.5590000000000002,2.1319188083,3.5996690431,1.0737350845,1.0682781087,1.4677502348,1.0581837238,1.0636406996000001
3.5600000000000001,2.1336122031999998,3.6031068847999999,1.0763047993999999,1.0708521118000001,1.4694946816000001,1.0573074037999999,1.0627600913999997
3.5609999999999999,2.1353002277000002,3.6065459742999999,1.0788716614,1.0734167976,1.4712457465999997,1.0564285663000001,1.0618834301000002
3.5619999999999998,2.1369828612999999,3.6099863029999999,1.0814356264,1.0759784572,1.4730034417,1.0555472348999999,1.0610044041
3.5630000000000002,2.1386600836,3.6134278623,1.0839966499,1.0785370433999999,1.4747677787,1.0546634337,1.0601230402000001
3.5640000000000001,2.1403318749000002,3.6168706437,1.0865546871,1.0810925083,1.4765387687999998,1.0537771878000002,1.0592393666000002
3.5649999999999999,2.1419982158000002,3.6203146387,1.0891096924999999,1.0836448035999999,1.4783164228999999,1.0528885233000003,1.0583534122000002
3.5659999999999998,2.1436590871000001,3.6237598387999999,1.0916616204,1.0861938807,1.4801007516999998,1.0519974667000001,1.0574652064000001
3.5670000000000002,2.1453144701000002,3.6272062356000001,1.0942104248,1.0887396907,1.4818917654999999,1.0511040453000002,1.0565747794000002
3.5680000000000001,2.1469643466999999,3.6306538205000001,1.0967560589000001,1.0912821841,1.4836894738000002,1.0502082877999999,1.0556821625999999
3.569,2.1486086980999999,3.6341025853,1.0992984759,1.0938213108999999,1.4854938872000001,1.0493102221999999,1.0547873872
3.5699999999999998,2.1502475055999999,3.6375525215,1.1018376282,1.0963570211,1.4873050159000001,1.0484098773999999,1.0538904844999999
3.5710000000000002,2.1518807508000002,3.6410036208999998,1.1043734679999999,1.0988892637000001,1.4891228700999997,1.0475072828000003,1.0529914871000001
3.5720000000000001,2.1535084160000002,3.6444558751999998,1.1069059468,1.1014179878000001,1.4909474591999996,1.0466024692000002,1.0520904282000001
3.573,2.1551304833999998,3.6479092761,1.1094350158999999,1.1039431415000001,1.4927787927000002,1.0456954674999999,1.0511873418999997
3.5739999999999998,2.1567469359000002,3.6513638152999999,1.1119606259000001,1.1064646730000001,1.4946168793999997,1.0447863100000001,1.0502822629000002
3.5750000000000002,2.1583577566000001,3.6548194848,1.1144827268999999,1.1089825296,1.4964617281999999,1.0438750297000001,1.0493752270000001
3.5760000000000001,2.1599629290000002,3.6582762762000001,1.1170012686999999,1.1114966583999999,1.4983133471999999,1.0429616603000003,1.0484662706000003
3.577,2.1615624367000001,3.6617341816,1.1195162003000001,1.1140070057,1.5001717448999998,1.0420462364,1.0475554310000001
3.5779999999999998,2.1631562637999999,3.6651931926999999,1.1220274705,1.1165135178000001,1.5020369289,1.0411287933,1.0466427459999998
3.5790000000000002,2.1647443947,3.6686533016,1.1245350273000001,1.1190161399,1.5039089069,1.0402093673999999,1.0457282548
3.5800000000000001,2.1663268139,3.6721145002000002,1.1270388183,1.1215148172,1.5057876863000001,1.0392879956000001,1.0448119967
3.581,2.1679035063000001,3.6755767806000001,1.1295387904,1.1240094942000001,1.5076732743000001,1.0383647159,1.0438940121
3.5819999999999999,2.1694744568000002,3.6790401347000001,1.1320348899999999,1.1265001147,1.5095656779,1.0374395668000003,1.0429743421000002
3.5830000000000002,2.1710396507,3.6825045546999999,1.1345270629999999,1.1289866221,1.5114649039999999,1.0365125877000001,1.0420530286
3.5840000000000001,2.1725990734999998,3.6859700325999998,1.1370152546000001,1.1314689594,1.5133709591,1.0355838188999997,1.0411301140999998
3.585,2.1741527107,3.6894365605999999,1.1394994092999999,1.1338701772999999,1.5152838498999999,1.0346533014000001,1.0402825334000001
3.5859999999999999,2.1757005481,3.6929041308000001,1.1419794712,1.1363430263000001,1.5172035827000001,1.0337210769,1.0393575218
3.5870000000000002,2.1772425714999999,3.6963727354999998,1.1444553836,1.1388115209,1.5191301639999999,1.0327871878999999,1.0384310505999998
3.5880000000000001,2.1787787670999998,3.6998423669,1.1469270890000001,1.1412756016000001,1.5210635998000002,1.0318516780999998,1.0375031654999998
3.589,2.1803091207,3.7033130173000002,1.1493945295000001,1.1437352083000001,1.5230038966000001,1.0309145912,1.0365739124
3.5899999999999999,2.1818336183999998,3.7067846790000001,1.1518576465000001,1.1461902799999999,1.5249510606000003,1.0299759718999997,1.0356433383999999
3.5910000000000002,2.1833522460000001,3.7102573442,1.1543163803000001,1.1486407556,1.5269050981999999,1.0290358657000001,1.0347114904000001
3.5920000000000001,2.1848649890999998,3.7137310054000001,1.1567706711000001,1.1510865728999999,1.5288660163000003,1.0280943179999997,1.0337784161999999
3.593,2.1863718339,3.7172056549999999,1.1592204576,1.1535276692,1.5308338210999999,1.0271513763,1.0328441647
3.5939999999999999,2.1878727659999999,3.7206812854,1.1616656783999999,1.1559639808,1.5328085194000001,1.0262070876,1.0319087852
3.5950000000000002,2.1893677713000002,3.7241578890000002,1.1641062709000001,1.1583954434999999,1.5347901177000001,1.0252615004000001,1.0309723278000003
3.5960000000000001,2.1908568353,3.7276354583,1.166542172,1.1608219924000001,1.536778623,1.0243146633,1.0300348428999999
3.597,2.1923399439,3.7311139858,1.1689733174000001,1.1632435618000001,1.5387740419,1.0233666264999999,1.0290963820999999
3.5979999999999999,2.1938170820999998,3.7345934641,1.1713996423999999,1.1656600853000001,1.5407763820000002,1.0224174396999999,1.0281569967999997
3.5990000000000002,2.195288235,3.7380738858,1.1738210809,1.1680721528,1.5427856508,1.0214671541,1.0272160822
3.6000000000000001,2.1967533871999998,3.7415552434000001,1.1762375664,1.1704783983,1.5448018562000003,1.0205158207999998,1.0262749888999998
3.601,2.1982125233000001,3.7450375295999998,1.1786490313,1.1728793939,1.5468250062999997,1.0195634920000001,1.0253331294000001
3.6019999999999999,2.1996656278,3.7485207370000002,1.1810554069999999,1.1752750702000001,1.5488551092000002,1.0186102208000001,1.0243905575999999
3.6030000000000002,2.2011126848,3.7520048583999999,1.1834566238999999,1.1776653568,1.5508921735999999,1.0176560609,1.023447328
3.6040000000000001,2.2025536783000002,3.7554898862999999,1.1858526113000001,1.1800501825,1.5529362079999998,1.0167010670000001,1.0225034958000001
3.605,2.2039885919,3.7589758136000002,1.1882432974999999,1.1824294752,1.5549872217000003,1.0157452944000001,1.0215591167
3.6059999999999999,2.2054174087999998,3.7624626331000002,1.1906286098000001,1.1848031619999999,1.5570452243000004,1.0147887989999997,1.0206142467999999
3.6070000000000002,2.2068401118000001,3.7659503375000001,1.1930084742,1.1871711692,1.5591102257,1.0138316376000001,1.0196689426000001
3.6080000000000001,2.2082566836000002,3.7694389196000002,1.1953828157999999,1.1895334219,1.5611822360000001,1.0128738678000002,1.0187232617000002
3.609,2.2096671059999999,3.7729283722,1.1977515584,1.1918898444999999,1.5632612662000001,1.0119155475999999,1.0177772615
3.6099999999999999,2.2110713609000001,3.7764186883000002,1.2001146247000001,1.1942403604,1.5653473274,1.0109567362,1.0168310005000001
3.6110000000000002,2.2124694293,3.7799098607000001,1.202471936,1.1965848918999999,1.5674404314000001,1.0099974933,1.0158845374000001
3.6120000000000001,2.2138612922999998,3.7834018823000002,1.2048234125999999,1.1989233603,1.5695405900000003,1.0090378796999999,1.0149379319999998
3.613,2.2152469301000002,3.7868947460000002,1.2071689731999999,1.2012556860000001,1.5716478159,1.0080779569000002,1.0139912441000001
3.6139999999999999,2.2166263226999998,3.7903884447,1.2095085349000001,1.2035817881999999,1.5737621220000002,1.0071177877999997,1.0130445344999999
3.6150000000000002,2.2179994495000002,3.7938829715,1.2118420138999999,1.2059155645999999,1.5758835219999998,1.0061574356000003,1.0120838849000002
3.6160000000000001,2.2193662894999999,3.7973783192999999,1.2141693245,1.2082290436000001,1.5780120298,1.0051969649999999,1.0111372458999999
3.617,2.220726821,3.8008744811000001,1.2164903798,1.2105360487000001,1.5801476601000002,1.0042364412,1.0101907722999999
3.6179999999999999,2.2220810219999998,3.8043714498000001,1.2188050914999999,1.2128364944000001,1.5822904278000003,1.0032759304999999,1.0092445275999997
3.6190000000000002,2.2234288698000002,3.8078692186,1.2211133694,1.2151302941,1.5844403487999998,1.0023155004000002,1.0082985757000003
3.6200000000000001,2.2247703409000001,3.8113677804999999,1.2234151218,1.2174173601,1.5865974395999998,1.0013552191000001,1.0073529808000001
3.621,2.2261054115999999,3.8148671284,1.2257102553999999,1.2196976034,1.5887617168000001,1.0003951562,1.0064078081999999
3.6219999999999999,2.2274340572,3.8183672555000001,1.2279986752000001,1.2219709334,1.5909331983000001,0.99943538199999993,1.0054631238
3.6230000000000002,2.2287562527000002,3.8218681547000002,1.2302802841,1.2242372586000001,1.593111902,0.99847596860000021,1.0045189941000001
3.6240000000000001,2.2300719721000002,3.8253698192000001,1.2325549835,1.2264964856,1.5952978470999999,0.99751698860000015,1.0035754865000002
3.625,2.2313811889999999,3.8288722420000001,1.2348226726,1.2287485200999999,1.5974910530000002,0.99655851639999993,1.0026326689
3.6259999999999999,2.2326838759999998,3.8323754160000001,1.2370832487000001,1.2309932659,1.5996915400000002,0.99560062729999976,1.0016906100999998
3.6269999999999998,2.2339800051999998,3.8358793345,1.2393366067,1.2332306256000001,1.6018993293000001,0.99464339849999983,1.0007493795999998
3.6280000000000001,2.2352695479000002,3.8393839904,1.2415826393,1.2354605001000001,1.6041144424999998,0.9936869086000002,0.99980904780000013
3.629,2.2365524746999998,3.8428893769000001,1.2438212368999999,1.2376827887999999,1.6063369022000002,0.99273123779999994,0.99886968589999992
3.6299999999999999,2.2378287547000002,3.8463954869000001,1.2460522878,1.2398973892,1.6085667321999999,0.99177646690000021,0.99793136550000017
3.6309999999999998,2.2390983557999999,3.8499023133999999,1.2482756776999999,1.2421041972,1.6108039575999999,0.99082267810000002,0.99699415859999996
3.6320000000000001,2.2403612451999999,3.8534098496999998,1.2504912899,1.2443033601,1.6130486044999999,0.98986995529999988,0.99605788509999993
3.633,2.2416173887999999,3.8569180886000001,1.2526990049,1.2464942953,1.6153006998000001,0.98891838389999998,0.99512309349999994
3.6339999999999999,2.2428667518999998,3.8604270232000002,1.2548987005000001,1.2486771153,1.6175602713000004,0.98796805139999977,0.99418963659999982
3.6349999999999998,2.2441092989000002,3.8639366465,1.257090252,1.2508517089,1.6198273475999998,0.9870190469000002,0.99325759000000025
3.6360000000000001,2.2453449931999998,3.8674469513999998,1.2592735312000001,1.2530179623,1.6221019582,0.98607146199999973,0.99232703089999985
3.637,2.2465737971999999,3.870957931,1.2614484072000001,1.25517576,1.6243841338,0.98512538999999988,0.99139803719999997
3.6379999999999999,2.2477956725000001,3.8744695780999998,1.2636147458,1.2573249843000001,1.6266739055999997,0.98418092670000012,0.99047068820000006
3.6389999999999998,2.2490105792000001,3.8779818857000001,1.2657724094,1.2594655153000001,1.6289713065,0.98323816980000012,0.98954506390000008
3.6400000000000001,2.2502184768000002,3.8814948464999999,1.2679212567,1.2615972306000001,1.6312763696999997,0.9822972201000002,0.98862124620000014
3.641,2.2514193231999999,3.8850084535999998,1.2700611429999999,1.2637200057,1.6335891303999999,0.98135818019999999,0.98769931749999995
3.6419999999999999,2.2526130757999998,3.8885226995000002,1.2721919195,1.2658337135,1.6359096237000004,0.98042115629999982,0.98677936229999985
3.6429999999999998,2.2537996904000002,3.892037577,1.2743134331999999,1.2679382234000001,1.6382378865999998,0.97948625720000027,0.9858614670000001
3.6440000000000001,2.2549791224,3.8955530788999999,1.2764255268,1.2700334014000001,1.6405739564999999,0.97855359559999999,0.98494572099999989
3.645,2.2561513253999999,3.8990691976999998,1.2785280385,1.2721191097,1.6429178723,0.97762328689999989,0.98403221569999988
3.6459999999999999,2.2573162523999999,3.9025859257,1.2806208019,1.2743638867,1.6452696733000001,0.97669545049999984,0.98295236569999989
3.6469999999999998,2.2584738552000001,3.9061032545000001,1.2827036457000001,1.2764213514,1.6476293993,0.97577020950000004,0.98205250380000009
3.6480000000000001,2.2596240842999999,3.9096211752999999,1.2847763934,1.2784688977000001,1.6499970909999999,0.9748476908999999,0.9811551865999999
3.649,2.2607668893000001,3.9131396793,1.2868388629,1.2805063768,1.6523727899999998,0.97392802640000009,0.98026051250000013
3.6499999999999999,2.2619022183999999,3.9166587576,1.2888908665000001,1.2825336356000001,1.6547565392000001,0.97301135189999988,0.97936858279999983
3.6509999999999998,2.2630300186999999,3.9201784010999998,1.2909322104000001,1.2845505176000001,1.6571483824,0.97209780829999981,0.97847950109999982
3.6520000000000001,2.2641502356999998,3.9236986004999999,1.2929626944999999,1.2865568622000001,1.6595483648,0.97118754119999995,0.97759337349999975
3.653,2.2652628135000001,3.9272193463999998,1.2949821115,1.2885525052,1.6619565328999997,0.97028070200000016,0.97671030830000016
3.6539999999999999,2.2663676952,3.9307406291999998,1.2969902461,1.2905372783,1.6643729339999997,0.96937744910000001,0.97583041690000005
3.6549999999999998,2.2674648226,3.9342624390999998,1.2989868747,1.2925110087,1.6667976164999998,0.96847794790000008,0.97495381390000002
3.6560000000000001,2.2685541363000001,3.9377847662000001,1.3009717653999999,1.2944735194000001,1.6692306298999999,0.96758237090000021,0.97408061690000003
3.657,2.2696355759000002,3.9413076001,1.3029446775,1.2964246286000001,1.6716720241999998,0.96669089840000022,0.97321094730000013
3.6579999999999999,2.2707090793,3.9448309303000002,1.3049053610000001,1.2983641495,1.6741218510000002,0.96580371829999989,0.97234492979999998
3.6589999999999998,2.2717745836000001,3.9483547460000001,1.3068535557000001,1.3004642909999999,1.6765801624000001,0.96492102790000001,0.97131029260000012
3.6600000000000001,2.2728320244,3.9518790359999998,1.3087889905000001,1.3023799851,1.6790470115999998,0.9640430338999999,0.97045203930000001
3.661,2.2738813365000001,3.9554037886,1.3107113813,1.3042834742,1.6815224520999998,0.96316995520000015,0.96959786230000011
3.6619999999999999,2.2749224528999998,3.9589289918000001,1.3126204319000001,1.3061745458,1.6840065389000003,0.96230202099999973,0.96874790709999981
3.6629999999999998,2.2759553061000002,3.9624546331000001,1.3145158325999999,1.3080529807000001,1.6864993269999999,0.96143947350000025,0.9679023254000001
3.6640000000000001,2.2769798268999999,3.9659806992000002,1.3163972593,1.3099185515,1.6890008723000003,0.96058256759999994,0.96706127539999986
3.665,2.2779959451999998,3.9695071763000001,1.3182643723,1.3117710238,1.6915112311000002,0.95973157289999977,0.96622492139999983
3.6659999999999999,2.2790035881000001,3.9730340496999998,1.3201168146,1.3136101553999999,1.6940304615999997,0.95888677350000018,0.96539343270000022
3.6669999999999998,2.2800026815000001,3.9765613038000001,1.3219542108,1.3154356959,1.6965586223,0.9580484707000001,0.96456698560000009
3.6680000000000001,2.2809931495,3.9800889216000002,1.3237761655,1.3172473857,1.6990957721000002,0.95721698399999999,0.96374576379999999
3.669,2.2819749156000002,3.983616885,1.3255822614999999,1.3190449563,1.7016419693999998,0.95639265410000029,0.96292995930000025
3.6699999999999999,2.2829479017000001,3.9871451741000001,1.3273720573000001,1.3208281289999999,1.7041972724000001,0.95557584439999999,0.96211977270000015
3.6709999999999998,2.2839120291000001,3.9906737665000001,1.3291450846999999,1.3225209513,1.7067617373999999,0.95476694440000021,0.9613910778000001
3.6720000000000002,2.2848672167999999,3.9942026374999999,1.3309008465000001,1.3242746833000001,1.7093354207,0.95396637029999987,0.96059253349999985
3.673,2.2858133827999998,3.9977317584000001,1.3326388105,1.3260135986999999,1.7119183756000003,0.9531745722999998,0.95979978409999989
3.6739999999999999,2.2867504434999999,4.0012610956000003,1.3343584033,1.3277373884000001,1.7145106521000004,0.9523920401999999,0.95901305509999979
3.6749999999999998,2.2876783144999999,4.0047906085999996,1.3360590104000001,1.3294457301,1.7171122940999997,0.95161930409999984,0.95823258439999992
3.6760000000000002,2.2885969103999999,4.0083202465000003,1.337739971,1.3311382879,1.7197233361000004,0.95085693939999993,0.95745862249999991
3.677,2.2895061450999998,4.0118499417000004,1.3394005722,1.3328147107999999,1.7223437966000006,0.95010557289999986,0.95669143429999992
3.6779999999999999,2.2904059318000001,4.0153795969999999,1.3410400418999999,1.3344746322000001,1.7249736651999998,0.94936588990000015,0.95593129960000001
3.6789999999999998,2.2912961831000001,4.0189090508999996,1.3426575399,1.3361176688,1.7276128677999996,0.94863864320000002,0.9551785143
3.6800000000000002,2.2921768116000001,4.0224379223,1.3442521428,1.3377434186999999,1.7302611106999999,0.94792466880000004,0.95443339290000018
3.681,2.2930477293,4.0258845499999998,1.3458228289,1.3393514607000001,1.7328368206999998,0.94722490039999996,0.9536962685999999
3.6819999999999999,2.2939088485000001,4.0293929098000003,1.3473684668999999,1.3407961285000001,1.7354840613000002,0.9465403816000002,0.95311272000000002
3.6829999999999998,2.2947600815999998,4.0329014645000001,1.3488877957000001,1.3423949604000001,1.7381413829000003,0.94587228589999972,0.95236512119999972
3.6840000000000002,2.2956013411999998,4.0364102399000004,1.3503793916,1.3439743685000001,1.7408088987000006,0.94522194959999983,0.95162697269999974
3.6850000000000001,2.2964325409000002,4.0399192570000002,1.3518416225000001,1.3455337891000001,1.7434867161000001,0.94459091840000009,0.95089875180000005
3.6859999999999999,2.2972535946999999,4.0434285328000001,1.3532725776000001,1.347072622,1.7461749381000002,0.94398101709999982,0.9501809726999999
3.6869999999999998,2.2980644182000001,4.0469380815999996,1.3546700028000001,1.3485902259,1.7488736633999995,0.94339441540000002,0.94947419230000007
3.6880000000000002,2.2988649282,4.0504479149000003,1.3560312057999999,1.3500859140999999,1.7515829867000003,0.94283372240000007,0.9487790141000001
3.6890000000000001,2.2996550431,4.0539580425999997,1.3573529014000001,1.3515589476000001,1.7543029994999997,0.94230214169999993,0.94809609549999996
3.6899999999999999,2.3004346832999998,4.0574684730000001,1.3586309633,1.3530085294,1.7570337897000003,0.94180371999999979,0.94742615389999973
3.6909999999999998,2.3012037719,4.0609792130000004,1.3598599528999999,1.3544337954000001,1.7597754411000004,0.94134381900000008,0.94676997649999994
3.6920000000000002,2.3019622341999999,4.0644902683000002,1.3610322166,1.3558107687000001,1.7625280341000003,0.94093001759999995,0.94615146549999984
3.6930000000000001,2.3027099977000001,4.0680016437999997,1.3621357565000001,1.3571834796,1.7652916460999997,0.94057424119999999,0.9455265181000001
3.694,2.3034469917,4.0715133434000004,1.3631466947999999,1.3585287418000001,1.7680663517000004,0.94030029690000005,0.94491824989999995
3.6949999999999998,2.3041731492999999,4.0750253704999997,0.41285493230999998,1.359845274,1.7708522211999997,1.89131821699,0.94432787529999995
3.6960000000000002,2.3048884077,4.0785377275999997,0.41059757080999998,1.3611316416999999,1.7736493198999996,1.89429083689,0.94375676600000014
3.6970000000000001,2.3055927086999999,4.0820504168999996,0.40834374451,1.3623862147000001,1.7764577081999997,1.8972489641899999,0.94320649399999978
3.698,2.3062859994,4.0855634399999996,0.40609347108999999,1.3636071039,1.7792774405999996,1.9001925283100001,0.94267889550000006
3.6989999999999998,2.3069682323,4.0890767979999998,0.40384676825999999,1.3649350194000001,1.7821085656999998,1.90312146404,0.94203321289999997
3.7000000000000002,2.3076393666000001,4.0925904919000002,0.40160365381000002,1.3660816038000001,1.7849511253000001,1.9060357127900001,0.94155776280000003
3.7010000000000001,2.3082993653999999,4.0961045220000001,0.39936414559,1.3671862977,1.7878051566000002,1.90893521981,0.94111306769999992
3.702,2.3089481983,4.0996188885000002,0.39712826121,1.3682451659999999,1.7906706902000002,1.91181993709,0.94070303230000007
3.7029999999999998,2.3095858422000002,4.1031335911999998,0.39489601874000002,1.3692531455000001,1.7935477489999996,1.9146898234600003,0.94033269670000008
3.7040000000000002,2.3102122824000002,4.1066486298999996,0.39266743603999998,1.3704187992000001,1.7964363474999994,1.9175448463600002,0.93979348320000011
3.7050000000000001,2.3108275126,4.1101640038999996,0.39044253106999999,1.3713248730000001,1.7993364912999996,1.92038498153,0.93950263959999991
3.706,2.3114315356000001,4.1136797123999997,0.38822132174000001,1.3721502108000001,1.8022481767999996,1.92321021386,0.93928132480000004
3.7069999999999999,2.3120243632999999,4.1171957544,0.38600382618000001,1.3728449683999999,1.8051713911,1.9260205371199999,0.93917939490000002
3.7080000000000002,2.3126060175999998,4.1207121289000002,0.38379006242000002,0.38742865141999999,1.8081061113000003,1.9288159551799997,1.9251773661799998
3.7090000000000001,2.3131765303999998,4.1242288345000002,0.38158004863,0.38512616358000001,1.8110523041000004,1.9315964817699998,1.9280503668199998
3.71,2.3137359437999998,4.1277458698,0.37937380298000001,0.3828277068,1.8140099260000002,1.9343621408199998,1.9309082369999997
3.7109999999999999,2.3142843102000001,4.1312632333000003,0.37717134373,0.38053330982,1.8169789231000002,1.9371129664700002,1.93375100038
3.7120000000000002,2.3148216928999998,4.1347809233000001,0.37497268913999998,0.37824300136,1.8199592304000003,1.9398490037599998,1.9365786915399998
3.7130000000000001,2.3153481659000001,4.1382989382000002,0.37277785758999998,0.37595681015999999,1.8229507723,1.9425703083100001,1.9393913557400002
3.714,2.3158638140000001,4.1418172761000003,0.37058686748000003,0.37367476504000002,1.8259534621000002,1.9452769465199999,1.94218904896
3.7149999999999999,2.316368733,4.1453359351000003,0.36839973728999997,0.37139689487999999,1.8289672021000003,1.9479689957100002,1.9449718381200001
3.7160000000000002,2.3168630289999999,4.1488549133000001,0.36621648556000003,0.36912322839,1.8319918843000003,1.9506465434399998,1.94773980061
3.7170000000000001,2.3173468183999999,4.1523742087000004,0.36403713090000001,0.36685379440999999,1.8350273903000005,1.9533096875,1.95049302399
3.718,2.3178202272999999,4.1558938192000001,0.36186169192000001,0.36458862191000002,1.8380735919000002,1.95595853538,1.9532316053899998
3.7189999999999999,2.3182833918000001,4.1594137428,0.35969018734000002,0.36232773976999999,1.8411303509999999,1.9585932044600001,1.9559556520300001
3.7200000000000002,2.3187364559999999,4.1629339772999998,0.35752263604000001,0.36007117691000001,1.8441975212999999,1.9612138199599998,1.9586652790899999
3.7210000000000001,2.3191795722999999,4.1664545205000003,0.35535905683000002,0.35781896218999998,1.8472749482000004,1.9638205154699999,1.9613606101099998
3.722,2.3196129011000002,4.1699753704000004,0.35319946869000002,0.35557112466000002,1.8503624693000003,1.9664134324100002,1.9640417764400002
3.7229999999999999,2.3200366091000002,4.1734965248,0.35104389062000002,0.35332769328000002,1.8534599156999998,1.9689927184800002,1.9667089158200002
3.7240000000000002,2.3204508701000002,4.1770179813999997,0.34889234171,0.35108869703000001,1.8565671112999995,1.9715585283900001,1.9693621730700002
3.7250000000000001,2.3208558638999999,4.1805397378000002,0.34674484112999998,0.34885416493999999,1.8596838739000003,1.9741110227699998,1.9720016989599998
3.726,2.3212517765,4.1840617919999996,0.34460140815000001,0.34662412596999997,1.8628100154999996,1.9766503683500001,1.97462765053
3.7269999999999999,2.3216387985,4.1875841415000004,0.34246206207000002,0.34439860924999999,1.8659453430000004,1.9791767364299999,1.97724018925
3.7280000000000002,2.3220171247999999,4.1911067841999996,0.34032682235,0.34217764387999999,1.8690896593999997,1.9816903024499999,1.97983948092
3.7290000000000001,2.3223869542000002,4.1946297177999998,0.33819570838000002,0.33996125872999999,1.8722427635999996,1.9841912458200002,1.9824256954700001
3.73,2.3227484884999998,4.1981529402,0.33606873988000002,0.33774948313999997,1.8754044517000001,1.9866797486199999,1.9849990053599997
3.7309999999999999,2.3231019319000001,4.2016764491999998,0.33394593635000003,0.33554234588999998,1.8785745172999997,1.98915599555,1.9875595860100002
3.7320000000000002,2.3234474906,4.2052002427000001,0.33182731769000001,0.33333987638000001,1.8817527521000001,1.99162017291,1.99010761422
3.7330000000000001,2.3237853703,4.2087243187999999,0.32971290369,0.33114210359000001,1.8849389484999999,1.99407246661,1.99264326671
3.734,2.3241157772999999,4.2122486753999997,0.32760271426999998,0.32894905671000002,1.8881328980999998,1.9965130630299999,1.9951667205899999
3.7349999999999999,2.3244389179999998,4.2157733105000004,0.32549676948,0.32676076486,1.8913343925000006,1.9989421485199999,1.9976781531399999
3.7360000000000002,2.3247549989,4.2192982223,0.32339508942,0.32457725709000002,1.8945432233999999,2.0013599094800001,2.00017774181
3.7370000000000001,2.3250642259999998,4.2228234090000001,0.32129769434,0.32239856263,1.8977591830000002,2.0037665316599997,2.0026656633699997
3.738,2.3253668046999998,4.2263488687999997,0.31920460445999999,0.32022471065000002,1.9009820640999999,2.0061622002399999,2.00514209405
3.7389999999999999,2.3256629386999998,4.2298746001999996,0.31711584026,0.31805573026,1.9042116614999998,2.0085470984399998,2.0076072084399996
3.7400000000000002,2.3259528305999999,4.2334006014999996,0.31503142225000003,0.31589165066000002,1.9074477708999997,2.0109214083499998,2.0100611799400001
3.7410000000000001,2.3262366809000001,4.2369268712999997,0.31295137099999998,0.31373250103,1.9106901903999995,2.0132853099000001,2.0125041798700001
3.742,2.3265146882000001,4.2404534080999996,0.31087570720000002,0.31157831043000001,1.9139387198999995,2.0156389809999999,2.0149363777700002
3.7429999999999999,2.3267870486,4.2439802107000002,0.30880445168999998,0.30942910813000002,1.9171931621000002,2.01798259691,2.0173579404700002
3.7440000000000002,2.3270539559999999,4.2475072778999996,0.30673762537999999,0.30728492340000002,1.9204533218999997,2.02031633062,2.0197690325999997
3.7450000000000001,2.3273156013,4.2510346086000004,0.30467524926,0.30514578505000001,1.9237190073000003,2.0226403520399998,2.0221698162499999
3.746,2.3275721727000001,4.2545622018999998,0.30261734447999999,0.30301172260999998,1.9269900291999997,2.0249548282200003,2.0245604500900001
3.7469999999999999,2.3278238557000002,4.2580900569000004,0.30056393224,0.30088276514000001,1.9302662012000003,2.0272599234599999,2.0269410905600003
3.7480000000000002,2.3280708324999999,4.2616181728999996,0.29851503383,0.29875894174000001,1.9335473403999996,2.0295557986699997,2.0293118907599998
3.7490000000000001,2.3283132822999999,4.2651465493999998,0.29647067074,0.29664028162,1.9368332670999999,2.0318426115600001,2.0316730006799997
3.75,2.3285513813000001,4.2686751857000003,0.29443086452,0.29452681394000002,1.9401238044000002,2.0341205167799998,2.0340245673599999
3.7509999999999999,2.3287853019,4.2722040817,0.29239563679000002,0.29241856784999998,1.9434187798,2.0363896651099997,2.03636673405
3.7519999999999998,2.3290152130999999,4.2757332370999999,0.29036500934999998,0.29031557245,1.9467180239999999,2.0386502037500001,2.03869964065
3.7530000000000001,2.3292412807999998,4.2792626519999999,0.28833900406000001,0.28821785694000002,1.9500213712000001,2.0409022767399998,2.0410234238599996
3.754,2.3294636678999998,4.2827923263000001,0.2863176429,0.28612545039999998,1.9533286584000003,2.043146025,2.0433382174999997
3.7549999999999999,2.3296825338999998,4.2863222605000004,0.28430094798,0.28403838195999997,1.9566397266000006,2.04538158592,2.0456441519399999
3.7559999999999998,2.3298980352999998,4.2898524549000001,0.28228894156000001,0.28195668081000003,1.9599544196000003,2.0476090937399998,2.0479413544899998
3.7570000000000001,2.3301103255000002,4.2933829102000001,0.28028164585999998,0.27988037587999998,1.9632725846999999,2.04982867964,2.0502299496200003
3.758,2.3303195549,4.2969136272000004,0.27827908344000002,0.27780949636000002,1.9665940723000004,2.0520404714599998,2.0525100585399998
3.7589999999999999,2.3305258707999998,4.3004446067000002,0.27628127679999998,0.27574407136000001,1.9699187359000003,2.054244594,2.0547817994399997
3.7599999999999998,2.3307294177000002,4.3039758499999996,0.27428824860000001,0.27368412991000002,1.9732464322999994,2.0564411691000002,2.0570452877900003
3.7610000000000001,2.3309303370999999,4.3075073582999996,0.27230002165,0.27162970106000001,1.9765770211999998,2.0586303154499999,2.0593006360399997
3.762,2.3311287677000001,4.3110391333000004,0.27031661887000002,0.26958081381999999,1.9799103656000003,2.0608121488300002,2.0615479538799999
3.7629999999999999,2.3313248455000002,4.3145711765000003,0.26833806331999999,0.26753749723999998,1.9832463310000001,2.0629867821800003,2.06378734826
3.7639999999999998,2.3315187037,4.3181034900000004,0.26636437801000001,0.26549978037999999,1.9865847863000003,2.06515432569,2.0660189233200001
3.7650000000000001,2.3317104727000002,4.3216360757999999,0.26439558636999999,0.26346769205999998,1.9899256030999997,2.0673148863300002,2.0682427806400003
3.766,2.3319002807000002,4.3251689361999999,0.26243171165000001,0.26144126142000002,1.9932686554999997,2.0694685690500001,2.0704590192800003
3.7669999999999999,2.3320882529000002,4.3287020738999997,0.26047277739000002,0.25942051733999999,1.9966138209999995,2.0716154755100002,2.0726677355600001
3.7679999999999998,2.3322745123000002,4.3322354915999997,0.25851880721999998,0.25740548878000002,1.9999609792999995,2.07375570508,2.0748690235200002
3.7690000000000001,2.3324591793999998,4.3357691922999999,0.25656982488000002,0.25539620463000001,2.0033100129000001,2.0758893545199997,2.0770629747699996
3.77,2.3326423723,4.3393031790999999,0.25462585422,0.25339269380000001,2.0066608067999998,2.0780165180800001,2.0792496785000001
3.7709999999999999,2.3328242068999998,4.3428374555999998,0.25268691921000003,0.25139498515000003,2.0100132487,2.0801372876899999,2.0814292217499997
3.7719999999999998,2.3330047968000001,4.3463720255,0.25075304388000003,0.24940310751,2.0133672287,2.08225175292,2.08360168929
3.7730000000000001,2.3331842534999998,4.3499068926,0.24882425255000001,0.24741708977999999,2.0167226391000002,2.0843600009499998,2.0857671637199999
3.774,2.3333626862000001,4.3534420612,0.24690056949,0.24543696063000001,2.0200793749999999,2.0864621167099999,2.0879257255699999
3.7749999999999999,2.3335402024,4.3569775356999996,0.24498201918000001,0.24346274899000001,2.0234373332999995,2.08855818322,2.0900774534100002
3.7759999999999998,2.3337169071999999,4.3605133208,0.24306862619,0.24149448347999999,2.0267964136000001,2.09064828101,2.09222242372
3.7770000000000001,2.3338929039999998,4.3640494213999999,0.24116041522000001,0.23953219294,2.0301565174,2.0927324887799998,2.0943607110599998
3.778,2.3340682942000002,4.3675858428999996,0.23925741107000001,0.23757590604000001,2.0335175486999995,2.0948108831300001,2.0964923881600002
3.7789999999999999,2.3342431774999999,4.3711225905999997,0.23735963868000001,0.23562565133999999,2.0368794130999999,2.0968835388199998,2.09861752616
3.7799999999999998,2.3344176516999999,4.3746596701999998,0.23546712313000001,0.23368145769000001,2.0402420184999999,2.0989505285700001,2.10073619401
3.7810000000000001,2.3345918128999998,4.3781970876000003,0.23357988951,0.23174335351,2.0436052747000004,2.1010119233899998,2.1028484593899996
3.782,2.3347657556999999,4.3817348485999998,0.23169796318999999,0.2298113675,2.0469690929,2.1030677925100001,2.1049543881999999
3.7829999999999999,2.3349395726000002,4.3852729595,0.22982136960999999,0.22788552821999999,2.0503333868999998,2.10511820299,2.1070540443800003
3.7839999999999998,2.3351133550999998,4.3888114269000003,0.22795013418000001,0.22596586419,2.0536980718000004,2.10716322092,2.1091474909099999
3.7850000000000001,2.3352871927000001,4.3923502577000004,0.22608428267,0.22405240384,2.0570630650000004,2.10920291003,2.11123478886
3.786,2.3354611737000002,4.3958894589000002,0.22422384074999999,0.22214517573000001,2.0604282852,2.11123733295,2.11331599797
3.7869999999999999,2.3356353848999998,4.3994290380000001,0.22236883437999999,0.22024420820000001,2.0637936531000003,2.1132665505199997,2.1153911766999998
3.7879999999999998,2.3358099115000002,4.4029690028999999,0.22051928954,0.21834952968999999,2.0671590913999998,2.1152906219600003,2.11746038181
3.7890000000000001,2.3359848375999999,4.4065093616000004,0.21867523232,0.21646116859,2.0705245240000005,2.11730960528,2.1195236690099999
3.79,2.3361602457999999,4.4100501225000004,0.21683668902,0.21457915322000001,2.0738898767000005,2.11932355678,2.12158109258
3.7909999999999999,2.3363362173,4.4135912942999997,0.21500368591999999,0.21270351182,2.0772550769999998,2.1213325313799998,2.1236327054799999
3.7919999999999998,2.3365128325,4.4171328861000001,0.21317624955,0.21083427270999999,2.0806200536000001,2.1233365829499999,2.1256785597899999
3.7930000000000001,2.3366901700999998,4.4206749073999996,0.21135440644,0.2089714641,2.0839847372999998,2.1253357636599999,2.1277187059999996
3.794,2.3368683078000001,4.4242173676999998,0.20953818334999999,0.20711511417,2.0873490598999997,2.1273301244500002,2.12975319363
3.7949999999999999,2.3370473223000001,4.4277602773,0.20772760696000001,0.20526525106999999,2.0907129549999999,2.1293197153400003,2.13178207123
3.7959999999999998,2.3372272889999999,4.4313036465,0.20592270437999999,0.20342190284,2.0940763575000001,2.1313045846200001,2.1338053861599997
3.7970000000000002,2.3374082821000002,4.4348474860999998,0.20412350251,0.20158509768999999,2.0974392039999996,2.1332847795900003,2.1358231844100004
3.798,2.3375903752,4.4383918073000004,0.20233002855000001,0.19975486350999999,2.1008014321000004,2.13526034665,2.1378355116900001
3.7989999999999999,2.3377736404,4.4419366215,0.20054230979000001,0.19793122839999999,2.1041629811,2.1372313306100001,2.1398424120000001
3.7999999999999998,2.3379581489999999,4.4454819406999997,0.19876037356000001,0.19611422029,2.1075237916999998,2.13919777544,2.1418439287099997
3.8010000000000002,2.3381439714000001,4.4490277770000004,0.19698424735,0.19430386698999999,2.1108838056000003,2.14115972405,2.1438401044100002
3.802,2.3383311770000001,4.4525741430999997,0.19521395877,0.19250019644999999,2.1142429660999995,2.14311721823,2.14583098055
3.8029999999999999,2.3385198343,4.4561210519000003,0.19344953548999999,0.19070323651000001,2.1176012176000003,2.1450702988099999,2.1478165977899999
3.8039999999999998,2.3387100108999999,4.4596685168999999,0.19169100534,0.18891301491000001,2.120958506,2.1470190055599998,2.1497969959900001
3.8050000000000002,2.3389017733999999,4.4632165517000004,0.18993839623,0.18712955942000001,2.1243147783000005,2.1489633771699999,2.1517722139799997
3.806,2.3390951878999999,4.4667651705000004,0.18819173617000001,0.18535289772999999,2.1276699826000005,2.1509034517300001,2.1537422901699999
3.8069999999999999,2.3392903192999999,4.4703143876000002,0.1864510533,0.18358305748000001,2.1310240683000004,2.152839266,2.1557072618199999
3.8079999999999998,2.3394872320000002,4.4738642181000001,0.18471637583,0.18182006626,2.1343769860999999,2.1547708561700003,2.1576671657400004
3.8090000000000002,2.3396859895,4.4774146770999996,0.18298773208999999,0.18006395172,2.1377286875999997,2.15669825741,2.1596220377800002
3.8100000000000001,2.3398866543999999,4.4809657805000001,0.18126515054,0.17831474118000001,2.1410791261000002,2.1586215038600001,2.16157191322
3.8109999999999999,2.3400892888999998,4.4845175442,0.17954865973,0.17657246232000001,2.1444282553000003,2.1605406291699998,2.1635168265799996
3.8119999999999998,2.3402939541999999,4.4880699847000001,0.1778382882,0.17483714243000001,2.1477760305000002,2.1624556660000001,2.1654568117699999
3.8130000000000002,2.3405007108999998,4.4916231189999998,0.17613406477999999,0.17310880887999999,2.1511224081,2.16436664612,2.1673919020199999
3.8140000000000001,2.3407096189000001,4.4951769644999997,0.17443601823999999,0.17138748913999999,2.1544673455999996,2.1662736006600003,2.1693221297600003
3.8149999999999999,2.3409207374999998,4.4987315388000004,0.17274417753999999,0.16967321031999999,2.1578108013000006,2.16817655996,2.1712475271799998
3.8159999999999998,2.3411341254,4.5022868600999999,0.17105857167999999,0.16796599973000001,2.1611527346999999,2.1700755537199998,2.1731681256700002
3.8170000000000002,2.3413498403999999,4.5058429470999997,0.16937922981,0.16626588451999999,2.1644931066999997,2.1719706105899999,2.1750839558799999
3.8180000000000001,2.3415679401,4.5093998188000004,0.16770618106999999,0.16457289191999999,2.1678318787000004,2.1738617590300002,2.1769950481800002
3.819,2.341788481,4.5129574946000002,0.16603945484999999,0.16288704879999999,2.1711690136000001,2.1757490261500001,2.1789014322
3.8199999999999998,2.3420115194000002,4.5165159943999997,0.16437908045999999,0.16120838237999999,2.1745044749999995,2.1776324389400004,2.1808031370200003
3.8210000000000002,2.3422371110000002,4.5200753385999999,0.16272508744,0.15953691953999999,2.1778382275999997,2.1795120235600001,2.1827001914600004
3.8220000000000001,2.3424653107000002,4.5236355479999997,0.16107750533000001,0.15787268728000001,2.1811702372999995,2.18138780537,2.1845926234200004
3.823,2.3426961730999998,4.5271966438,0.15943636380000001,0.15621571242999999,2.1845004707000002,2.1832598093,2.1864804606699999
3.8239999999999998,2.3429297521999999,4.5307586475999999,0.15780169261999999,0.15456602179000001,2.1878288954,2.1851280595799998,2.1883637304099999
3.8250000000000002,2.3431661014,4.5343215814000004,0.15617352163000001,0.15292364219999999,2.1911554800000004,2.1869925797700001,2.1902424592000003
3.8260000000000001,2.3434052738000002,4.5378854676999998,0.15455188065,0.15128860029999999,2.1944801938999996,2.18885339315,2.1921166735000002
3.827,2.3436473216999998,4.5414503294999999,0.1529367998,0.14966092281000001,2.1978030078000002,2.1907105218999998,2.1939863988899999
3.8279999999999998,2.343892297,4.5450161901000001,0.15132830912,0.14804063631,2.2011238931000001,2.1925639878799998,2.1958516606899998
3.8290000000000002,2.3441402513999998,4.5485830734999997,0.14972643878,0.14642776737999999,2.2044428220999999,2.1944138126199997,2.1977124840199997
3.8300000000000001,2.3443912357999999,4.5521510037999997,0.14813121903000001,0.14482234255000001,2.2077597679999998,2.1962600167699997,2.1995688932499999
3.831,2.3446453008999999,4.5557200057999996,0.14654268015999999,0.14322438814999999,2.2110747048999997,2.1981026207399998,2.2014209127499997
3.8319999999999999,2.3449024967000001,4.5592901047999996,0.1449608526,0.14163393067999999,2.2143876080999996,2.1999416440999999,2.2032685660200002
3.8330000000000002,2.3451628729,4.5628613264000002,0.14338576678000001,0.1400509965,2.2176984535000002,2.2017771061200002,2.2051118764000002
3.8340000000000001,2.3454264788999999,4.5664336966999999,0.14181745328000001,0.13847561177000001,2.2210072178,2.2036090256200001,2.2069508671299998
3.835,2.3456933635000001,4.5700072423,0.14025594275,0.13690780284000001,2.2243138787999999,2.20543742075,2.20878556066
3.8359999999999999,2.3459635750999999,4.5735819903000001,0.13870126579,0.13534759579,2.2276184152000003,2.2072623093099999,2.21061597931
3.8370000000000002,2.3462371617,4.5771579681999999,0.13715345327,0.13379501678,2.2309208064999999,2.2090837084300001,2.2124421449199998
3.8380000000000001,2.3465141709999999,4.5807352039999998,0.13561253596,0.13225009186,2.2342210329999999,2.2109016350399999,2.2142640791399999
3.839,2.3467946503000001,4.5843137261000004,0.13407854473,0.13071284700999999,2.2375190758000003,2.2127161055700002,2.2160818032900003
3.8399999999999999,2.3470786464,4.5878935633999998,0.13255151058,0.12918330819000001,2.2408149169999998,2.21452713582,2.21789533821
3.8410000000000002,2.3473662058999998,4.5914747453000002,0.13103146455,0.12766150127000001,2.2441085394000004,2.2163347413499999,2.2197047046299998
3.8420000000000001,2.3476573748999998,4.5950573015999998,0.12951843769999999,0.12614745209,2.2473999267,2.2181389372,2.2215099228099997
3.843,2.3479521992999999,4.5986412626000002,0.12801246120000001,0.12464118642999999,2.2506890633000003,2.2199397380999999,2.22331101287
3.8439999999999999,2.3482507244000002,4.6022266591000003,0.12651356628999999,0.12314272992,2.2539759347000001,2.2217371581100003,2.2251079944800001
3.8450000000000002,2.3485529952999999,4.6058135224000001,0.12502178414000001,0.12165210829000001,2.2572605271000001,2.2235312111600001,2.2269008870099998
3.8460000000000001,2.3488590568999999,4.6094018840000004,0.12353714617,0.12016934711,2.2605428271000005,2.22532191073,2.2286897097899998
3.847,2.3491689536,4.6129917761000003,0.12205968374999999,0.1186944719,2.2638228225000003,2.2271092698500001,2.2304744817
3.8479999999999999,2.3494827294,4.6165832313999999,0.12058942831,0.11722750814000001,2.2671005019999999,2.2288933010899998,2.23225522126
3.8490000000000002,2.3498004282,4.6201762829000002,0.11912641135,0.11576848125,2.2703758547000001,2.2306740168500001,2.2340319469500001
3.8500000000000001,2.3501220934,4.6237709641000002,0.1176706644,0.11431741655,2.2736488707000002,2.2324514290000002,2.23580467685
3.851,2.3504477682,4.6273673090000003,0.11622221903,0.11287433942,2.2769195408000003,2.23422554917,2.2375734287800002
3.8519999999999999,2.3507774953,4.6309653521999996,0.11478110693,0.11143927486000001,2.2801878568999996,2.2359963883699998,2.2393382204400001
3.8530000000000002,2.3511113174,4.6345651284000002,0.11334735980000001,0.11001224829,2.2834538110000002,2.2377639575999999,2.2410990691100001
3.8540000000000001,2.3514492767999999,4.6381666729999997,0.11192100933,0.10859328483,2.2867173961999998,2.2395282674699999,2.24285599197
3.855,2.3517914153000001,4.6417700219000002,0.11050208736,0.10718240921,2.2899786066000001,2.2412893279400001,2.2446090060900001
3.8559999999999999,2.3521377747000001,4.6453752111000002,0.10909062564999999,0.10577964675,2.2932374364000001,2.2430471490500001,2.2463581279500002
3.8570000000000002,2.3524883963000001,4.6489822772,0.10768665612,0.10438502224,2.2964938809,2.2448017401800002,2.2481033740600003
3.8580000000000001,2.3528433211999999,4.6525912569000001,0.10629021066,0.10299856059,2.2997479357000001,2.2465531105399998,2.2498447606099998
3.859,2.3532025903,4.6562021873999999,0.10490132122,0.10162028653000001,2.3029995970999999,2.2483012690800002,2.2515823037699998
3.8599999999999999,2.353566244,4.6598151065,0.10352001978,0.10025022491,2.3062488624999999,2.2500462242200001,2.2533160190900001
3.8610000000000002,2.3539343227999998,4.6634300521999998,0.10214633836000001,0.098888400252000005,2.3094957294,2.2517879844399999,2.2550459225479997
3.8620000000000001,2.3543068665,4.6670470631000001,0.10078030904,0.097534837302999999,2.3127401966000001,2.2535265574599999,2.2567720291970002
3.863,2.3546839150999999,4.6706661784000003,0.099421963879,0.096189560561999995,2.3159822633000005,2.2552619512209997,2.2584943545380001
3.8639999999999999,2.3550655078,4.6742874374000003,0.098071335021000003,0.094852594553999997,2.3192219296000003,2.2569941727790002,2.2602129132459998
3.8650000000000002,2.3554516840000002,4.6779108801999998,0.096728454628999996,0.093523963685000003,2.3224591961999996,2.2587232293710002,2.2619277203150001
3.8660000000000001,2.3558424827,4.6815365471000003,0.095393354833999994,0.092203692278999994,2.3256940644000004,2.2604491278659999,2.263638790421
3.867,2.3562379426,4.6851644789,0.094066067870000006,0.090891804721999994,2.3289265363,2.2621718747299999,2.2653461378779998
3.8679999999999999,2.3566381021999998,4.6887947171000004,0.092746626028999996,0.089588325213000003,2.3321566149000006,2.2638914761709996,2.2670497769869997
3.8690000000000002,2.3570429996,4.6924273031999997,0.091435061488,0.088293277864,2.3353843035999997,2.2656079381119998,2.268749721736
3.8700000000000001,2.3574526730000001,4.6960622794000004,0.090131406572,0.087006686888999998,2.3386096064000004,2.267321266428,2.270445986111
3.871,2.3578671602000001,4.6996996884,0.088835693593999995,0.085728576293,2.3418325281999999,2.2690314666060001,2.2721385839070001
3.8719999999999999,2.3582864985000001,4.7033395733000001,0.087547954888999996,0.084458970066999997,2.3450530748,2.2707385436109999,2.2738275284329998
3.8730000000000002,2.3587107253999999,4.7069819773999999,0.086268222790000001,0.083197892139999993,2.348271252,2.2724425026100001,2.2755128332600001
3.8740000000000001,2.3591398777000001,4.7106269448000004,0.084996529648999994,0.081945366377999998,2.3514870671000003,2.274143348051,2.277194511322
3.875,2.3595739926000001,4.7142745198,0.0837329079,0.080701416573000007,2.3547005271999999,2.2758410847000001,2.2788725760270001
3.8759999999999999,2.3600131063999998,4.7179247470999996,0.082477389883000005,0.079466066392999996,2.3579116406999998,2.2775357165169998,2.2805470400069998
3.8769999999999998,2.3604572556000001,4.7215776720999996,0.081230008037999998,0.078239339596000004,2.3611204164999995,2.2792272475619999,2.2822179160039999
3.8780000000000001,2.3609064764999999,4.7252333404,0.079990794798999995,0.077021259751999999,2.3643268639000001,2.2809156817009999,2.2838852167479997
3.879,2.3613608047999999,4.7288917981000003,0.078759782607999998,0.075811850464999997,2.3675309933000004,2.2826010221919999,2.2855489543349998
3.8799999999999999,2.3618202763,4.7325530917999998,0.077537003886999994,0.074611135071999998,2.3707328154999998,2.284283272413,2.2872091412280002
3.8809999999999998,2.3622849267000001,4.7362172685999999,0.076322491115000002,0.073419137044999999,2.3739323418999998,2.2859624355850001,2.288865789655
3.8820000000000001,2.362754791,4.7398843758,0.075116276748000005,0.072235879774000006,2.3771295848,2.2876385142519999,2.290518911226
3.883,2.3632299044999998,4.7435544613999996,0.073918393267999996,0.071061386542999996,2.3803245568999998,2.2893115112319999,2.2921685179569997
3.8839999999999999,2.3637103018999999,4.7472275737,0.072728873139000005,0.069895680540999996,2.3835172718000002,2.290981428761,2.293814621359
3.8849999999999998,2.3641960180999999,4.7509037615,0.071547748861999994,0.068738784907,2.3867077434000001,2.2926482692379997,2.2954572331929999
3.8860000000000001,2.3646870873000001,4.7545830740000001,0.070375052886000003,0.067590722776999998,2.3898959867,2.2943120344140002,2.297096364523
3.887,2.3651835439000002,4.7582655609,0.069210817728999993,0.066451517188999998,2.3930820169999998,2.2959727261710001,2.2987320267110003
3.8879999999999999,2.3656854218999999,4.7619512724000002,0.068055075842999996,0.065321191023999997,2.3962658505000003,2.2976303460569998,2.3003642308759997
3.8889999999999998,2.3661927552000002,4.7656402590000004,0.066907859745999998,0.064199767246999995,2.3994475038000003,2.2992848954539999,2.3019929879530001
3.8900000000000001,2.3667055771999999,4.7693325716999997,0.065769201898999999,0.063087268697000001,2.4026269944999998,2.3009363753009997,2.3036183085029998
3.891,2.3672239215999999,4.7730282620000004,0.064639134831999998,0.061983718122999999,2.4058043404000005,2.302584786768,2.3052402034770001
3.8919999999999999,2.3677478215000001,4.7767273792999996,0.063517690884,0.060889138277000002,2.4089795577999995,2.3042301306160002,2.306858683223
3.8929999999999998,2.3682773099999999,4.7804299722000003,0.062404902658,0.059803551645000001,2.4121526622000005,2.3058724073420001,2.3084737583549999
3.8940000000000001,2.3688124198999998,4.7841360893999996,0.06130080257,0.058726981083,2.4153236694999998,2.3075116173299999,2.310085438817
3.895,2.3693531837999999,4.7878457800999996,0.060205423007999997,0.057659448757999998,2.4184925962999997,2.3091477607919999,2.3116937350419997
3.8959999999999999,2.3698996341999998,4.7915590936000001,0.059118796502999997,0.056600977424999997,2.4216594594000003,2.310780837697,2.3132986567749998
3.8969999999999998,2.3704518032999999,4.7952760797999998,0.058040955462999998,0.055551589300000002,2.4248242764999999,2.312410847837,2.3149002140000001
3.8980000000000001,2.3710097230999998,4.7989967892000003,0.056971932273999999,0.054511306758999997,2.4279870661000005,2.3140377908259997,2.3164984163409996
3.899,2.3715734253999998,4.8027212724000004,0.055911759393999998,0.053480152051999998,2.4311478470000005,2.3156616660059997,2.318093273348
3.8999999999999999,2.3721429419,4.8064495805999998,0.054860469157999997,0.052458147397999998,2.4343066386999999,2.3172824727419998,2.3196847945019998
3.9009999999999998,2.3727183041000002,4.8101817656000003,0.053818093959000002,0.051445314866,2.4374634615000002,2.3189002101410003,2.3212729892340001
3.9020000000000001,2.3732995431999999,4.8139178794999999,0.052784666192,0.050441676618000003,2.4406183363,2.3205148770079997,2.3228578665819999
3.903,2.3738866904,4.8176579749000004,0.051760218161000002,0.049447254506000002,2.4437712845000004,2.3221264722389998,2.3244394358939999
3.9039999999999999,2.3744797763999999,4.8214021046999997,0.050744782204,0.048462070606000003,2.4469223282999999,2.3237349941959997,2.3260177057939999
3.9049999999999998,2.3750788319999998,4.8251503167000003,0.049738390610000002,0.047486146718999998,2.4500714847000005,2.3253404413899998,2.3275926852809996
3.9060000000000001,2.3756838877000002,4.8289026383999998,0.048741075681000001,0.046519504672000001,2.4532187506999996,2.3269428120190003,2.329164383028
3.907,2.3762949737999999,4.8326590934000002,0.047752869684999998,0.045562166259000003,2.4563641196000003,2.3285421041149998,2.3307328075409997
3.9079999999999999,2.3769121204000001,4.8364197046999999,0.046773804831,0.044614153062999998,2.4595075842999998,2.3301383155690001,2.3322979673369999
3.9089999999999998,2.3775353574999998,4.8401844956,0.045803913374999998,0.043675486752000003,2.4626491381000002,2.3317314441249999,2.3338598707479998
3.9100000000000001,2.3781647149,4.8439534888000004,0.044843227451999999,0.042746188854,2.4657887739000004,2.3333214874479999,2.3354185260459999
3.911,2.3788002220000002,4.8477267069999996,0.043891779286,0.041826280935000001,2.4689264849999994,2.3349084427140001,2.3369739410650001
3.9119999999999999,2.3794419083,4.8515041726000003,0.042949600958000003,0.040915784348000001,2.4720622643000003,2.3364923073420001,2.3385261239520001
3.9129999999999998,2.3800898030000002,4.8552859078999999,0.04201672461,0.040014720534999999,2.4751961048999997,2.3380730783900003,2.3400750824650003
3.9140000000000001,2.3807439348999999,4.8590719349000002,0.041093182297999999,0.039123110714999999,2.4783280000000003,2.3396507526020001,2.3416208241850001
3.915,2.3814043330999999,4.8628622753000004,0.040179006105999997,0.038240976106000003,2.4814579422000005,2.341225326994,2.3431633569939998
3.9159999999999999,2.3820710261000002,4.8666569508000004,0.039274228033,0.037368337964999998,2.4845859247000002,2.3427967980670004,2.3447026881350004
3.9169999999999998,2.3827440424000002,4.8704559827000002,0.038378880059000003,0.036505217356,2.4877119403000001,2.344365162341,2.3462388250440003
3.9180000000000001,2.3834234101999998,4.8742593922999999,0.037492994161999998,0.035651635351000001,2.4908359821000001,2.3459304160379997,2.3477717748489999
3.919,2.3841091576000002,4.8780672003000003,0.036616602210000002,0.034807612963000001,2.4939580427000001,2.3474925553900001,2.349301544637
3.9199999999999999,2.3848013126000001,4.8818794276000004,0.035749736152999999,0.033973171023000001,2.4970781150000003,2.3490515764470001,2.3508281415770003
3.9209999999999998,2.3854999027999999,4.8856960945000001,0.034892427793000003,0.033148330453000002,2.5001961917000002,2.3506074750070001,2.3523515723470001
3.9220000000000002,2.3862049558999998,4.8895172213000002,0.034044708977000002,0.032333112077000001,2.5033122654000004,2.3521602469229999,2.3538718438229997
3.923,2.3869164989999998,4.8933428279999998,0.033206611429999998,0.031527536590000002,2.506426329,2.35370988757,2.3553889624099997
3.9239999999999999,2.3876345594999999,4.8971729342000003,0.032378166947999998,0.030731624597999999,2.5095383747000004,2.355256392552,2.3569029349020001
3.9249999999999998,2.3883591644000002,4.9010075594,0.031559407206999998,0.029945396829999998,2.5126483949999998,2.3567997571930004,2.3584137675700001
3.9260000000000002,2.3890903404000001,4.9048467229000003,0.030750363853,0.029168873796,2.5157563825000002,2.3583399765470001,2.3599214666040003
3.927,2.3898281142000002,4.9086904413000001,0.029951068518000001,0.028402075964999999,2.5188623270999999,2.3598770456820004,2.3614260382350003
3.9279999999999999,2.3905725122999999,4.9125387274000003,0.029161552778000002,0.027645023764,2.5219662151000004,2.3614109595219999,2.3629274885360001
3.9289999999999998,2.3913235608000001,4.9163915932000002,0.028381848154000001,0.026897737551000001,2.5250680324000001,2.3629417126460002,2.3644258232490003
3.9300000000000002,2.3920812857999998,4.9202490503999998,0.027611986155999999,0.026160237651999999,2.5281677646,2.364469299644,2.365921048148
3.931,2.3928457132999998,4.9241111104000002,0.026851998198,0.025432544271000002,2.5312653971000003,2.3659937151019999,2.3674131690289997
3.9319999999999999,2.3936168688000001,4.9279777843000003,0.026101915696999999,0.024714677612999999,2.5343609155000002,2.367514953103,2.3689021911870003
3.9329999999999998,2.3943947779000001,4.9318490828000003,0.025361770012999999,0.024006657845000001,2.5374543049000002,2.3690330078869999,2.3703881200549999
3.9340000000000002,2.3951794659000001,4.9357250163000002,0.024631592450999999,0.023308504814999999,2.5405455504000001,2.370547873449,2.371870961085
3.9350000000000001,2.3959709578999999,4.9396055948999997,0.023911414331000001,0.022620238822999999,2.5436346369999998,2.3720595435689997,2.373350719077
3.9359999999999999,2.3967692788999999,4.9434908282999999,0.023201266697000001,0.021941879481000001,2.5467215494,2.3735680122030001,2.3748273994189999
3.9369999999999998,2.3975744535999999,4.9473807259999996,0.022501180828000001,0.021273446894,2.5498062723999997,2.3750732727720001,2.376301006706
3.9380000000000002,2.3983865066000001,4.9512752969999996,0.021811187861999998,0.020614960812999999,2.5528887903999995,2.3765753187379999,2.3777715457870001
3.9390000000000001,2.3992054622999999,4.9551745500999997,0.021131318818999999,0.019966440972,2.5559690877999999,2.3780741434809998,2.3792390213279999
3.9399999999999999,2.4000313449999999,4.9590784936999999,0.020461604735,0.019327907046999999,2.5590471486999999,2.379569740265,2.3807034379530001
3.9409999999999998,2.4008641787,4.9629871358999997,0.019802076543000001,0.018699378701,2.5621229571999997,2.3810621021570002,2.3821647999989999
3.9420000000000002,2.4017039871999999,4.9669004844,0.019152765166999999,0.018080875448000001,2.5651964972000001,2.3825512220329998,2.3836231117519997
3.9430000000000001,2.4025507942000002,4.9708185466000003,0.018513701462000001,0.017472416873999998,2.5682677524000002,2.3840370927380001,2.3850783773260003
3.944,2.4034046233000002,4.9747413295999996,0.017884916226000001,0.016874022387,2.5713367062999994,2.3855197070740002,2.3865306009130003
3.9449999999999998,2.4042654977,4.9786688402000001,0.017266440178000001,0.016285711386999999,2.5744033425000001,2.3869990575219999,2.3879797863130001
3.9460000000000002,2.4051334405000002,4.9826010846999997,0.016658304054000001,0.015707503218000001,2.5774676441999995,2.3884751364460004,2.3894259372820001
3.9470000000000001,2.4060084748000001,4.9865380658999996,0.016060538466000002,0.015139417087,2.5805295910999995,2.3899479363339999,2.3908690577130001
3.948,2.4068906232999998,4.9904797764,0.015473173995999999,0.014581472335,2.5835891531000001,2.3914174493039999,2.3923091509649996
3.9489999999999998,2.4077799084999998,4.9944262065,0.014896241225000001,0.014033687965,2.5866462980000002,2.3928836672749996,2.3937462205349997
3.9500000000000002,2.4086763530000002,4.9983773463999999,0.014329770453000001,0.013496083123,2.5897009933999997,2.3943465825470001,2.3951802698770002
3.9510000000000001,2.4095799789000001,5.0023331861999996,0.013773792246,0.012968676918000001,2.5927532072999995,2.3958061866540001,2.3966113019819999
3.952,2.4104908083000001,5.0062937161000001,0.013228336921,0.012451488217,2.5958029078,2.3972624713790003,2.3980393200829999
3.9529999999999998,2.4114088629000001,5.0102589258999997,0.012693434672999999,0.011944536011,2.5988500629999995,2.3987154282270002,2.3994643268889999
3.9540000000000002,2.4123341645999998,5.0142288056000002,0.012169115867000001,0.011447839155,2.6018946410000003,2.4001650487329997,2.4008863254449997
3.9550000000000001,2.4132667348000001,5.0182033446999998,0.011655410515000001,0.010961416446999999,2.6049366098999998,2.4016113242850001,2.4023053183530001
3.956,2.4142065949,5.0221825330999996,0.011152348842,0.010485286571000001,2.6079759381999996,2.4030542460580002,2.4037213083290001
3.9569999999999999,2.4151537659,5.0261663601000004,0.010659960881,0.010019468296000001,2.6110125942000004,2.4044938050189999,2.405134297604
3.9580000000000002,2.4161082688,5.0301548151000004,0.010178276525,0.0095639802021999995,2.6140465463000004,2.4059299922749999,2.4065442885978001
3.9590000000000001,2.4170701245999999,5.0341478873999996,0.0097073257816999992,0.0091188409141000001,2.6170777627999997,2.4073627988183,2.4079512836858998
3.96,2.4180393536000002,5.0381455657999998,0.0092471384592999993,0.0086840688736999991,2.6201062121999996,2.4087922151407004,2.4093552847263
3.9609999999999999,2.4190159763999999,5.0421478394000001,0.0087977443571000003,0.0082596825666000004,2.6231318630000002,2.4102182320429,2.4107562938334
3.9620000000000002,2.4200000132000001,5.0461546968000004,0.0083591731673999994,0.0078457003500999999,2.6261546836000003,2.4116408400326002,2.4121543128499003
3.9630000000000001,2.4209914841,5.0501661267999998,0.0079314546177999996,0.0074421406546999998,2.6291746426999998,2.4130600294822,2.4135493434452999
3.964,2.4219904090000002,5.0541821176999999,0.0075146182568000004,0.0070490217255000003,2.6321917086999997,2.4144757907432002,2.4149413872745003
3.9649999999999999,2.4229968075000001,5.0582026578999999,0.0071086936209999998,0.0066663617767000003,2.6352058503999998,2.4158881138790003,2.4163304457232999
3.9660000000000002,2.4240106994000001,5.0622277356999996,0.0067137101726999996,0.0062941789870000001,2.6382170362999995,2.4172969892273,2.4177165204130002
3.9670000000000001,2.4250321038,5.0662573392999999,0.0063296972806000003,0.0059324914870999999,2.6412252354999999,2.4187024065194,2.4190996123129
3.968,2.4260610401,5.0702914563999997,0.0059566843091000002,0.0055813173903000004,2.6442304162999997,2.4201043557909001,2.4204797227096999
3.9689999999999999,2.4270975271999999,5.0743300748999998,0.0055947004992000001,0.0052406745856999996,2.6472325476999998,2.4215028267008001,2.4218568526143001
3.9700000000000002,2.4281415839,5.0783731826,0.0052437750872999997,0.0049105810692999996,2.6502315987,2.4228978088127002,2.4232310028307
3.9710000000000001,2.4291932288,5.0824207669000003,0.0049039370569999999,0.0045910547400000003,2.6532275381000003,2.4242892917429999,2.4246021740599999
3.972,2.4302524805000001,5.0864728151999996,0.0045752156105999999,0.0042821134355000004,2.6562203346999995,2.4256772648894001,2.4259703670645001
3.9729999999999999,2.4313193573,5.0905293148000004,0.0042576396272,0.0039837749886000003,2.6592099575000003,2.4270617176728,2.4273355823114002
3.9740000000000002,2.4323938773,5.0945902526999998,0.0039512380957000002,0.0036960569973,2.6621963753999998,2.4284426392043001,2.4286978203027001
3.9750000000000001,2.4334760584000001,5.0986556160000003,0.0036560397765,0.0034189772444999998,2.6651795576000001,2.4298200186234999,2.4300570811555002
3.976,2.4345659185000001,5.1027253914999999,0.0033720735058000001,0.0031525533589000002,2.6681594729999998,2.4311938449942003,2.4314133651411001
3.9769999999999999,2.4356634751000001,5.1067995659000003,0.0030993679487000001,0.0028968028616000001,2.6711360908000001,2.4325641071513,2.4327666722384
3.9780000000000002,2.4367687456999998,5.1108781256000002,0.0028379517547,0.0026517432802000002,2.6741093799000004,2.4339307939452999,2.4341170024198
3.9790000000000001,2.4378817477000001,5.1149610571000004,0.0025878534201000001,0.0024173920521000001,2.6770793094000003,2.4352938942799001,2.4354643556479001
3.98,2.4390024979999998,5.1190483466999996,0.0023491014856999999,0.0021937666181000002,2.6800458486999998,2.4366533965142998,2.4368087313819
3.9809999999999999,2.4401310136999999,5.1231399805000004,0.0021217243220000002,0.0019808842824000001,2.6830089668000006,2.4380092893779999,2.4381501294176
3.9820000000000002,2.4412673115999999,5.1272359443999997,0.0019057502807999999,0.0017787623641000001,2.6859686327999999,2.4393615613191999,2.4394885492358998
3.9830000000000001,2.4424114082999999,5.1313362244,0.0017012076413,0.0015874181222999999,2.6889248161000001,2.4407102006587,2.4408239901776998
3.984,2.4435633202,5.1354408060000001,0.0015081245176,0.0014068686951,2.6918774858000001,2.4420551956823999,2.4421564515048999
3.9849999999999999,2.4447230637000001,5.1395496749999996,0.0013265290537999999,0.0012371312428,2.6948266112999995,2.4433965346462001,2.4434859324572002
3.9860000000000002,2.4458906548999999,5.1436628167,0.0011564493161000001,0.0010782228608999999,2.6977721618000001,2.4447342055839001,2.4448124320390998
3.9870000000000001,2.4470661099000002,5.1477802165000002,0.00099791324535999991,0.00093016063071000004,2.7007141066,2.44606819665464,2.4461359492692902
3.988,2.4482494444,5.1519018594999997,0.00085094873193000003,0.00079296138949000005,2.7036524150999997,2.4473984956680699,2.4474564830105101
3.9889999999999999,2.4494406742999999,5.1560277308,0.00071558354183999995,0.00066664223166999997,2.7065870565000001,2.4487250907581597,2.44877403206833
3.9900000000000002,2.4506398150000002,5.1601578153999998,0.00059184545665999999,0.00055121983227999995,2.7095180003999997,2.4500479695433404,2.45008859516772
3.9910000000000001,2.4518468818999999,5.1642920978999998,0.00047976211873999999,0.00044671120169999999,2.7124452159999999,2.4513671197812599,2.4514001706983
3.992,2.4530618903999999,5.1684305633000003,0.00037936109486,0.00035313307920000001,2.7153686729000004,2.45268252930514,2.4527087573207997
3.9929999999999999,2.4542848557000001,5.1725731959000001,0.00029066990430000003,0.00027050208421000002,2.7182883402,2.4539941857956999,2.4540143536157899
3.9940000000000002,2.4555157925,5.1767199801999997,0.00021371591605,0.00019883496654,2.7212041876999997,2.4553020765839499,2.4553169575334599
3.9950000000000001,2.4567547158999998,5.1808709006999996,0.00014852654968000001,0.00013814824935,2.7241161847999997,2.4566061893503197,2.45661656765065
3.996,2.4580016406,5.1850259414000002,9.5129013978999995e-05,8.8458625523000001e-05,2.7270243008000001,2.457906511586021,2.4579131819744768
3.9969999999999999,2.4592565811,5.1891850865000002,5.3550536158999997e-05,4.9782556236000001e-05,2.7299285054000002,2.4592030305638408,2.459206798543764
3.9980000000000002,2.4605195519,5.1933483200000001,2.3818231681999999e-05,2.2136483954999999e-05,2.7328287681000001,2.460495733668318,2.4604974154160448
3.9990000000000001,2.4617905672,5.1975156258000004,5.9590314607000001e-06,5.5368528046999997e-06,2.7357250586000004,2.4617846081685393,2.4617850303471953
4,2.4630696414000002,5.2016869876999996,1.0432543718000001e-11,9.8303587492000002e-12,2.7386173462999994,2.4630696413895676,2.4630696413901698
4.0010000000000003,2.4643567883999999,5.2058623894,5.9583947736e-06,5.5366745075e-06,2.7415056010000001,2.4643508300052264,2.4643512517254926
