event_id,job_name,seed,reconnection_mode,epsilon_x,delta_gamma,load,yield_regime,rev_u_cut,delta_rev_u,reversibility_measured,forward_m3_changes,event_class,delta_E_inter_over_V0,delta_E_S_over_V0,participation_fraction,saved_event_directory
"reversibilityProtocolTest,s150x150l0.14,1e-05,1.0PBCedgeFlipt4LBFGSEpsx1e-06energyDropThreshold1e-05s0:0.14068","reversibilityProtocolTest,s150x150l0.14,1e-05,1.0PBCedgeFlipt4LBFGSEpsx1e-06energyDropThreshold1e-05s0",0,edgeFlip,,1.0000000000010001e-05,0.14068,pre,0.06285727964184594,0.07831389138,False,140,reversibility_unmeasured,9.81608402488889e-06,9.826091376166662e-06,0.2233737288,
"reversibilityProtocolTest,s150x150l0.14,1e-05,1.0PBCedgeFlipt4LBFGSEpsx1e-06energyDropThreshold1e-05s0:0.14326","reversibilityProtocolTest,s150x150l0.14,1e-05,1.0PBCedgeFlipt4LBFGSEpsx1e-06energyDropThreshold1e-05s0",0,edgeFlip,,1.0000000000010001e-05,0.14326,pre,0.06285727964184594,0.10406342865,False,336,reversibility_unmeasured,0.00021104870811555553,0.0002110696602904366,0.27709530007,
"reversibilityProtocolTest,s150x150l0.14,1e-05,1.0PBCedgeFlipt4LBFGSEpsx1e-06energyDropThreshold1e-05s0:0.14683","reversibilityProtocolTest,s150x150l0.14,1e-05,1.0PBCedgeFlipt4LBFGSEpsx1e-06energyDropThreshold1e-05s0",0,edgeFlip,,1.0000000000010001e-05,0.14683,pre,0.06285727964184594,0.012430751874,False,28,reversibility_unmeasured,9.831798850666667e-07,1.0221788830689445e-06,0.27495273613,
"reversibilityProtocolTest,s150x150l0.14,1e-05,1.0PBCedgeFlipt4LBFGSEpsx1e-06energyDropThreshold1e-05s0:0.14806","reversibilityProtocolTest,s150x150l0.14,1e-05,1.0PBCedgeFlipt4LBFGSEpsx1e-06energyDropThreshold1e-05s0",0,edgeFlip,,1.0000000000010001e-05,0.14806,pre,0.06285727964184594,0.015999714084,False,49,reversibility_unmeasured,2.1659801475555555e-07,2.686473579248943e-07,0.13633809051,
"reversibilityProtocolTest,s150x150l0.14,1e-05,1.0PBCedgeFlipt4LBFGSEpsx1e-06energyDropThreshold1e-05s0:0.1482","reversibilityProtocolTest,s150x150l0.14,1e-05,1.0PBCedgeFlipt4LBFGSEpsx1e-06energyDropThreshold1e-05s0",0,edgeFlip,,1.0000000000010001e-05,0.1482,pre,0.06285727964184594,0.09580430618,False,175,reversibility_unmeasured,4.4837509e-05,4.4898673778041284e-05,0.02148401509,
"reversibilityProtocolTest,s150x150l0.14,1e-05,1.0PBCedgeFlipt4LBFGSEpsx1e-06energyDropThreshold1e-05s0:0.14848","reversibilityProtocolTest,s150x150l0.14,1e-05,1.0PBCedgeFlipt4LBFGSEpsx1e-06energyDropThreshold1e-05s0",0,edgeFlip,,1.0000000000010001e-05,0.14848,pre,0.06285727964184594,0.059495984975,False,144,reversibility_unmeasured,7.687146142222223e-05,7.692507765088218e-05,0.28878393218,
"reversibilityProtocolTest,s150x150l0.14,1e-05,1.0PBCedgeFlipt4LBFGSEpsx1e-06energyDropThreshold1e-05s0:0.14956","reversibilityProtocolTest,s150x150l0.14,1e-05,1.0PBCedgeFlipt4LBFGSEpsx1e-06energyDropThreshold1e-05s0",0,edgeFlip,,1.0000000000010001e-05,0.14956,pre,0.06285727964184594,0.14571127282,False,357,reversibility_unmeasured,6.0537290475555555e-05,6.060519880023397e-05,0.013756817708,
"reversibilityProtocolTest,s150x150l0.14,1e-05,1.0PBCedgeFlipt4LBFGSEpsx1e-06energyDropThreshold1e-05s0:0.15001","reversibilityProtocolTest,s150x150l0.14,1e-05,1.0PBCedgeFlipt4LBFGSEpsx1e-06energyDropThreshold1e-05s0",0,edgeFlip,,1.0000000000010001e-05,0.15001,pre,0.06285727964184594,0.081811466733,False,213,reversibility_unmeasured,2.962902418266667e-05,2.9681305340221165e-05,0.206974693,
"reversibilityProtocolTest,s150x150l0.14,1e-05,1.0PBCedgeFlipt4LBFGSEpsx1e-06energyDropThreshold1e-05s0:0.15402","reversibilityProtocolTest,s150x150l0.14,1e-05,1.0PBCedgeFlipt4LBFGSEpsx1e-06energyDropThreshold1e-05s0",0,edgeFlip,,1.0000000000010001e-05,0.15402,pre,0.06285727964184594,0.076948156465,False,189,reversibility_unmeasured,2.2540595256444448e-05,2.2599001144838996e-05,0.061858586702,
"reversibilityProtocolTest,s150x150l0.14,1e-05,1.0PBCedgeFlipt4LBFGSEpsx1e-06energyDropThreshold1e-05s0:0.1546","reversibilityProtocolTest,s150x150l0.14,1e-05,1.0PBCedgeFlipt4LBFGSEpsx1e-06energyDropThreshold1e-05s0",0,edgeFlip,,1.0000000000010001e-05,0.1546,pre,0.06285727964184594,0.11345808069,False,240,reversibility_unmeasured,8.508852402222223e-05,8.515133730235473e-05,0.18130337814,
"reversibilityProtocolTest,s150x150l0.14,1e-05,1.0PBCedgeFlipt4LBFGSEpsx1e-06energyDropThreshold1e-05s0:0.15726","reversibilityProtocolTest,s150x150l0.14,1e-05,1.0PBCedgeFlipt4LBFGSEpsx1e-06energyDropThreshold1e-05s0",0,edgeFlip,,1.0000000000010001e-05,0.15726,pre,0.06285727964184594,0.050532516174,False,46,reversibility_unmeasured,1.9265910728444444e-05,1.933100308471012e-05,0.071855071027,
"reversibilityProtocolTest,s150x150l0.14,1e-05,1.0PBCedgeFlipt4LBFGSEpsx1e-06energyDropThreshold1e-05s0:0.1573","reversibilityProtocolTest,s150x150l0.14,1e-05,1.0PBCedgeFlipt4LBFGSEpsx1e-06energyDropThreshold1e-05s0",0,edgeFlip,,1.0000000000010001e-05,0.1573,pre,0.06285727964184594,0.038432799084,False,95,reversibility_unmeasured,2.318833303111111e-05,2.3254293261363223e-05,0.16327222513,
"reversibilityProtocolTest,s150x150l0.14,1e-05,1.0PBCedgeFlipt4LBFGSEpsx1e-06energyDropThreshold1e-05s0:0.15869","reversibilityProtocolTest,s150x150l0.14,1e-05,1.0PBCedgeFlipt4LBFGSEpsx1e-06energyDropThreshold1e-05s0",0,edgeFlip,,1.0000000000010001e-05,0.15869,pre,0.06285727964184594,0.16901822122,True,409,irreversible_plastic,6.144815046222223e-05,6.152096180404669e-05,0.10067142945,"/Volumes/data/MTS2D_output/reversibilityProtocolTest,s150x150l0.14,1e-05,1.0PBCedgeFlipt4LBFGSEpsx1e-06energyDropThreshold1e-05s0/data/reversibilityData/irrev_drop_l_0.15868"
"reversibilityProtocolTest,s150x150l0.14,1e-05,1.0PBCedgeFlipt4LBFGSEpsx1e-06energyDropThreshold1e-05s0:0.15938","reversibilityProtocolTest,s150x150l0.14,1e-05,1.0PBCedgeFlipt4LBFGSEpsx1e-06energyDropThreshold1e-05s0",0,edgeFlip,,1.0000000000010001e-05,0.15938,pre,0.06285727964184594,0.049846506621,False,70,reversibility_unmeasured,6.088964187111111e-06,6.1270157575993125e-06,0.22412898163,
"reversibilityProtocolTest,s150x150l0.14,1e-05,1.0PBCedgeFlipt4LBFGSEpsx1e-06energyDropThreshold1e-05s0:0.16003","reversibilityProtocolTest,s150x150l0.14,1e-05,1.0PBCedgeFlipt4LBFGSEpsx1e-06energyDropThreshold1e-05s0",0,edgeFlip,,1.0000000000010001e-05,0.16003,pre,0.06285727964184594,0.065950525877,False,239,reversibility_unmeasured,1.0150757460444445e-07,1.438038352868413e-07,0.10823815064,
"reversibilityProtocolTest,s150x150l0.14,1e-05,1.0PBCedgeFlipt4LBFGSEpsx1e-06energyDropThreshold1e-05s0:0.16292","reversibilityProtocolTest,s150x150l0.14,1e-05,1.0PBCedgeFlipt4LBFGSEpsx1e-06energyDropThreshold1e-05s0",0,edgeFlip,,1.0000000000010001e-05,0.16292,pre,0.06285727964184594,0.0031190127189,False,2,reversibility_unmeasured,8.818592352000001e-07,9.578520475378759e-07,0.23814464779,
"reversibilityProtocolTest,s150x150l0.14,1e-05,1.0PBCedgeFlipt4LBFGSEpsx1e-06energyDropThreshold1e-05s0:0.16364","reversibilityProtocolTest,s150x150l0.14,1e-05,1.0PBCedgeFlipt4LBFGSEpsx1e-06energyDropThreshold1e-05s0",0,edgeFlip,,1.0000000000010001e-05,0.16364,pre,0.06285727964184594,0.0061260188037,False,11,reversibility_unmeasured,-7.838012669777779e-08,4.922631099664917e-09,0.20023914992,
"reversibilityProtocolTest,s150x150l0.14,1e-05,1.0PBCedgeFlipt4LBFGSEpsx1e-06energyDropThreshold1e-05s0:0.16626","reversibilityProtocolTest,s150x150l0.14,1e-05,1.0PBCedgeFlipt4LBFGSEpsx1e-06energyDropThreshold1e-05s0",0,edgeFlip,,1.0000000000010001e-05,0.16626,pre,0.06285727964184594,0.1245766565,True,373,irreversible_plastic,5.666657182666667e-05,5.6770993563711475e-05,0.037755757918,"/Volumes/data/MTS2D_output/reversibilityProtocolTest,s150x150l0.14,1e-05,1.0PBCedgeFlipt4LBFGSEpsx1e-06energyDropThreshold1e-05s0/data/reversibilityData/irrev_drop_l_0.16625"
"reversibilityProtocolTest,s150x150l0.14,1e-05,1.0PBCedgeFlipt4LBFGSEpsx1e-06energyDropThreshold1e-05s0:0.16657","reversibilityProtocolTest,s150x150l0.14,1e-05,1.0PBCedgeFlipt4LBFGSEpsx1e-06energyDropThreshold1e-05s0",0,edgeFlip,,1.0000000000010001e-05,0.16657,pre,0.06285727964184594,0.085620823037,False,226,reversibility_unmeasured,9.029030324888888e-05,9.040404394072539e-05,0.052561477231,
"reversibilityProtocolTest,s150x150l0.14,1e-05,1.0PBCedgeFlipt4LBFGSEpsx1e-06energyDropThreshold1e-05s0:0.16705","reversibilityProtocolTest,s150x150l0.14,1e-05,1.0PBCedgeFlipt4LBFGSEpsx1e-06energyDropThreshold1e-05s0",0,edgeFlip,,1.0000000000010001e-05,0.16705,pre,0.06285727964184594,0.024461042584,False,57,reversibility_unmeasured,4.515584294222222e-06,4.6366322003917855e-06,0.087834918876,
"reversibilityProtocolTest,s150x150l0.14,1e-05,1.0PBCedgeFlipt4LBFGSEpsx1e-06energyDropThreshold1e-05s0:0.16866","reversibilityProtocolTest,s150x150l0.14,1e-05,1.0PBCedgeFlipt4LBFGSEpsx1e-06energyDropThreshold1e-05s0",0,edgeFlip,,1.0000000000010001e-05,0.16866,pre,0.06285727964184594,0.037984154203,True,72,reversible_plastic,3.6407333784888887e-06,3.7806163385779556e-06,0.06526940883,"/Volumes/data/MTS2D_output/reversibilityProtocolTest,s150x150l0.14,1e-05,1.0PBCedgeFlipt4LBFGSEpsx1e-06energyDropThreshold1e-05s0/data/reversibilityData/irrev_drop_l_0.16865"
"reversibilityProtocolTest,s150x150l0.14,1e-05,1.0PBCedgeFlipt4LBFGSEpsx1e-06energyDropThreshold1e-05s0:0.16869","reversibilityProtocolTest,s150x150l0.14,1e-05,1.0PBCedgeFlipt4LBFGSEpsx1e-06energyDropThreshold1e-05s0",0,edgeFlip,,1.0000000000010001e-05,0.16869,pre,0.06285727964184594,0.028194994459,False,59,reversibility_unmeasured,2.7101929713333332e-06,2.8428383554367226e-06,0.16986457081,
"reversibilityProtocolTest,s150x150l0.14,1e-05,1.0PBCedgeFlipt4LBFGSEpsx1e-06energyDropThreshold1e-05s0:0.17084","reversibilityProtocolTest,s150x150l0.14,1e-05,1.0PBCedgeFlipt4LBFGSEpsx1e-06energyDropThreshold1e-05s0",0,edgeFlip,,1.0000000000010001e-05,0.17084,pre,0.06285727964184594,0.01063665234,False,18,reversibility_unmeasured,1.2506531241777778e-06,1.4016502742063293e-06,0.19231042288,
"reversibilityProtocolTest,s150x150l0.14,1e-05,1.0PBCedgeFlipt4LBFGSEpsx1e-06energyDropThreshold1e-05s0:0.1722","reversibilityProtocolTest,s150x150l0.14,1e-05,1.0PBCedgeFlipt4LBFGSEpsx1e-06energyDropThreshold1e-05s0",0,edgeFlip,,1.0000000000010001e-05,0.1722,pre,0.06285727964184594,0.21852792082,False,228,reversibility_unmeasured,2.4637894882666665e-05,2.4801148730759654e-05,0.4340811725,
"reversibilityProtocolTest,s150x150l0.14,1e-05,1.0PBCedgeFlipt4LBFGSEpsx1e-06energyDropThreshold1e-05s0:0.17388","reversibilityProtocolTest,s150x150l0.14,1e-05,1.0PBCedgeFlipt4LBFGSEpsx1e-06energyDropThreshold1e-05s0",0,edgeFlip,,1.0000000000010001e-05,0.17388,pre,0.06285727964184594,0.060593618017,False,118,reversibility_unmeasured,4.624534643555556e-05,4.639345269051268e-05,0.078780737414,
"reversibilityProtocolTest,s150x150l0.14,1e-05,1.0PBCedgeFlipt4LBFGSEpsx1e-06energyDropThreshold1e-05s0:0.17457","reversibilityProtocolTest,s150x150l0.14,1e-05,1.0PBCedgeFlipt4LBFGSEpsx1e-06energyDropThreshold1e-05s0",0,edgeFlip,,1.0000000000010001e-05,0.17457,pre,0.06285727964184594,0.050641223184,False,137,reversibility_unmeasured,0.00010507224121333332,0.0001052152858713296,0.20663191298,
"reversibilityProtocolTest,s150x150l0.14,1e-05,1.0PBCedgeFlipt4LBFGSEpsx1e-06energyDropThreshold1e-05s0:0.17733","reversibilityProtocolTest,s150x150l0.14,1e-05,1.0PBCedgeFlipt4LBFGSEpsx1e-06energyDropThreshold1e-05s0",0,edgeFlip,,1.0000000000010001e-05,0.17733,pre,0.06285727964184594,0.18873894004,False,368,reversibility_unmeasured,0.00010262885499111112,0.00010281607103643182,0.32494584758,
"reversibilityProtocolTest,s150x150l0.14,1e-05,1.0PBCedgeFlipt4LBFGSEpsx1e-06energyDropThreshold1e-05s0:0.18016","reversibilityProtocolTest,s150x150l0.14,1e-05,1.0PBCedgeFlipt4LBFGSEpsx1e-06energyDropThreshold1e-05s0",0,edgeFlip,,1.0000000000010001e-05,0.18016,pre,0.06285727964184594,0.04847774591,False,66,reversibility_unmeasured,6.121597743555555e-06,6.289555607308254e-06,0.041572540379,
"reversibilityProtocolTest,s150x150l0.14,1e-05,1.0PBCedgeFlipt4LBFGSEpsx1e-06energyDropThreshold1e-05s0:0.18059","reversibilityProtocolTest,s150x150l0.14,1e-05,1.0PBCedgeFlipt4LBFGSEpsx1e-06energyDropThreshold1e-05s0",0,edgeFlip,,1.0000000000010001e-05,0.18059,pre,0.06285727964184594,0.02927467236,False,93,reversibility_unmeasured,9.116114574666668e-06,9.277859332193353e-06,0.1916570738,
"reversibilityProtocolTest,s150x150l0.14,1e-05,1.0PBCedgeFlipt4LBFGSEpsx1e-06energyDropThreshold1e-05s0:0.18107","reversibilityProtocolTest,s150x150l0.14,1e-05,1.0PBCedgeFlipt4LBFGSEpsx1e-06energyDropThreshold1e-05s0",0,edgeFlip,,1.0000000000010001e-05,0.18107,pre,0.06285727964184594,0.053816562678,False,70,reversibility_unmeasured,1.572058394222222e-06,1.7433219787790221e-06,0.19288758338,
"reversibilityProtocolTest,s150x150l0.14,1e-05,1.0PBCedgeFlipt4LBFGSEpsx1e-06energyDropThreshold1e-05s0:0.18138","reversibilityProtocolTest,s150x150l0.14,1e-05,1.0PBCedgeFlipt4LBFGSEpsx1e-06energyDropThreshold1e-05s0",0,edgeFlip,,1.0000000000010001e-05,0.18138,pre,0.06285727964184594,0.0223659676,False,36,reversibility_unmeasured,3.6043601565333336e-07,5.277716217948283e-07,0.1831661914,
"reversibilityProtocolTest,s150x150l0.14,1e-05,1.0PBCedgeFlipt4LBFGSEpsx1e-06energyDropThreshold1e-05s0:0.18258","reversibilityProtocolTest,s150x150l0.14,1e-05,1.0PBCedgeFlipt4LBFGSEpsx1e-06energyDropThreshold1e-05s0",0,edgeFlip,,1.0000000000010001e-05,0.18258,pre,0.06285727964184594,0.0053690407762,False,13,reversibility_unmeasured,-2.1238404487111113e-08,1.5873414819604173e-07,0.15517179848,
"reversibilityProtocolTest,s150x150l0.14,1e-05,1.0PBCedgeFlipt4LBFGSEpsx1e-06energyDropThreshold1e-05s0:0.18328","reversibilityProtocolTest,s150x150l0.14,1e-05,1.0PBCedgeFlipt4LBFGSEpsx1e-06energyDropThreshold1e-05s0",0,edgeFlip,,1.0000000000010001e-05,0.18328,pre,0.06285727964184594,0.24460188924,False,486,reversibility_unmeasured,0.00010119928274666666,0.00010138707926677676,0.10606218394,
"reversibilityProtocolTest,s150x150l0.14,1e-05,1.0PBCedgeFlipt4LBFGSEpsx1e-06energyDropThreshold1e-05s0:0.18471","reversibilityProtocolTest,s150x150l0.14,1e-05,1.0PBCedgeFlipt4LBFGSEpsx1e-06energyDropThreshold1e-05s0",0,edgeFlip,,1.0000000000010001e-05,0.18471,pre,0.06285727964184594,0.10985278566,False,141,reversibility_unmeasured,3.735510618311111e-05,3.748409612671569e-05,0.17307469018,
"reversibilityProtocolTest,s150x150l0.14,1e-05,1.0PBCedgeFlipt4LBFGSEpsx1e-06energyDropThreshold1e-05s0:0.18771","reversibilityProtocolTest,s150x150l0.14,1e-05,1.0PBCedgeFlipt4LBFGSEpsx1e-06energyDropThreshold1e-05s0",0,edgeFlip,,1.0000000000010001e-05,0.18771,pre,0.06285727964184594,0.1747804186,False,102,reversibility_unmeasured,5.025018091555555e-06,5.1652249953943085e-06,0.25736314486,
"reversibilityProtocolTest,s150x150l0.14,1e-05,1.0PBCedgeFlipt4LBFGSEpsx1e-06energyDropThreshold1e-05s0:0.18927","reversibilityProtocolTest,s150x150l0.14,1e-05,1.0PBCedgeFlipt4LBFGSEpsx1e-06energyDropThreshold1e-05s0",0,edgeFlip,,1.0000000000010001e-05,0.18927,pre,0.06285727964184594,0.18607111485,False,443,reversibility_unmeasured,0.0001369126339288889,0.00013706699326784499,0.21433464422,
"reversibilityProtocolTest,s150x150l0.14,1e-05,1.0PBCedgeFlipt4LBFGSEpsx1e-06energyDropThreshold1e-05s0:0.19066","reversibilityProtocolTest,s150x150l0.14,1e-05,1.0PBCedgeFlipt4LBFGSEpsx1e-06energyDropThreshold1e-05s0",0,edgeFlip,,1.0000000000010001e-05,0.19066,pre,0.06285727964184594,0.054020713592,False,86,reversibility_unmeasured,2.3130627795555555e-06,2.4728057530865044e-06,0.2735073812,
"reversibilityProtocolTest,s150x150l0.14,1e-05,1.0PBCedgeFlipt4LBFGSEpsx1e-06energyDropThreshold1e-05s0:0.19103","reversibilityProtocolTest,s150x150l0.14,1e-05,1.0PBCedgeFlipt4LBFGSEpsx1e-06energyDropThreshold1e-05s0",0,edgeFlip,,1.0000000000010001e-05,0.19103,pre,0.06285727964184594,0.18883397884,False,368,reversibility_unmeasured,7.833843618666667e-05,7.84896077554663e-05,0.3359891212,
"reversibilityProtocolTest,s150x150l0.14,1e-05,1.0PBCedgeFlipt4LBFGSEpsx1e-06energyDropThreshold1e-05s0:0.19379","reversibilityProtocolTest,s150x150l0.14,1e-05,1.0PBCedgeFlipt4LBFGSEpsx1e-06energyDropThreshold1e-05s0",0,edgeFlip,,1.0000000000010001e-05,0.19379,pre,0.06285727964184594,0.0036495382167,True,5,reversible_plastic,2.1471626521333336e-06,2.2792069008750737e-06,0.31616815123,"/Volumes/data/MTS2D_output/reversibilityProtocolTest,s150x150l0.14,1e-05,1.0PBCedgeFlipt4LBFGSEpsx1e-06energyDropThreshold1e-05s0/data/reversibilityData/irrev_drop_l_0.19378"
"reversibilityProtocolTest,s150x150l0.14,1e-05,1.0PBCedgeFlipt4LBFGSEpsx1e-06energyDropThreshold1e-05s0:0.19518","reversibilityProtocolTest,s150x150l0.14,1e-05,1.0PBCedgeFlipt4LBFGSEpsx1e-06energyDropThreshold1e-05s0",0,edgeFlip,,1.0000000000010001e-05,0.19518,pre,0.06285727964184594,0.076337223147,False,98,reversibility_unmeasured,2.6456029587555556e-05,2.6604767988448607e-05,0.025003505553,
"reversibilityProtocolTest,s150x150l0.14,1e-05,1.0PBCedgeFlipt4LBFGSEpsx1e-06energyDropThreshold1e-05s0:0.19581","reversibilityProtocolTest,s150x150l0.14,1e-05,1.0PBCedgeFlipt4LBFGSEpsx1e-06energyDropThreshold1e-05s0",0,edgeFlip,,1.0000000000010001e-05,0.19581,pre,0.06285727964184594,0.20083303744,False,455,reversibility_unmeasured,0.0004203898343511111,0.0004205412289378109,0.14576170112,
"reversibilityProtocolTest,s150x150l0.14,1e-05,1.0PBCedgeFlipt4LBFGSEpsx1e-06energyDropThreshold1e-05s0:0.19619","reversibilityProtocolTest,s150x150l0.14,1e-05,1.0PBCedgeFlipt4LBFGSEpsx1e-06energyDropThreshold1e-05s0",0,edgeFlip,,1.0000000000010001e-05,0.19619,pre,0.06285727964184594,0.026920925104,False,67,reversibility_unmeasured,1.0211256628444445e-05,1.0281218883754819e-05,0.13608530073,
"reversibilityProtocolTest,s150x150l0.14,1e-05,1.0PBCedgeFlipt4LBFGSEpsx1e-06energyDropThreshold1e-05s0:0.19769","reversibilityProtocolTest,s150x150l0.14,1e-05,1.0PBCedgeFlipt4LBFGSEpsx1e-06energyDropThreshold1e-05s0",0,edgeFlip,,1.0000000000010001e-05,0.19769,pre,0.06285727964184594,0.033879293181,False,51,reversibility_unmeasured,2.6497463928e-06,2.729140458287323e-06,0.045673597224,
"reversibilityProtocolTest,s150x150l0.14,1e-05,1.0PBCedgeFlipt4LBFGSEpsx1e-06energyDropThreshold1e-05s0:0.19933","reversibilityProtocolTest,s150x150l0.14,1e-05,1.0PBCedgeFlipt4LBFGSEpsx1e-06energyDropThreshold1e-05s0",0,edgeFlip,,1.0000000000010001e-05,0.19933,pre,0.06285727964184594,0.047923665786,False,104,reversibility_unmeasured,2.6616757812888888e-05,2.6708569617634086e-05,0.27535981947,
"reversibilityProtocolTest,s150x150l0.14,1e-05,1.0PBCedgeFlipt4LBFGSEpsx1e-06energyDropThreshold1e-05s0:0.20047","reversibilityProtocolTest,s150x150l0.14,1e-05,1.0PBCedgeFlipt4LBFGSEpsx1e-06energyDropThreshold1e-05s0",0,edgeFlip,,1.0000000000010001e-05,0.20047,pre,0.06285727964184594,0.125111143,False,179,reversibility_unmeasured,3.5511936981333334e-05,3.5611292505090985e-05,0.40359240424,
"reversibilityProtocolTest,s150x150l0.14,1e-05,1.0PBCedgeFlipt4LBFGSEpsx1e-06energyDropThreshold1e-05s0:0.20238","reversibilityProtocolTest,s150x150l0.14,1e-05,1.0PBCedgeFlipt4LBFGSEpsx1e-06energyDropThreshold1e-05s0",0,edgeFlip,,1.0000000000010001e-05,0.20238,pre,0.06285727964184594,0.045734182062,True,128,reversible_plastic,4.492096073333334e-06,4.581954238484008e-06,0.32996713596,"/Volumes/data/MTS2D_output/reversibilityProtocolTest,s150x150l0.14,1e-05,1.0PBCedgeFlipt4LBFGSEpsx1e-06energyDropThreshold1e-05s0/data/reversibilityData/irrev_drop_l_0.20237"
"reversibilityProtocolTest,s150x150l0.14,1e-05,1.0PBCedgeFlipt4LBFGSEpsx1e-06energyDropThreshold1e-05s0:0.20367","reversibilityProtocolTest,s150x150l0.14,1e-05,1.0PBCedgeFlipt4LBFGSEpsx1e-06energyDropThreshold1e-05s0",0,edgeFlip,,1.0000000000010001e-05,0.20367,pre,0.06285727964184594,0.015519919168,False,19,reversibility_unmeasured,3.0710229429333332e-06,3.162966014603954e-06,0.35695098635,
"reversibilityProtocolTest,s150x150l0.14,1e-05,1.0PBCedgeFlipt4LBFGSEpsx1e-06energyDropThreshold1e-05s0:0.20505","reversibilityProtocolTest,s150x150l0.14,1e-05,1.0PBCedgeFlipt4LBFGSEpsx1e-06energyDropThreshold1e-05s0",0,edgeFlip,,1.0000000000010001e-05,0.20505,pre,0.06285727964184594,0.016199611378,False,20,reversibility_unmeasured,-6.860145702666667e-08,3.7754152975821856e-08,0.20286760536,
"reversibilityProtocolTest,s150x150l0.14,1e-05,1.0PBCedgeFlipt4LBFGSEpsx1e-06energyDropThreshold1e-05s0:0.20841","reversibilityProtocolTest,s150x150l0.14,1e-05,1.0PBCedgeFlipt4LBFGSEpsx1e-06energyDropThreshold1e-05s0",0,edgeFlip,,1.0000000000010001e-05,0.20841,pre,0.06285727964184594,0.38618240894,False,776,reversibility_unmeasured,0.00032522978887555555,0.0003253736890981309,0.17479099501,
"reversibilityProtocolTest,s150x150l0.14,1e-05,1.0PBCedgeFlipt4LBFGSEpsx1e-06energyDropThreshold1e-05s0:0.20874","reversibilityProtocolTest,s150x150l0.14,1e-05,1.0PBCedgeFlipt4LBFGSEpsx1e-06energyDropThreshold1e-05s0",0,edgeFlip,,1.0000000000010001e-05,0.20874,pre,0.06285727964184594,0.021463792564,False,29,reversibility_unmeasured,2.593873893377778e-07,3.5614026745570804e-07,0.13277906796,
"reversibilityProtocolTest,s150x150l0.14,1e-05,1.0PBCedgeFlipt4LBFGSEpsx1e-06energyDropThreshold1e-05s0:0.21221","reversibilityProtocolTest,s150x150l0.14,1e-05,1.0PBCedgeFlipt4LBFGSEpsx1e-06energyDropThreshold1e-05s0",0,edgeFlip,,1.0000000000010001e-05,0.21221,pre,0.06285727964184594,0.043344482656,True,76,reversible_plastic,2.3259932297333333e-06,2.4627037945985344e-06,0.25896409505,"/Volumes/data/MTS2D_output/reversibilityProtocolTest,s150x150l0.14,1e-05,1.0PBCedgeFlipt4LBFGSEpsx1e-06energyDropThreshold1e-05s0/data/reversibilityData/irrev_drop_l_0.21220"
"reversibilityProtocolTest,s150x150l0.14,1e-05,1.0PBCedgeFlipt4LBFGSEpsx1e-06energyDropThreshold1e-05s0:0.2128","reversibilityProtocolTest,s150x150l0.14,1e-05,1.0PBCedgeFlipt4LBFGSEpsx1e-06energyDropThreshold1e-05s0",0,edgeFlip,,1.0000000000010001e-05,0.2128,pre,0.06285727964184594,0.013121916768,False,23,reversibility_unmeasured,8.661184234222223e-08,2.184123275059038e-07,0.25502393964,
"reversibilityProtocolTest,s150x150l0.14,1e-05,1.0PBCedgeFlipt4LBFGSEpsx1e-06energyDropThreshold1e-05s0:0.21314","reversibilityProtocolTest,s150x150l0.14,1e-05,1.0PBCedgeFlipt4LBFGSEpsx1e-06energyDropThreshold1e-05s0",0,edgeFlip,,1.0000000000010001e-05,0.21314,pre,0.06285727964184594,0.040103653717,False,57,reversibility_unmeasured,1.5262716121777776e-06,1.6622490723168287e-06,0.23174609081,
"reversibilityProtocolTest,s150x150l0.14,1e-05,1.0PBCedgeFlipt4LBFGSEpsx1e-06energyDropThreshold1e-05s0:0.21584","reversibilityProtocolTest,s150x150l0.14,1e-05,1.0PBCedgeFlipt4LBFGSEpsx1e-06energyDropThreshold1e-05s0",0,edgeFlip,,1.0000000000010001e-05,0.21584,pre,0.06285727964184594,0.16631848927,False,21,reversibility_unmeasured,4.598496433777778e-07,6.235557414356663e-07,0.24704601221,
"reversibilityProtocolTest,s150x150l0.14,1e-05,1.0PBCedgeFlipt4LBFGSEpsx1e-06energyDropThreshold1e-05s0:0.21631","reversibilityProtocolTest,s150x150l0.14,1e-05,1.0PBCedgeFlipt4LBFGSEpsx1e-06energyDropThreshold1e-05s0",0,edgeFlip,,1.0000000000010001e-05,0.21631,pre,0.06285727964184594,0.17749587664,False,7,reversibility_unmeasured,-1.6461142871111111e-07,1.6812728467306846e-09,0.30122186478,
"reversibilityProtocolTest,s150x150l0.14,1e-05,1.0PBCedgeFlipt4LBFGSEpsx1e-06energyDropThreshold1e-05s0:0.21679","reversibilityProtocolTest,s150x150l0.14,1e-05,1.0PBCedgeFlipt4LBFGSEpsx1e-06energyDropThreshold1e-05s0",0,edgeFlip,,1.0000000000010001e-05,0.21679,pre,0.06285727964184594,0.17952422276,False,450,reversibility_unmeasured,0.00026893090805777775,0.00026910356473947245,0.064060511756,
"reversibilityProtocolTest,s150x150l0.14,1e-05,1.0PBCedgeFlipt4LBFGSEpsx1e-06energyDropThreshold1e-05s0:0.21798","reversibilityProtocolTest,s150x150l0.14,1e-05,1.0PBCedgeFlipt4LBFGSEpsx1e-06energyDropThreshold1e-05s0",0,edgeFlip,,1.0000000000010001e-05,0.21798,pre,0.06285727964184594,0.0040727358933,False,11,reversibility_unmeasured,1.2942752456e-07,3.1412290758162774e-07,0.20573720505,
"reversibilityProtocolTest,s150x150l0.14,1e-05,1.0PBCedgeFlipt4LBFGSEpsx1e-06energyDropThreshold1e-05s0:0.22217","reversibilityProtocolTest,s150x150l0.14,1e-05,1.0PBCedgeFlipt4LBFGSEpsx1e-06energyDropThreshold1e-05s0",0,edgeFlip,,1.0000000000010001e-05,0.22217,pre,0.06285727964184594,0.069211290324,False,140,reversibility_unmeasured,9.483208849333332e-05,9.508089337406824e-05,0.30057736976,
"reversibilityProtocolTest,s150x150l0.14,1e-05,1.0PBCedgeFlipt4LBFGSEpsx1e-06energyDropThreshold1e-05s0:0.22333","reversibilityProtocolTest,s150x150l0.14,1e-05,1.0PBCedgeFlipt4LBFGSEpsx1e-06energyDropThreshold1e-05s0",0,edgeFlip,,1.0000000000010001e-05,0.22333,pre,0.06285727964184594,0.0079759135529,False,13,reversibility_unmeasured,7.774358675111112e-07,1.0237777537737556e-06,0.2209872345,
"reversibilityProtocolTest,s150x150l0.14,1e-05,1.0PBCedgeFlipt4LBFGSEpsx1e-06energyDropThreshold1e-05s0:0.22355","reversibilityProtocolTest,s150x150l0.14,1e-05,1.0PBCedgeFlipt4LBFGSEpsx1e-06energyDropThreshold1e-05s0",0,edgeFlip,,1.0000000000010001e-05,0.22355,pre,0.06285727964184594,0.17816743937,False,309,reversibility_unmeasured,0.0001995265555022222,0.00019977448033868466,0.14773974986,
"reversibilityProtocolTest,s150x150l0.14,1e-05,1.0PBCedgeFlipt4LBFGSEpsx1e-06energyDropThreshold1e-05s0:0.22481","reversibilityProtocolTest,s150x150l0.14,1e-05,1.0PBCedgeFlipt4LBFGSEpsx1e-06energyDropThreshold1e-05s0",0,edgeFlip,,1.0000000000010001e-05,0.22481,pre,0.06285727964184594,0.20469160291,False,430,reversibility_unmeasured,0.00023535972713333334,0.00023555612571799682,0.16765816198,
"reversibilityProtocolTest,s150x150l0.14,1e-05,1.0PBCedgeFlipt4LBFGSEpsx1e-06energyDropThreshold1e-05s0:0.23149","reversibilityProtocolTest,s150x150l0.14,1e-05,1.0PBCedgeFlipt4LBFGSEpsx1e-06energyDropThreshold1e-05s0",0,edgeFlip,,1.0000000000010001e-05,0.23149,pre,0.06285727964184594,0.27180551401,False,254,reversibility_unmeasured,4.7607444066666665e-05,4.7798220066424494e-05,0.31215056605,
"reversibilityProtocolTest,s150x150l0.14,1e-05,1.0PBCedgeFlipt4LBFGSEpsx1e-06energyDropThreshold1e-05s0:0.23177","reversibilityProtocolTest,s150x150l0.14,1e-05,1.0PBCedgeFlipt4LBFGSEpsx1e-06energyDropThreshold1e-05s0",0,edgeFlip,,1.0000000000010001e-05,0.23177,pre,0.06285727964184594,0.21225150062,False,105,reversibility_unmeasured,4.027953028577778e-05,4.04281610993179e-05,0.41448328089,
"reversibilityProtocolTest,s150x150l0.14,1e-05,1.0PBCedgeFlipt4LBFGSEpsx1e-06energyDropThreshold1e-05s0:0.23188","reversibilityProtocolTest,s150x150l0.14,1e-05,1.0PBCedgeFlipt4LBFGSEpsx1e-06energyDropThreshold1e-05s0",0,edgeFlip,,1.0000000000010001e-05,0.23188,pre,0.06285727964184594,0.14958157475,False,251,reversibility_unmeasured,8.929000397777779e-05,8.943179919469028e-05,0.094665992508,
"reversibilityProtocolTest,s150x150l0.14,1e-05,1.0PBCedgeFlipt4LBFGSEpsx1e-06energyDropThreshold1e-05s0:0.23396","reversibilityProtocolTest,s150x150l0.14,1e-05,1.0PBCedgeFlipt4LBFGSEpsx1e-06energyDropThreshold1e-05s0",0,edgeFlip,,1.0000000000010001e-05,0.23396,pre,0.06285727964184594,0.059448745699,False,62,reversibility_unmeasured,2.753510217422222e-07,3.8046529145642835e-07,0.032044889441,
"reversibilityProtocolTest,s150x150l0.14,1e-05,1.0PBCedgeFlipt4LBFGSEpsx1e-06energyDropThreshold1e-05s0:0.23476","reversibilityProtocolTest,s150x150l0.14,1e-05,1.0PBCedgeFlipt4LBFGSEpsx1e-06energyDropThreshold1e-05s0",0,edgeFlip,,1.0000000000010001e-05,0.23476,pre,0.06285727964184594,0.062283431457,False,61,reversibility_unmeasured,5.605345037333334e-07,6.69807416534872e-07,0.038038238285,
"reversibilityProtocolTest,s150x150l0.14,1e-05,1.0PBCedgeFlipt4LBFGSEpsx1e-06energyDropThreshold1e-05s0:0.23478","reversibilityProtocolTest,s150x150l0.14,1e-05,1.0PBCedgeFlipt4LBFGSEpsx1e-06energyDropThreshold1e-05s0",0,edgeFlip,,1.0000000000010001e-05,0.23478,pre,0.06285727964184594,0.053481671524,True,62,reversible_plastic,3.365610623466667e-06,3.4678778296697348e-06,0.12866763165,"/Volumes/data/MTS2D_output/reversibilityProtocolTest,s150x150l0.14,1e-05,1.0PBCedgeFlipt4LBFGSEpsx1e-06energyDropThreshold1e-05s0/data/reversibilityData/irrev_drop_l_0.23477"
"reversibilityProtocolTest,s150x150l0.14,1e-05,1.0PBCedgeFlipt4LBFGSEpsx1e-06energyDropThreshold1e-05s0:0.23666","reversibilityProtocolTest,s150x150l0.14,1e-05,1.0PBCedgeFlipt4LBFGSEpsx1e-06energyDropThreshold1e-05s0",0,edgeFlip,,1.0000000000010001e-05,0.23666,pre,0.06285727964184594,0.014147835532,False,23,reversibility_unmeasured,6.902334280444445e-09,1.4011021505603418e-07,0.14079280392,
"reversibilityProtocolTest,s150x150l0.14,1e-05,1.0PBCedgeFlipt4LBFGSEpsx1e-06energyDropThreshold1e-05s0:0.23775","reversibilityProtocolTest,s150x150l0.14,1e-05,1.0PBCedgeFlipt4LBFGSEpsx1e-06energyDropThreshold1e-05s0",0,edgeFlip,,1.0000000000010001e-05,0.23775,pre,0.06285727964184594,0.059841113202,False,124,reversibility_unmeasured,3.078733413644445e-05,3.092892403738953e-05,0.036889546944,
"reversibilityProtocolTest,s150x150l0.14,1e-05,1.0PBCedgeFlipt4LBFGSEpsx1e-06energyDropThreshold1e-05s0:0.23791","reversibilityProtocolTest,s150x150l0.14,1e-05,1.0PBCedgeFlipt4LBFGSEpsx1e-06energyDropThreshold1e-05s0",0,edgeFlip,,1.0000000000010001e-05,0.23791,pre,0.06285727964184594,0.050659778411,False,113,reversibility_unmeasured,5.4428356564444445e-06,5.586478604277545e-06,0.17759577957,
"reversibilityProtocolTest,s150x150l0.14,1e-05,1.0PBCedgeFlipt4LBFGSEpsx1e-06energyDropThreshold1e-05s0:0.23931","reversibilityProtocolTest,s150x150l0.14,1e-05,1.0PBCedgeFlipt4LBFGSEpsx1e-06energyDropThreshold1e-05s0",0,edgeFlip,,1.0000000000010001e-05,0.23931,pre,0.06285727964184594,0.15911836347,False,197,reversibility_unmeasured,0.00014980093962222221,0.0001499875612255582,0.15022809321,
"reversibilityProtocolTest,s150x150l0.14,1e-05,1.0PBCedgeFlipt4LBFGSEpsx1e-06energyDropThreshold1e-05s0:0.24249","reversibilityProtocolTest,s150x150l0.14,1e-05,1.0PBCedgeFlipt4LBFGSEpsx1e-06energyDropThreshold1e-05s0",0,edgeFlip,,1.0000000000010001e-05,0.24249,pre,0.06285727964184594,0.053499268023,False,65,reversibility_unmeasured,7.882938816444444e-06,8.10434367450878e-06,0.11749490738,
"reversibilityProtocolTest,s150x150l0.14,1e-05,1.0PBCedgeFlipt4LBFGSEpsx1e-06energyDropThreshold1e-05s0:0.24311","reversibilityProtocolTest,s150x150l0.14,1e-05,1.0PBCedgeFlipt4LBFGSEpsx1e-06energyDropThreshold1e-05s0",0,edgeFlip,,1.0000000000010001e-05,0.24311,pre,0.06285727964184594,0.051511288863,True,75,reversible_plastic,1.0482932496e-05,1.0696867461885202e-05,0.14268386691,"/Volumes/data/MTS2D_output/reversibilityProtocolTest,s150x150l0.14,1e-05,1.0PBCedgeFlipt4LBFGSEpsx1e-06energyDropThreshold1e-05s0/data/reversibilityData/irrev_drop_l_0.24310"
"reversibilityProtocolTest,s150x150l0.14,1e-05,1.0PBCedgeFlipt4LBFGSEpsx1e-06energyDropThreshold1e-05s0:0.2447","reversibilityProtocolTest,s150x150l0.14,1e-05,1.0PBCedgeFlipt4LBFGSEpsx1e-06energyDropThreshold1e-05s0",0,edgeFlip,,1.0000000000010001e-05,0.2447,pre,0.06285727964184594,0.021875089293,False,28,reversibility_unmeasured,-1.050501750088889e-07,1.2739218253727814e-07,0.048847405195,
"reversibilityProtocolTest,s150x150l0.14,1e-05,1.0PBCedgeFlipt4LBFGSEpsx1e-06energyDropThreshold1e-05s0:0.2461","reversibilityProtocolTest,s150x150l0.14,1e-05,1.0PBCedgeFlipt4LBFGSEpsx1e-06energyDropThreshold1e-05s0",0,edgeFlip,,1.0000000000010001e-05,0.2461,pre,0.06285727964184594,0.15418926365,False,271,reversibility_unmeasured,0.00014138087464,0.0001416332423004601,0.10997142755,
"reversibilityProtocolTest,s150x150l0.14,1e-05,1.0PBCedgeFlipt4LBFGSEpsx1e-06energyDropThreshold1e-05s0:0.24816","reversibilityProtocolTest,s150x150l0.14,1e-05,1.0PBCedgeFlipt4LBFGSEpsx1e-06energyDropThreshold1e-05s0",0,edgeFlip,,1.0000000000010001e-05,0.24816,pre,0.06285727964184594,0.027905965042,False,36,reversibility_unmeasured,3.0026763631555555e-06,3.2752983099922202e-06,0.27765091451,
"reversibilityProtocolTest,s150x150l0.14,1e-05,1.0PBCedgeFlipt4LBFGSEpsx1e-06energyDropThreshold1e-05s0:0.25013","reversibilityProtocolTest,s150x150l0.14,1e-05,1.0PBCedgeFlipt4LBFGSEpsx1e-06energyDropThreshold1e-05s0",0,edgeFlip,,1.0000000000010001e-05,0.25013,pre,0.06285727964184594,0.014363363437,False,14,reversibility_unmeasured,6.960786892e-07,9.981225523429455e-07,0.17045773192,
"reversibilityProtocolTest,s150x150l0.14,1e-05,1.0PBCedgeFlipt4LBFGSEpsx1e-06energyDropThreshold1e-05s0:0.25142","reversibilityProtocolTest,s150x150l0.14,1e-05,1.0PBCedgeFlipt4LBFGSEpsx1e-06energyDropThreshold1e-05s0",0,edgeFlip,,1.0000000000010001e-05,0.25142,pre,0.06285727964184594,0.1458672829,False,233,reversibility_unmeasured,0.00010117404097333333,0.00010148858717268215,0.049884425812,
"reversibilityProtocolTest,s150x150l0.14,1e-05,1.0PBCedgeFlipt4LBFGSEpsx1e-06energyDropThreshold1e-05s0:0.25197","reversibilityProtocolTest,s150x150l0.14,1e-05,1.0PBCedgeFlipt4LBFGSEpsx1e-06energyDropThreshold1e-05s0",0,edgeFlip,,1.0000000000010001e-05,0.25197,pre,0.06285727964184594,0.19381563687,False,357,reversibility_unmeasured,0.00025242102728,0.00025269780419744797,0.09159734375,
"reversibilityProtocolTest,s150x150l0.14,1e-05,1.0PBCedgeFlipt4LBFGSEpsx1e-06energyDropThreshold1e-05s0:0.25443","reversibilityProtocolTest,s150x150l0.14,1e-05,1.0PBCedgeFlipt4LBFGSEpsx1e-06energyDropThreshold1e-05s0",0,edgeFlip,,1.0000000000010001e-05,0.25443,pre,0.06285727964184594,0.20383058724,False,50,reversibility_unmeasured,1.0833403372444446e-06,1.3474362894511514e-06,0.20296650593,
"reversibilityProtocolTest,s150x150l0.14,1e-05,1.0PBCedgeFlipt4LBFGSEpsx1e-06energyDropThreshold1e-05s0:0.25449","reversibilityProtocolTest,s150x150l0.14,1e-05,1.0PBCedgeFlipt4LBFGSEpsx1e-06energyDropThreshold1e-05s0",0,edgeFlip,,1.0000000000010001e-05,0.25449,pre,0.06285727964184594,0.14935826116,False,306,reversibility_unmeasured,7.693909768888888e-05,7.719709841524984e-05,0.10124483644,
"reversibilityProtocolTest,s150x150l0.14,1e-05,1.0PBCedgeFlipt4LBFGSEpsx1e-06energyDropThreshold1e-05s0:0.25511","reversibilityProtocolTest,s150x150l0.14,1e-05,1.0PBCedgeFlipt4LBFGSEpsx1e-06energyDropThreshold1e-05s0",0,edgeFlip,,1.0000000000010001e-05,0.25511,pre,0.06285727964184594,0.15724542166,False,204,reversibility_unmeasured,6.892723830666666e-05,6.915703787111372e-05,0.15617204774,
"reversibilityProtocolTest,s150x150l0.14,1e-05,1.0PBCedgeFlipt4LBFGSEpsx1e-06energyDropThreshold1e-05s0:0.25829","reversibilityProtocolTest,s150x150l0.14,1e-05,1.0PBCedgeFlipt4LBFGSEpsx1e-06energyDropThreshold1e-05s0",0,edgeFlip,,1.0000000000010001e-05,0.25829,pre,0.06285727964184594,0.0026391377211,False,5,reversibility_unmeasured,-1.7688956493777778e-07,7.802515925669064e-08,0.058427030082,
"reversibilityProtocolTest,s150x150l0.14,1e-05,1.0PBCedgeFlipt4LBFGSEpsx1e-06energyDropThreshold1e-05s0:0.25877","reversibilityProtocolTest,s150x150l0.14,1e-05,1.0PBCedgeFlipt4LBFGSEpsx1e-06energyDropThreshold1e-05s0",0,edgeFlip,,1.0000000000010001e-05,0.25877,pre,0.06285727964184594,0.031585236396,False,33,reversibility_unmeasured,2.321897748577778e-07,4.922986906390431e-07,0.15365492765,
"reversibilityProtocolTest,s150x150l0.14,1e-05,1.0PBCedgeFlipt4LBFGSEpsx1e-06energyDropThreshold1e-05s0:0.2632","reversibilityProtocolTest,s150x150l0.14,1e-05,1.0PBCedgeFlipt4LBFGSEpsx1e-06energyDropThreshold1e-05s0",0,edgeFlip,,1.0000000000010001e-05,0.2632,pre,0.06285727964184594,0.14231901215,True,336,irreversible_plastic,8.633115694222222e-05,8.664603950753897e-05,0.12289362105,"/Volumes/data/MTS2D_output/reversibilityProtocolTest,s150x150l0.14,1e-05,1.0PBCedgeFlipt4LBFGSEpsx1e-06energyDropThreshold1e-05s0/data/reversibilityData/irrev_drop_l_0.26319"
"reversibilityProtocolTest,s150x150l0.14,1e-05,1.0PBCedgeFlipt4LBFGSEpsx1e-06energyDropThreshold1e-05s0:0.26778","reversibilityProtocolTest,s150x150l0.14,1e-05,1.0PBCedgeFlipt4LBFGSEpsx1e-06energyDropThreshold1e-05s0",0,edgeFlip,,1.0000000000010001e-05,0.26778,pre,0.06285727964184594,0.053463227117,False,109,reversibility_unmeasured,6.022386228444445e-05,6.056666268661136e-05,0.14911378856,
"reversibilityProtocolTest,s150x150l0.14,1e-05,1.0PBCedgeFlipt4LBFGSEpsx1e-06energyDropThreshold1e-05s0:0.26971","reversibilityProtocolTest,s150x150l0.14,1e-05,1.0PBCedgeFlipt4LBFGSEpsx1e-06energyDropThreshold1e-05s0",0,edgeFlip,,1.0000000000010001e-05,0.26971,pre,0.06285727964184594,0.19442196722,False,256,reversibility_unmeasured,0.00010453708364444444,0.00010497823534708775,0.1673035574,
"reversibilityProtocolTest,s150x150l0.14,1e-05,1.0PBCedgeFlipt4LBFGSEpsx1e-06energyDropThreshold1e-05s0:0.27092","reversibilityProtocolTest,s150x150l0.14,1e-05,1.0PBCedgeFlipt4LBFGSEpsx1e-06energyDropThreshold1e-05s0",0,edgeFlip,,1.0000000000010001e-05,0.27092,pre,0.06285727964184594,0.12477107349,False,53,reversibility_unmeasured,1.9027767654222223e-06,2.294295069930917e-06,0.18134132481,
"reversibilityProtocolTest,s150x150l0.14,1e-05,1.0PBCedgeFlipt4LBFGSEpsx1e-06energyDropThreshold1e-05s0:0.27192","reversibilityProtocolTest,s150x150l0.14,1e-05,1.0PBCedgeFlipt4LBFGSEpsx1e-06energyDropThreshold1e-05s0",0,edgeFlip,,1.0000000000010001e-05,0.27192,pre,0.06285727964184594,0.16333626756,False,293,reversibility_unmeasured,7.145672629777778e-05,7.185160756854556e-05,0.14092939316,
"reversibilityProtocolTest,s150x150l0.14,1e-05,1.0PBCedgeFlipt4LBFGSEpsx1e-06energyDropThreshold1e-05s0:0.27326","reversibilityProtocolTest,s150x150l0.14,1e-05,1.0PBCedgeFlipt4LBFGSEpsx1e-06energyDropThreshold1e-05s0",0,edgeFlip,,1.0000000000010001e-05,0.27326,pre,0.06285727964184594,0.04634379782,False,58,reversibility_unmeasured,6.026207248888889e-06,6.395800175476375e-06,0.077355036503,
"reversibilityProtocolTest,s150x150l0.14,1e-05,1.0PBCedgeFlipt4LBFGSEpsx1e-06energyDropThreshold1e-05s0:0.27374","reversibilityProtocolTest,s150x150l0.14,1e-05,1.0PBCedgeFlipt4LBFGSEpsx1e-06energyDropThreshold1e-05s0",0,edgeFlip,,1.0000000000010001e-05,0.27374,pre,0.06285727964184594,0.098172833811,False,149,reversibility_unmeasured,3.9222025932e-05,3.958947782421092e-05,0.035623234185,
"reversibilityProtocolTest,s150x150l0.14,1e-05,1.0PBCedgeFlipt4LBFGSEpsx1e-06energyDropThreshold1e-05s0:0.27443","reversibilityProtocolTest,s150x150l0.14,1e-05,1.0PBCedgeFlipt4LBFGSEpsx1e-06energyDropThreshold1e-05s0",0,edgeFlip,,1.0000000000010001e-05,0.27443,pre,0.06285727964184594,0.039636917456,False,53,reversibility_unmeasured,4.807026571111111e-06,5.172553056895721e-06,0.044707066206,
"reversibilityProtocolTest,s150x150l0.14,1e-05,1.0PBCedgeFlipt4LBFGSEpsx1e-06energyDropThreshold1e-05s0:0.27881","reversibilityProtocolTest,s150x150l0.14,1e-05,1.0PBCedgeFlipt4LBFGSEpsx1e-06energyDropThreshold1e-05s0",0,edgeFlip,,1.0000000000010001e-05,0.27881,pre,0.06285727964184594,0.044492681174,False,8,reversibility_unmeasured,-2.1875695800444445e-07,2.1067659943507048e-07,0.008857751806,
"reversibilityProtocolTest,s150x150l0.14,1e-05,1.0PBCedgeFlipt4LBFGSEpsx1e-06energyDropThreshold1e-05s0:0.27981","reversibilityProtocolTest,s150x150l0.14,1e-05,1.0PBCedgeFlipt4LBFGSEpsx1e-06energyDropThreshold1e-05s0",0,edgeFlip,,1.0000000000010001e-05,0.27981,pre,0.06285727964184594,0.047761177784,False,116,reversibility_unmeasured,1.3560168545777779e-05,1.4002969535481371e-05,0.056315442671,
"reversibilityProtocolTest,s150x150l0.14,1e-05,1.0PBCedgeFlipt4LBFGSEpsx1e-06energyDropThreshold1e-05s0:0.2801","reversibilityProtocolTest,s150x150l0.14,1e-05,1.0PBCedgeFlipt4LBFGSEpsx1e-06energyDropThreshold1e-05s0",0,edgeFlip,,1.0000000000010001e-05,0.2801,pre,0.06285727964184594,0.052780344037,False,116,reversibility_unmeasured,2.357215716888889e-06,2.7917150056907757e-06,0.18325581298,
"reversibilityProtocolTest,s150x150l0.14,1e-05,1.0PBCedgeFlipt4LBFGSEpsx1e-06energyDropThreshold1e-05s0:0.28045","reversibilityProtocolTest,s150x150l0.14,1e-05,1.0PBCedgeFlipt4LBFGSEpsx1e-06energyDropThreshold1e-05s0",0,edgeFlip,,1.0000000000010001e-05,0.28045,pre,0.06285727964184594,0.25759443697,False,454,reversibility_unmeasured,0.00023103954007555556,0.00023145350081914747,0.011912384232,
"reversibilityProtocolTest,s150x150l0.14,1e-05,1.0PBCedgeFlipt4LBFGSEpsx1e-06energyDropThreshold1e-05s0:0.28203","reversibilityProtocolTest,s150x150l0.14,1e-05,1.0PBCedgeFlipt4LBFGSEpsx1e-06energyDropThreshold1e-05s0",0,edgeFlip,,1.0000000000010001e-05,0.28203,pre,0.06285727964184594,0.049331281105,False,102,reversibility_unmeasured,2.8490833892888887e-05,2.883038061066006e-05,0.038624945686,
"reversibilityProtocolTest,s150x150l0.14,1e-05,1.0PBCedgeFlipt4LBFGSEpsx1e-06energyDropThreshold1e-05s0:0.28535","reversibilityProtocolTest,s150x150l0.14,1e-05,1.0PBCedgeFlipt4LBFGSEpsx1e-06energyDropThreshold1e-05s0",0,edgeFlip,,1.0000000000010001e-05,0.28535,pre,0.06285727964184594,0.015212713137,True,34,reversible_plastic,-1.8000913329333335e-07,9.993339141374235e-08,0.19871821426,"/Volumes/data/MTS2D_output/reversibilityProtocolTest,s150x150l0.14,1e-05,1.0PBCedgeFlipt4LBFGSEpsx1e-06energyDropThreshold1e-05s0/data/reversibilityData/irrev_drop_l_0.28534"
"reversibilityProtocolTest,s150x150l0.14,1e-05,1.0PBCedgeFlipt4LBFGSEpsx1e-06energyDropThreshold1e-05s0:0.28672","reversibilityProtocolTest,s150x150l0.14,1e-05,1.0PBCedgeFlipt4LBFGSEpsx1e-06energyDropThreshold1e-05s0",0,edgeFlip,,1.0000000000010001e-05,0.28672,pre,0.06285727964184594,0.1377587276,False,160,reversibility_unmeasured,0.00011907354651555557,0.00011945668767867484,0.13136505707,
"reversibilityProtocolTest,s150x150l0.14,1e-05,1.0PBCedgeFlipt4LBFGSEpsx1e-06energyDropThreshold1e-05s0:0.28758","reversibilityProtocolTest,s150x150l0.14,1e-05,1.0PBCedgeFlipt4LBFGSEpsx1e-06energyDropThreshold1e-05s0",0,edgeFlip,,1.0000000000010001e-05,0.28758,pre,0.06285727964184594,0.17694624783,False,234,reversibility_unmeasured,0.00013756263987555557,0.00013793767230368858,0.072181679169,
"reversibilityProtocolTest,s150x150l0.14,1e-05,1.0PBCedgeFlipt4LBFGSEpsx1e-06energyDropThreshold1e-05s0:0.29048","reversibilityProtocolTest,s150x150l0.14,1e-05,1.0PBCedgeFlipt4LBFGSEpsx1e-06energyDropThreshold1e-05s0",0,edgeFlip,,1.0000000000010001e-05,0.29048,pre,0.06285727964184594,0.075237069443,False,2,reversibility_unmeasured,2.8362799242666667e-07,5.571510354078175e-07,0.0411603725,
"reversibilityProtocolTest,s150x150l0.14,1e-05,1.0PBCedgeFlipt4LBFGSEpsx1e-06energyDropThreshold1e-05s0:0.29118","reversibilityProtocolTest,s150x150l0.14,1e-05,1.0PBCedgeFlipt4LBFGSEpsx1e-06energyDropThreshold1e-05s0",0,edgeFlip,,1.0000000000010001e-05,0.29118,pre,0.06285727964184594,0.077127056923,False,138,reversibility_unmeasured,4.8466425079999994e-05,4.875254388673511e-05,0.0099696344383,
"reversibilityProtocolTest,s150x150l0.14,1e-05,1.0PBCedgeFlipt4LBFGSEpsx1e-06energyDropThreshold1e-05s0:0.29492","reversibilityProtocolTest,s150x150l0.14,1e-05,1.0PBCedgeFlipt4LBFGSEpsx1e-06energyDropThreshold1e-05s0",0,edgeFlip,,1.0000000000010001e-05,0.29492,pre,0.06285727964184594,0.082020891105,True,78,irreversible_plastic,4.329306582488889e-05,4.3638272982519135e-05,0.088202137343,"/Volumes/data/MTS2D_output/reversibilityProtocolTest,s150x150l0.14,1e-05,1.0PBCedgeFlipt4LBFGSEpsx1e-06energyDropThreshold1e-05s0/data/reversibilityData/irrev_drop_l_0.29491"
"reversibilityProtocolTest,s150x150l0.14,1e-05,1.0PBCedgeFlipt4LBFGSEpsx1e-06energyDropThreshold1e-05s0:0.29586","reversibilityProtocolTest,s150x150l0.14,1e-05,1.0PBCedgeFlipt4LBFGSEpsx1e-06energyDropThreshold1e-05s0",0,edgeFlip,,1.0000000000010001e-05,0.29586,pre,0.06285727964184594,0.00444055699,False,7,reversibility_unmeasured,-1.1495442690666667e-07,2.2206219138827995e-07,0.037083654705,
"reversibilityProtocolTest,s150x150l0.14,1e-05,1.0PBCedgeFlipt4LBFGSEpsx1e-06energyDropThreshold1e-05s0:0.29592","reversibilityProtocolTest,s150x150l0.14,1e-05,1.0PBCedgeFlipt4LBFGSEpsx1e-06energyDropThreshold1e-05s0",0,edgeFlip,,1.0000000000010001e-05,0.29592,pre,0.06285727964184594,0.025351885085,False,31,reversibility_unmeasured,4.944123402666667e-07,8.334801922135032e-07,0.055187750662,
"reversibilityProtocolTest,s150x150l0.14,1e-05,1.0PBCedgeFlipt4LBFGSEpsx1e-06energyDropThreshold1e-05s0:0.29679","reversibilityProtocolTest,s150x150l0.14,1e-05,1.0PBCedgeFlipt4LBFGSEpsx1e-06energyDropThreshold1e-05s0",0,edgeFlip,,1.0000000000010001e-05,0.29679,pre,0.06285727964184594,0.031360950809,False,28,reversibility_unmeasured,3.429984156266667e-07,6.942689854390159e-07,0.032522506797,
"reversibilityProtocolTest,s150x150l0.14,1e-05,1.0PBCedgeFlipt4LBFGSEpsx1e-06energyDropThreshold1e-05s0:0.29745","reversibilityProtocolTest,s150x150l0.14,1e-05,1.0PBCedgeFlipt4LBFGSEpsx1e-06energyDropThreshold1e-05s0",0,edgeFlip,,1.0000000000010001e-05,0.29745,pre,0.06285727964184594,0.28220944307,False,519,reversibility_unmeasured,0.00017437293701777777,0.0001747312888086147,0.063375215149,
"reversibilityProtocolTest,s150x150l0.14,1e-05,1.0PBCedgeFlipt4LBFGSEpsx1e-06energyDropThreshold1e-05s0:0.3036","reversibilityProtocolTest,s150x150l0.14,1e-05,1.0PBCedgeFlipt4LBFGSEpsx1e-06energyDropThreshold1e-05s0",0,edgeFlip,,1.0000000000010001e-05,0.3036,pre,0.06285727964184594,0.037703456337,False,14,reversibility_unmeasured,6.907105990222221e-07,1.0395458220475323e-06,0.0065547368697,
"reversibilityProtocolTest,s150x150l0.14,1e-05,1.0PBCedgeFlipt4LBFGSEpsx1e-06energyDropThreshold1e-05s0:0.3042","reversibilityProtocolTest,s150x150l0.14,1e-05,1.0PBCedgeFlipt4LBFGSEpsx1e-06energyDropThreshold1e-05s0",0,edgeFlip,,1.0000000000010001e-05,0.3042,pre,0.06285727964184594,0.089425301176,False,84,reversibility_unmeasured,4.3027898023111114e-05,4.3386201202589645e-05,0.010400378133,
"reversibilityProtocolTest,s150x150l0.14,1e-05,1.0PBCedgeFlipt4LBFGSEpsx1e-06energyDropThreshold1e-05s0:0.30492","reversibilityProtocolTest,s150x150l0.14,1e-05,1.0PBCedgeFlipt4LBFGSEpsx1e-06energyDropThreshold1e-05s0",0,edgeFlip,,1.0000000000010001e-05,0.30492,pre,0.06285727964184594,0.14710090561,False,318,reversibility_unmeasured,0.00012584530593333333,0.00012619486039530255,0.12591482135,
"reversibilityProtocolTest,s150x150l0.14,1e-05,1.0PBCedgeFlipt4LBFGSEpsx1e-06energyDropThreshold1e-05s0:0.30558","reversibilityProtocolTest,s150x150l0.14,1e-05,1.0PBCedgeFlipt4LBFGSEpsx1e-06energyDropThreshold1e-05s0",0,edgeFlip,,1.0000000000010001e-05,0.30558,pre,0.06285727964184594,0.0029362152018,False,3,reversibility_unmeasured,-3.2549276341333334e-07,1.1844939869231692e-07,0.14476829183,
"reversibilityProtocolTest,s150x150l0.14,1e-05,1.0PBCedgeFlipt4LBFGSEpsx1e-06energyDropThreshold1e-05s0:0.30876","reversibilityProtocolTest,s150x150l0.14,1e-05,1.0PBCedgeFlipt4LBFGSEpsx1e-06energyDropThreshold1e-05s0",0,edgeFlip,,1.0000000000010001e-05,0.30876,pre,0.06285727964184594,0.31107312515,False,525,reversibility_unmeasured,0.00022576560936,0.0002262618857829327,0.051762725108,
"reversibilityProtocolTest,s150x150l0.14,1e-05,1.0PBCedgeFlipt4LBFGSEpsx1e-06energyDropThreshold1e-05s0:0.31069","reversibilityProtocolTest,s150x150l0.14,1e-05,1.0PBCedgeFlipt4LBFGSEpsx1e-06energyDropThreshold1e-05s0",0,edgeFlip,,1.0000000000010001e-05,0.31069,pre,0.06285727964184594,0.069526784644,False,66,reversibility_unmeasured,1.566335352177778e-05,1.605377319034839e-05,0.19407290529,
"reversibilityProtocolTest,s150x150l0.14,1e-05,1.0PBCedgeFlipt4LBFGSEpsx1e-06energyDropThreshold1e-05s0:0.31417","reversibilityProtocolTest,s150x150l0.14,1e-05,1.0PBCedgeFlipt4LBFGSEpsx1e-06energyDropThreshold1e-05s0",0,edgeFlip,,1.0000000000010001e-05,0.31417,pre,0.06285727964184594,0.026738821129,False,39,reversibility_unmeasured,3.032656579822222e-07,7.358629946591261e-07,0.12667189906,
"reversibilityProtocolTest,s150x150l0.14,1e-05,1.0PBCedgeFlipt4LBFGSEpsx1e-06energyDropThreshold1e-05s0:0.31695","reversibilityProtocolTest,s150x150l0.14,1e-05,1.0PBCedgeFlipt4LBFGSEpsx1e-06energyDropThreshold1e-05s0",0,edgeFlip,,1.0000000000010001e-05,0.31695,pre,0.06285727964184594,0.24637247567,False,289,reversibility_unmeasured,0.0001282650516,0.00012874888780331479,0.057500751652,
"reversibilityProtocolTest,s150x150l0.14,1e-05,1.0PBCedgeFlipt4LBFGSEpsx1e-06energyDropThreshold1e-05s0:0.32191","reversibilityProtocolTest,s150x150l0.14,1e-05,1.0PBCedgeFlipt4LBFGSEpsx1e-06energyDropThreshold1e-05s0",0,edgeFlip,,1.0000000000010001e-05,0.32191,pre,0.06285727964184594,0.092251059536,False,95,reversibility_unmeasured,3.9603348604888886e-05,4.008521143958256e-05,0.12055708283,
"reversibilityProtocolTest,s150x150l0.14,1e-05,1.0PBCedgeFlipt4LBFGSEpsx1e-06energyDropThreshold1e-05s0:0.32308","reversibilityProtocolTest,s150x150l0.14,1e-05,1.0PBCedgeFlipt4LBFGSEpsx1e-06energyDropThreshold1e-05s0",0,edgeFlip,,1.0000000000010001e-05,0.32308,pre,0.06285727964184594,0.011949402108,False,9,reversibility_unmeasured,-3.5385202841333334e-07,1.3895221910363235e-07,0.14635771434,
"reversibilityProtocolTest,s150x150l0.14,1e-05,1.0PBCedgeFlipt4LBFGSEpsx1e-06energyDropThreshold1e-05s0:0.3266","reversibilityProtocolTest,s150x150l0.14,1e-05,1.0PBCedgeFlipt4LBFGSEpsx1e-06energyDropThreshold1e-05s0",0,edgeFlip,,1.0000000000010001e-05,0.3266,pre,0.06285727964184594,0.3731675803,True,29,irreversible_plastic,3.166097513022222e-06,3.713226124230257e-06,0.48716337161,"/Volumes/data/MTS2D_output/reversibilityProtocolTest,s150x150l0.14,1e-05,1.0PBCedgeFlipt4LBFGSEpsx1e-06energyDropThreshold1e-05s0/data/reversibilityData/irrev_drop_l_0.32659"
"reversibilityProtocolTest,s150x150l0.14,1e-05,1.0PBCedgeFlipt4LBFGSEpsx1e-06energyDropThreshold1e-05s0:0.32888","reversibilityProtocolTest,s150x150l0.14,1e-05,1.0PBCedgeFlipt4LBFGSEpsx1e-06energyDropThreshold1e-05s0",0,edgeFlip,,1.0000000000010001e-05,0.32888,pre,0.06285727964184594,0.27033043513,True,351,irreversible_plastic,0.0003335789145066667,0.0003341547326379896,0.090623311185,"/Volumes/data/MTS2D_output/reversibilityProtocolTest,s150x150l0.14,1e-05,1.0PBCedgeFlipt4LBFGSEpsx1e-06energyDropThreshold1e-05s0/data/reversibilityData/irrev_drop_l_0.32887"
"reversibilityProtocolTest,s150x150l0.14,1e-05,1.0PBCedgeFlipt4LBFGSEpsx1e-06energyDropThreshold1e-05s0:0.33126","reversibilityProtocolTest,s150x150l0.14,1e-05,1.0PBCedgeFlipt4LBFGSEpsx1e-06energyDropThreshold1e-05s0",0,edgeFlip,,1.0000000000010001e-05,0.33126,pre,0.06285727964184594,0.12900576891,False,161,reversibility_unmeasured,6.440028896888889e-05,6.487783478797079e-05,0.014729724947,
"reversibilityProtocolTest,s150x150l0.14,1e-05,1.0PBCedgeFlipt4LBFGSEpsx1e-06energyDropThreshold1e-05s0:0.3313","reversibilityProtocolTest,s150x150l0.14,1e-05,1.0PBCedgeFlipt4LBFGSEpsx1e-06energyDropThreshold1e-05s0",0,edgeFlip,,1.0000000000010001e-05,0.3313,pre,0.06285727964184594,0.035835780178,True,165,reversible_plastic,1.4109970140888887e-05,1.4550820865997594e-05,0.040156894279,"/Volumes/data/MTS2D_output/reversibilityProtocolTest,s150x150l0.14,1e-05,1.0PBCedgeFlipt4LBFGSEpsx1e-06energyDropThreshold1e-05s0/data/reversibilityData/irrev_drop_l_0.33129"
"reversibilityProtocolTest,s150x150l0.14,1e-05,1.0PBCedgeFlipt4LBFGSEpsx1e-06energyDropThreshold1e-05s0:0.33294","reversibilityProtocolTest,s150x150l0.14,1e-05,1.0PBCedgeFlipt4LBFGSEpsx1e-06energyDropThreshold1e-05s0",0,edgeFlip,,1.0000000000010001e-05,0.33294,pre,0.06285727964184594,0.10077270131,True,38,irreversible_plastic,2.649429295155556e-07,6.785909258951506e-07,0.06598863933,"/Volumes/data/MTS2D_output/reversibilityProtocolTest,s150x150l0.14,1e-05,1.0PBCedgeFlipt4LBFGSEpsx1e-06energyDropThreshold1e-05s0/data/reversibilityData/irrev_drop_l_0.33293"
"reversibilityProtocolTest,s150x150l0.14,1e-05,1.0PBCedgeFlipt4LBFGSEpsx1e-06energyDropThreshold1e-05s0:0.33357","reversibilityProtocolTest,s150x150l0.14,1e-05,1.0PBCedgeFlipt4LBFGSEpsx1e-06energyDropThreshold1e-05s0",0,edgeFlip,,1.0000000000010001e-05,0.33357,pre,0.06285727964184594,0.087619543065,False,212,reversibility_unmeasured,4.891835682222222e-05,4.9337980981378376e-05,0.06598988986,
"reversibilityProtocolTest,s150x150l0.14,1e-05,1.0PBCedgeFlipt4LBFGSEpsx1e-06energyDropThreshold1e-05s0:0.33374","reversibilityProtocolTest,s150x150l0.14,1e-05,1.0PBCedgeFlipt4LBFGSEpsx1e-06energyDropThreshold1e-05s0",0,edgeFlip,,1.0000000000010001e-05,0.33374,pre,0.06285727964184594,0.11470134001,False,109,reversibility_unmeasured,2.246915589511111e-05,2.290262928169366e-05,0.051641933645,
"reversibilityProtocolTest,s150x150l0.14,1e-05,1.0PBCedgeFlipt4LBFGSEpsx1e-06energyDropThreshold1e-05s0:0.33718","reversibilityProtocolTest,s150x150l0.14,1e-05,1.0PBCedgeFlipt4LBFGSEpsx1e-06energyDropThreshold1e-05s0",0,edgeFlip,,1.0000000000010001e-05,0.33718,pre,0.06285727964184594,0.15669611775,False,223,reversibility_unmeasured,9.901238805777777e-05,9.944631083013367e-05,0.10920607505,
"reversibilityProtocolTest,s150x150l0.14,1e-05,1.0PBCedgeFlipt4LBFGSEpsx1e-06energyDropThreshold1e-05s0:0.33978","reversibilityProtocolTest,s150x150l0.14,1e-05,1.0PBCedgeFlipt4LBFGSEpsx1e-06energyDropThreshold1e-05s0",0,edgeFlip,,1.0000000000010001e-05,0.33978,pre,0.06285727964184594,0.055136903378,True,45,reversible_plastic,2.3818316263555554e-05,2.4271941823587894e-05,0.091435833216,"/Volumes/data/MTS2D_output/reversibilityProtocolTest,s150x150l0.14,1e-05,1.0PBCedgeFlipt4LBFGSEpsx1e-06energyDropThreshold1e-05s0/data/reversibilityData/irrev_drop_l_0.33977"
"reversibilityProtocolTest,s150x150l0.14,1e-05,1.0PBCedgeFlipt4LBFGSEpsx1e-06energyDropThreshold1e-05s0:0.34187","reversibilityProtocolTest,s150x150l0.14,1e-05,1.0PBCedgeFlipt4LBFGSEpsx1e-06energyDropThreshold1e-05s0",0,edgeFlip,,1.0000000000010001e-05,0.34187,pre,0.06285727964184594,0.13443770153,False,47,reversibility_unmeasured,6.33241752e-06,6.812056957082607e-06,0.15603035436,
"reversibilityProtocolTest,s150x150l0.14,1e-05,1.0PBCedgeFlipt4LBFGSEpsx1e-06energyDropThreshold1e-05s0:0.34189","reversibilityProtocolTest,s150x150l0.14,1e-05,1.0PBCedgeFlipt4LBFGSEpsx1e-06energyDropThreshold1e-05s0",0,edgeFlip,,1.0000000000010001e-05,0.34189,pre,0.06285727964184594,0.11847337839,False,175,reversibility_unmeasured,0.00012328354312444444,0.00012375230779869325,0.10434107734,
"reversibilityProtocolTest,s150x150l0.14,1e-05,1.0PBCedgeFlipt4LBFGSEpsx1e-06energyDropThreshold1e-05s0:0.34216","reversibilityProtocolTest,s150x150l0.14,1e-05,1.0PBCedgeFlipt4LBFGSEpsx1e-06energyDropThreshold1e-05s0",0,edgeFlip,,1.0000000000010001e-05,0.34216,pre,0.06285727964184594,0.025794717991,False,33,reversibility_unmeasured,2.0464286456444443e-06,2.527889111511033e-06,0.039599426378,
"reversibilityProtocolTest,s150x150l0.14,1e-05,1.0PBCedgeFlipt4LBFGSEpsx1e-06energyDropThreshold1e-05s0:0.3428","reversibilityProtocolTest,s150x150l0.14,1e-05,1.0PBCedgeFlipt4LBFGSEpsx1e-06energyDropThreshold1e-05s0",0,edgeFlip,,1.0000000000010001e-05,0.3428,pre,0.06285727964184594,0.1929863301,False,245,reversibility_unmeasured,0.00015048966394666668,0.00015097175212641282,0.067147269489,
"reversibilityProtocolTest,s150x150l0.14,1e-05,1.0PBCedgeFlipt4LBFGSEpsx1e-06energyDropThreshold1e-05s0:0.34889","reversibilityProtocolTest,s150x150l0.14,1e-05,1.0PBCedgeFlipt4LBFGSEpsx1e-06energyDropThreshold1e-05s0",0,edgeFlip,,1.0000000000010001e-05,0.34889,pre,0.06285727964184594,0.1486597196,False,136,reversibility_unmeasured,2.6349101499111112e-05,2.6638457424073498e-05,0.085463086524,
"reversibilityProtocolTest,s150x150l0.14,1e-05,1.0PBCedgeFlipt4LBFGSEpsx1e-06energyDropThreshold1e-05s0:0.35043","reversibilityProtocolTest,s150x150l0.14,1e-05,1.0PBCedgeFlipt4LBFGSEpsx1e-06energyDropThreshold1e-05s0",0,edgeFlip,,1.0000000000010001e-05,0.35043,pre,0.06285727964184594,0.118570479,False,20,reversibility_unmeasured,7.190146880444445e-07,9.90332096481931e-07,0.16176539008,
"reversibilityProtocolTest,s150x150l0.14,1e-05,1.0PBCedgeFlipt4LBFGSEpsx1e-06energyDropThreshold1e-05s0:0.35131","reversibilityProtocolTest,s150x150l0.14,1e-05,1.0PBCedgeFlipt4LBFGSEpsx1e-06energyDropThreshold1e-05s0",0,edgeFlip,,1.0000000000010001e-05,0.35131,pre,0.06285727964184594,0.10176891387,False,31,reversibility_unmeasured,4.358413637022223e-06,4.64209078867902e-06,0.19200184084,
"reversibilityProtocolTest,s150x150l0.14,1e-05,1.0PBCedgeFlipt4LBFGSEpsx1e-06energyDropThreshold1e-05s0:0.35193","reversibilityProtocolTest,s150x150l0.14,1e-05,1.0PBCedgeFlipt4LBFGSEpsx1e-06energyDropThreshold1e-05s0",0,edgeFlip,,1.0000000000010001e-05,0.35193,pre,0.06285727964184594,0.11877647792,False,100,reversibility_unmeasured,3.5457774908e-05,3.5739655614142725e-05,0.18326897269,
"reversibilityProtocolTest,s150x150l0.14,1e-05,1.0PBCedgeFlipt4LBFGSEpsx1e-06energyDropThreshold1e-05s0:0.35456","reversibilityProtocolTest,s150x150l0.14,1e-05,1.0PBCedgeFlipt4LBFGSEpsx1e-06energyDropThreshold1e-05s0",0,edgeFlip,,1.0000000000010001e-05,0.35456,pre,0.06285727964184594,0.40583341863,False,38,reversibility_unmeasured,7.808985896e-06,8.13947970876446e-06,0.57952278321,
"reversibilityProtocolTest,s150x150l0.14,1e-05,1.0PBCedgeFlipt4LBFGSEpsx1e-06energyDropThreshold1e-05s0:0.35502","reversibilityProtocolTest,s150x150l0.14,1e-05,1.0PBCedgeFlipt4LBFGSEpsx1e-06energyDropThreshold1e-05s0",0,edgeFlip,,1.0000000000010001e-05,0.35502,pre,0.06285727964184594,0.35185557732,False,453,reversibility_unmeasured,0.00043491942856,0.0004352435033397089,0.37087001258,
"reversibilityProtocolTest,s150x150l0.14,1e-05,1.0PBCedgeFlipt4LBFGSEpsx1e-06energyDropThreshold1e-05s0:0.35509","reversibilityProtocolTest,s150x150l0.14,1e-05,1.0PBCedgeFlipt4LBFGSEpsx1e-06energyDropThreshold1e-05s0",0,edgeFlip,,1.0000000000010001e-05,0.35509,pre,0.06285727964184594,0.28805163285,False,643,reversibility_unmeasured,0.00047790158244444443,0.00047815988263836797,0.040244280017,
"reversibilityProtocolTest,s150x150l0.14,1e-05,1.0PBCedgeFlipt4LBFGSEpsx1e-06energyDropThreshold1e-05s0:0.35694","reversibilityProtocolTest,s150x150l0.14,1e-05,1.0PBCedgeFlipt4LBFGSEpsx1e-06energyDropThreshold1e-05s0",0,edgeFlip,,1.0000000000010001e-05,0.35694,pre,0.06285727964184594,0.016362481093,False,33,reversibility_unmeasured,2.428181270311111e-06,2.568375958935576e-06,0.09285940698,
"reversibilityProtocolTest,s150x150l0.14,1e-05,1.0PBCedgeFlipt4LBFGSEpsx1e-06energyDropThreshold1e-05s0:0.35974","reversibilityProtocolTest,s150x150l0.14,1e-05,1.0PBCedgeFlipt4LBFGSEpsx1e-06energyDropThreshold1e-05s0",0,edgeFlip,,1.0000000000010001e-05,0.35974,pre,0.06285727964184594,0.11528726271,False,26,reversibility_unmeasured,1.4720560394666666e-06,1.7373739411684457e-06,0.12074953613,
"reversibilityProtocolTest,s150x150l0.14,1e-05,1.0PBCedgeFlipt4LBFGSEpsx1e-06energyDropThreshold1e-05s0:0.36016","reversibilityProtocolTest,s150x150l0.14,1e-05,1.0PBCedgeFlipt4LBFGSEpsx1e-06energyDropThreshold1e-05s0",0,edgeFlip,,1.0000000000010001e-05,0.36016,pre,0.06285727964184594,0.097851170606,False,119,reversibility_unmeasured,3.392365795377778e-05,3.41825353807672e-05,0.026223148894,
"reversibilityProtocolTest,s150x150l0.14,1e-05,1.0PBCedgeFlipt4LBFGSEpsx1e-06energyDropThreshold1e-05s0:0.36021","reversibilityProtocolTest,s150x150l0.14,1e-05,1.0PBCedgeFlipt4LBFGSEpsx1e-06energyDropThreshold1e-05s0",0,edgeFlip,,1.0000000000010001e-05,0.36021,pre,0.06285727964184594,0.025092402051,False,40,reversibility_unmeasured,3.619434711466667e-05,3.642182964292336e-05,0.034896420289,
"reversibilityProtocolTest,s150x150l0.14,1e-05,1.0PBCedgeFlipt4LBFGSEpsx1e-06energyDropThreshold1e-05s0:0.36148","reversibilityProtocolTest,s150x150l0.14,1e-05,1.0PBCedgeFlipt4LBFGSEpsx1e-06energyDropThreshold1e-05s0",0,edgeFlip,,1.0000000000010001e-05,0.36148,pre,0.06285727964184594,0.035094433122,False,51,reversibility_unmeasured,2.4440884688444445e-06,2.7075182871840296e-06,0.036795767129,
"reversibilityProtocolTest,s150x150l0.14,1e-05,1.0PBCedgeFlipt4LBFGSEpsx1e-06energyDropThreshold1e-05s0:0.36322","reversibilityProtocolTest,s150x150l0.14,1e-05,1.0PBCedgeFlipt4LBFGSEpsx1e-06energyDropThreshold1e-05s0",0,edgeFlip,,1.0000000000010001e-05,0.36322,pre,0.06285727964184594,0.016234459834,False,20,reversibility_unmeasured,5.713704911555555e-07,8.57007517874485e-07,0.062490578388,
"reversibilityProtocolTest,s150x150l0.14,1e-05,1.0PBCedgeFlipt4LBFGSEpsx1e-06energyDropThreshold1e-05s0:0.36337","reversibilityProtocolTest,s150x150l0.14,1e-05,1.0PBCedgeFlipt4LBFGSEpsx1e-06energyDropThreshold1e-05s0",0,edgeFlip,,1.0000000000010001e-05,0.36337,pre,0.06285727964184594,0.062174553502,False,86,reversibility_unmeasured,1.1542077673333334e-05,1.1830826614940785e-05,0.041155340108,
"reversibilityProtocolTest,s150x150l0.14,1e-05,1.0PBCedgeFlipt4LBFGSEpsx1e-06energyDropThreshold1e-05s0:0.36384","reversibilityProtocolTest,s150x150l0.14,1e-05,1.0PBCedgeFlipt4LBFGSEpsx1e-06energyDropThreshold1e-05s0",0,edgeFlip,,1.0000000000010001e-05,0.36384,pre,0.06285727964184594,0.14116295413,False,258,reversibility_unmeasured,4.111990962088889e-05,4.1402140809899874e-05,0.055396915926,
"reversibilityProtocolTest,s150x150l0.14,1e-05,1.0PBCedgeFlipt4LBFGSEpsx1e-06energyDropThreshold1e-05s0:0.3662","reversibilityProtocolTest,s150x150l0.14,1e-05,1.0PBCedgeFlipt4LBFGSEpsx1e-06energyDropThreshold1e-05s0",0,edgeFlip,,1.0000000000010001e-05,0.3662,pre,0.06285727964184594,0.16359938352,False,43,reversibility_unmeasured,5.924845134666667e-07,8.049563409700669e-07,0.22589428972,
"reversibilityProtocolTest,s150x150l0.14,1e-05,1.0PBCedgeFlipt4LBFGSEpsx1e-06energyDropThreshold1e-05s0:0.36637","reversibilityProtocolTest,s150x150l0.14,1e-05,1.0PBCedgeFlipt4LBFGSEpsx1e-06energyDropThreshold1e-05s0",0,edgeFlip,,1.0000000000010001e-05,0.36637,pre,0.06285727964184594,0.15027363428,False,290,reversibility_unmeasured,9.396019084444444e-05,9.417269377629383e-05,0.04102559277,
"reversibilityProtocolTest,s150x150l0.14,1e-05,1.0PBCedgeFlipt4LBFGSEpsx1e-06energyDropThreshold1e-05s0:0.36964","reversibilityProtocolTest,s150x150l0.14,1e-05,1.0PBCedgeFlipt4LBFGSEpsx1e-06energyDropThreshold1e-05s0",0,edgeFlip,,1.0000000000010001e-05,0.36964,pre,0.06285727964184594,0.025731824216,False,25,reversibility_unmeasured,1.0001810084444445e-07,3.2326497740137307e-07,0.13726110193,
"reversibilityProtocolTest,s150x150l0.14,1e-05,1.0PBCedgeFlipt4LBFGSEpsx1e-06energyDropThreshold1e-05s0:0.37266","reversibilityProtocolTest,s150x150l0.14,1e-05,1.0PBCedgeFlipt4LBFGSEpsx1e-06energyDropThreshold1e-05s0",0,edgeFlip,,1.0000000000010001e-05,0.37266,pre,0.06285727964184594,0.14321827249,False,32,reversibility_unmeasured,3.2022971143555554e-06,3.4558830357026534e-06,0.27155405602,
"reversibilityProtocolTest,s150x150l0.14,1e-05,1.0PBCedgeFlipt4LBFGSEpsx1e-06energyDropThreshold1e-05s0:0.37287","reversibilityProtocolTest,s150x150l0.14,1e-05,1.0PBCedgeFlipt4LBFGSEpsx1e-06energyDropThreshold1e-05s0",0,edgeFlip,,1.0000000000010001e-05,0.37287,pre,0.06285727964184594,0.15206003496,False,233,reversibility_unmeasured,7.886287938666667e-05,7.912097390242252e-05,0.045683574491,
"reversibilityProtocolTest,s150x150l0.14,1e-05,1.0PBCedgeFlipt4LBFGSEpsx1e-06energyDropThreshold1e-05s0:0.37593","reversibilityProtocolTest,s150x150l0.14,1e-05,1.0PBCedgeFlipt4LBFGSEpsx1e-06energyDropThreshold1e-05s0",0,edgeFlip,,1.0000000000010001e-05,0.37593,pre,0.06285727964184594,0.05964352797,True,115,reversible_plastic,4.0225355492444443e-05,4.0681080139831415e-05,0.068510118553,"/Volumes/data/MTS2D_output/reversibilityProtocolTest,s150x150l0.14,1e-05,1.0PBCedgeFlipt4LBFGSEpsx1e-06energyDropThreshold1e-05s0/data/reversibilityData/irrev_drop_l_0.37592"
"reversibilityProtocolTest,s150x150l0.14,1e-05,1.0PBCedgeFlipt4LBFGSEpsx1e-06energyDropThreshold1e-05s0:0.37668","reversibilityProtocolTest,s150x150l0.14,1e-05,1.0PBCedgeFlipt4LBFGSEpsx1e-06energyDropThreshold1e-05s0",0,edgeFlip,,1.0000000000010001e-05,0.37668,pre,0.06285727964184594,0.19397498231,False,135,reversibility_unmeasured,1.1112443995555556e-05,1.1581065125637401e-05,0.25618318686,
"reversibilityProtocolTest,s150x150l0.14,1e-05,1.0PBCedgeFlipt4LBFGSEpsx1e-06energyDropThreshold1e-05s0:0.37704","reversibilityProtocolTest,s150x150l0.14,1e-05,1.0PBCedgeFlipt4LBFGSEpsx1e-06energyDropThreshold1e-05s0",0,edgeFlip,,1.0000000000010001e-05,0.37704,pre,0.06285727964184594,0.15581699792,False,244,reversibility_unmeasured,5.143942336888889e-05,5.186945691092938e-05,0.0846518028,
"reversibilityProtocolTest,s150x150l0.14,1e-05,1.0PBCedgeFlipt4LBFGSEpsx1e-06energyDropThreshold1e-05s0:0.3797","reversibilityProtocolTest,s150x150l0.14,1e-05,1.0PBCedgeFlipt4LBFGSEpsx1e-06energyDropThreshold1e-05s0",0,edgeFlip,,1.0000000000010001e-05,0.3797,pre,0.06285727964184594,0.15028354477,False,183,reversibility_unmeasured,6.928006328444444e-05,6.980032383046616e-05,0.15960690481,
"reversibilityProtocolTest,s150x150l0.14,1e-05,1.0PBCedgeFlipt4LBFGSEpsx1e-06energyDropThreshold1e-05s0:0.38123","reversibilityProtocolTest,s150x150l0.14,1e-05,1.0PBCedgeFlipt4LBFGSEpsx1e-06energyDropThreshold1e-05s0",0,edgeFlip,,1.0000000000010001e-05,0.38123,pre,0.06285727964184594,0.14722749953,False,241,reversibility_unmeasured,0.00016760314212888887,0.0001681017782506539,0.1137214846,
"reversibilityProtocolTest,s150x150l0.14,1e-05,1.0PBCedgeFlipt4LBFGSEpsx1e-06energyDropThreshold1e-05s0:0.38654","reversibilityProtocolTest,s150x150l0.14,1e-05,1.0PBCedgeFlipt4LBFGSEpsx1e-06energyDropThreshold1e-05s0",0,edgeFlip,,1.0000000000010001e-05,0.38654,pre,0.06285727964184594,0.064115556939,False,156,reversibility_unmeasured,4.587722915111112e-06,4.805130562700318e-06,0.11745150074,
"reversibilityProtocolTest,s150x150l0.14,1e-05,1.0PBCedgeFlipt4LBFGSEpsx1e-06energyDropThreshold1e-05s0:0.38799","reversibilityProtocolTest,s150x150l0.14,1e-05,1.0PBCedgeFlipt4LBFGSEpsx1e-06energyDropThreshold1e-05s0",0,edgeFlip,,1.0000000000010001e-05,0.38799,pre,0.06285727964184594,0.016043797195,False,55,reversibility_unmeasured,4.2617875368e-06,4.875418627772079e-06,0.12315328178,
"reversibilityProtocolTest,s150x150l0.14,1e-05,1.0PBCedgeFlipt4LBFGSEpsx1e-06energyDropThreshold1e-05s0:0.38861","reversibilityProtocolTest,s150x150l0.14,1e-05,1.0PBCedgeFlipt4LBFGSEpsx1e-06energyDropThreshold1e-05s0",0,edgeFlip,,1.0000000000010001e-05,0.38861,pre,0.06285727964184594,0.070532905501,False,63,reversibility_unmeasured,9.010534817777777e-06,9.658254875860924e-06,0.067293736569,
"reversibilityProtocolTest,s150x150l0.14,1e-05,1.0PBCedgeFlipt4LBFGSEpsx1e-06energyDropThreshold1e-05s0:0.39142","reversibilityProtocolTest,s150x150l0.14,1e-05,1.0PBCedgeFlipt4LBFGSEpsx1e-06energyDropThreshold1e-05s0",0,edgeFlip,,1.0000000000010001e-05,0.39142,pre,0.06285727964184594,0.016843035381,False,19,reversibility_unmeasured,-6.074886802666666e-07,7.455660983926768e-08,0.0097340430914,
"reversibilityProtocolTest,s150x150l0.14,1e-05,1.0PBCedgeFlipt4LBFGSEpsx1e-06energyDropThreshold1e-05s0:0.39146","reversibilityProtocolTest,s150x150l0.14,1e-05,1.0PBCedgeFlipt4LBFGSEpsx1e-06energyDropThreshold1e-05s0",0,edgeFlip,,1.0000000000010001e-05,0.39146,pre,0.06285727964184594,0.019759858117,True,45,reversible_plastic,-1.5114257696e-07,5.312368925842747e-07,0.059962173442,"/Volumes/data/MTS2D_output/reversibilityProtocolTest,s150x150l0.14,1e-05,1.0PBCedgeFlipt4LBFGSEpsx1e-06energyDropThreshold1e-05s0/data/reversibilityData/irrev_drop_l_0.39145"
"reversibilityProtocolTest,s150x150l0.14,1e-05,1.0PBCedgeFlipt4LBFGSEpsx1e-06energyDropThreshold1e-05s0:0.39311","reversibilityProtocolTest,s150x150l0.14,1e-05,1.0PBCedgeFlipt4LBFGSEpsx1e-06energyDropThreshold1e-05s0",0,edgeFlip,,1.0000000000010001e-05,0.39311,pre,0.06285727964184594,0.20829903285,False,240,reversibility_unmeasured,0.0001510078591288889,0.00015172636630448246,0.0037308018681,
"reversibilityProtocolTest,s150x150l0.14,1e-05,1.0PBCedgeFlipt4LBFGSEpsx1e-06energyDropThreshold1e-05s0:0.39481","reversibilityProtocolTest,s150x150l0.14,1e-05,1.0PBCedgeFlipt4LBFGSEpsx1e-06energyDropThreshold1e-05s0",0,edgeFlip,,1.0000000000010001e-05,0.39481,pre,0.06285727964184594,0.026190321574,False,87,reversibility_unmeasured,1.4673562632e-05,1.534233928020841e-05,0.11060618345,
"reversibilityProtocolTest,s150x150l0.14,1e-05,1.0PBCedgeFlipt4LBFGSEpsx1e-06energyDropThreshold1e-05s0:0.3976","reversibilityProtocolTest,s150x150l0.14,1e-05,1.0PBCedgeFlipt4LBFGSEpsx1e-06energyDropThreshold1e-05s0",0,edgeFlip,,1.0000000000010001e-05,0.3976,pre,0.06285727964184594,0.089773402789,True,154,irreversible_plastic,1.5212377411555556e-05,1.591749188348154e-05,0.07231642176,"/Volumes/data/MTS2D_output/reversibilityProtocolTest,s150x150l0.14,1e-05,1.0PBCedgeFlipt4LBFGSEpsx1e-06energyDropThreshold1e-05s0/data/reversibilityData/irrev_drop_l_0.39759"
"reversibilityProtocolTest,s150x150l0.14,1e-05,1.0PBCedgeFlipt4LBFGSEpsx1e-06energyDropThreshold1e-05s0:0.40096","reversibilityProtocolTest,s150x150l0.14,1e-05,1.0PBCedgeFlipt4LBFGSEpsx1e-06energyDropThreshold1e-05s0",0,edgeFlip,,1.0000000000010001e-05,0.40096,pre,0.06285727964184594,0.081440234171,False,94,reversibility_unmeasured,2.7515007614666666e-05,2.8305360221717517e-05,0.088145641408,
"reversibilityProtocolTest,s150x150l0.14,1e-05,1.0PBCedgeFlipt4LBFGSEpsx1e-06energyDropThreshold1e-05s0:0.40407","reversibilityProtocolTest,s150x150l0.14,1e-05,1.0PBCedgeFlipt4LBFGSEpsx1e-06energyDropThreshold1e-05s0",0,edgeFlip,,1.0000000000010001e-05,0.40407,pre,0.06285727964184594,0.24715521717,False,293,reversibility_unmeasured,0.00023931028596444444,0.00024015001945480206,0.03409179775,
"reversibilityProtocolTest,s150x150l0.14,1e-05,1.0PBCedgeFlipt4LBFGSEpsx1e-06energyDropThreshold1e-05s0:0.40827","reversibilityProtocolTest,s150x150l0.14,1e-05,1.0PBCedgeFlipt4LBFGSEpsx1e-06energyDropThreshold1e-05s0",0,edgeFlip,,1.0000000000010001e-05,0.40827,pre,0.06285727964184594,0.044145660958,False,43,reversibility_unmeasured,-1.4284400331555555e-07,6.779967186086347e-07,0.076095453963,
"reversibilityProtocolTest,s150x150l0.14,1e-05,1.0PBCedgeFlipt4LBFGSEpsx1e-06energyDropThreshold1e-05s0:0.40969","reversibilityProtocolTest,s150x150l0.14,1e-05,1.0PBCedgeFlipt4LBFGSEpsx1e-06energyDropThreshold1e-05s0",0,edgeFlip,,1.0000000000010001e-05,0.40969,pre,0.06285727964184594,0.052021085016,False,48,reversibility_unmeasured,7.201591534666666e-06,8.042233978460444e-06,0.023632120663,
"reversibilityProtocolTest,s150x150l0.14,1e-05,1.0PBCedgeFlipt4LBFGSEpsx1e-06energyDropThreshold1e-05s0:0.41069","reversibilityProtocolTest,s150x150l0.14,1e-05,1.0PBCedgeFlipt4LBFGSEpsx1e-06energyDropThreshold1e-05s0",0,edgeFlip,,1.0000000000010001e-05,0.41069,pre,0.06285727964184594,0.23989119581,False,14,reversibility_unmeasured,-1.9504547053333334e-07,6.583579462345471e-07,0.40096975167,
"reversibilityProtocolTest,s150x150l0.14,1e-05,1.0PBCedgeFlipt4LBFGSEpsx1e-06energyDropThreshold1e-05s0:0.41104","reversibilityProtocolTest,s150x150l0.14,1e-05,1.0PBCedgeFlipt4LBFGSEpsx1e-06energyDropThreshold1e-05s0",0,edgeFlip,,1.0000000000010001e-05,0.41104,pre,0.06285727964184594,0.24005020983,False,581,reversibility_unmeasured,0.0001426952148488889,0.00014355250221675407,0.033480592635,
"reversibilityProtocolTest,s150x150l0.14,1e-05,1.0PBCedgeFlipt4LBFGSEpsx1e-06energyDropThreshold1e-05s0:0.41119","reversibilityProtocolTest,s150x150l0.14,1e-05,1.0PBCedgeFlipt4LBFGSEpsx1e-06energyDropThreshold1e-05s0",0,edgeFlip,,1.0000000000010001e-05,0.41119,pre,0.06285727964184594,0.095775552079,False,85,reversibility_unmeasured,2.2522870876444444e-05,2.3317963584132587e-05,0.02652981831,
"reversibilityProtocolTest,s150x150l0.14,1e-05,1.0PBCedgeFlipt4LBFGSEpsx1e-06energyDropThreshold1e-05s0:0.41238","reversibilityProtocolTest,s150x150l0.14,1e-05,1.0PBCedgeFlipt4LBFGSEpsx1e-06energyDropThreshold1e-05s0",0,edgeFlip,,1.0000000000010001e-05,0.41238,pre,0.06285727964184594,0.022944153043,False,252,reversibility_unmeasured,3.9038445479111114e-05,3.9837587423096465e-05,0.087490525005,
"reversibilityProtocolTest,s150x150l0.14,1e-05,1.0PBCedgeFlipt4LBFGSEpsx1e-06energyDropThreshold1e-05s0:0.41315","reversibilityProtocolTest,s150x150l0.14,1e-05,1.0PBCedgeFlipt4LBFGSEpsx1e-06energyDropThreshold1e-05s0",0,edgeFlip,,1.0000000000010001e-05,0.41315,pre,0.06285727964184594,0.12370926294,False,125,reversibility_unmeasured,7.337432226666666e-05,7.412524462821845e-05,0.12168909852,
"reversibilityProtocolTest,s150x150l0.14,1e-05,1.0PBCedgeFlipt4LBFGSEpsx1e-06energyDropThreshold1e-05s0:0.41861","reversibilityProtocolTest,s150x150l0.14,1e-05,1.0PBCedgeFlipt4LBFGSEpsx1e-06energyDropThreshold1e-05s0",0,edgeFlip,,1.0000000000010001e-05,0.41861,pre,0.06285727964184594,0.034595753169,True,33,reversible_plastic,1.5239443983555555e-06,2.3568450246620565e-06,0.096291873232,"/Volumes/data/MTS2D_output/reversibilityProtocolTest,s150x150l0.14,1e-05,1.0PBCedgeFlipt4LBFGSEpsx1e-06energyDropThreshold1e-05s0/data/reversibilityData/irrev_drop_l_0.41860"
"reversibilityProtocolTest,s150x150l0.14,1e-05,1.0PBCedgeFlipt4LBFGSEpsx1e-06energyDropThreshold1e-05s0:0.4204","reversibilityProtocolTest,s150x150l0.14,1e-05,1.0PBCedgeFlipt4LBFGSEpsx1e-06energyDropThreshold1e-05s0",0,edgeFlip,,1.0000000000010001e-05,0.4204,pre,0.06285727964184594,0.016749625183,False,25,reversibility_unmeasured,-6.119855023555556e-07,2.4456008461457815e-07,0.091934173725,
"reversibilityProtocolTest,s150x150l0.14,1e-05,1.0PBCedgeFlipt4LBFGSEpsx1e-06energyDropThreshold1e-05s0:0.42134","reversibilityProtocolTest,s150x150l0.14,1e-05,1.0PBCedgeFlipt4LBFGSEpsx1e-06energyDropThreshold1e-05s0",0,edgeFlip,,1.0000000000010001e-05,0.42134,pre,0.06285727964184594,0.24773584907,False,350,reversibility_unmeasured,0.00024139117319111112,0.00024226308944029016,0.020063240316,
"reversibilityProtocolTest,s150x150l0.14,1e-05,1.0PBCedgeFlipt4LBFGSEpsx1e-06energyDropThreshold1e-05s0:0.42457","reversibilityProtocolTest,s150x150l0.14,1e-05,1.0PBCedgeFlipt4LBFGSEpsx1e-06energyDropThreshold1e-05s0",0,edgeFlip,,1.0000000000010001e-05,0.42457,pre,0.06285727964184594,0.2439895339,False,301,reversibility_unmeasured,0.00018883984226666668,0.00018966908263511438,0.14536048598,
"reversibilityProtocolTest,s150x150l0.14,1e-05,1.0PBCedgeFlipt4LBFGSEpsx1e-06energyDropThreshold1e-05s0:0.4308","reversibilityProtocolTest,s150x150l0.14,1e-05,1.0PBCedgeFlipt4LBFGSEpsx1e-06energyDropThreshold1e-05s0",0,edgeFlip,,1.0000000000010001e-05,0.4308,pre,0.06285727964184594,0.26382500704,False,354,reversibility_unmeasured,0.00025288875724888886,0.0002537479908277002,0.072674662609,
"reversibilityProtocolTest,s150x150l0.14,1e-05,1.0PBCedgeFlipt4LBFGSEpsx1e-06energyDropThreshold1e-05s0:0.43273","reversibilityProtocolTest,s150x150l0.14,1e-05,1.0PBCedgeFlipt4LBFGSEpsx1e-06energyDropThreshold1e-05s0",0,edgeFlip,,1.0000000000010001e-05,0.43273,pre,0.06285727964184594,0.02646552165,False,42,reversibility_unmeasured,4.141334593466667e-06,4.915554023525854e-06,0.052034947188,
"reversibilityProtocolTest,s150x150l0.14,1e-05,1.0PBCedgeFlipt4LBFGSEpsx1e-06energyDropThreshold1e-05s0:0.43453","reversibilityProtocolTest,s150x150l0.14,1e-05,1.0PBCedgeFlipt4LBFGSEpsx1e-06energyDropThreshold1e-05s0",0,edgeFlip,,1.0000000000010001e-05,0.43453,pre,0.06285727964184594,0.03531911166,False,23,reversibility_unmeasured,4.777675400888889e-06,5.581944887214579e-06,0.088317791463,
"reversibilityProtocolTest,s150x150l0.14,1e-05,1.0PBCedgeFlipt4LBFGSEpsx1e-06energyDropThreshold1e-05s0:0.43562","reversibilityProtocolTest,s150x150l0.14,1e-05,1.0PBCedgeFlipt4LBFGSEpsx1e-06energyDropThreshold1e-05s0",0,edgeFlip,,1.0000000000010001e-05,0.43562,pre,0.06285727964184594,0.049073051021,False,20,reversibility_unmeasured,2.103773277688889e-06,2.925145216954661e-06,0.011267940221,
"reversibilityProtocolTest,s150x150l0.14,1e-05,1.0PBCedgeFlipt4LBFGSEpsx1e-06energyDropThreshold1e-05s0:0.43643","reversibilityProtocolTest,s150x150l0.14,1e-05,1.0PBCedgeFlipt4LBFGSEpsx1e-06energyDropThreshold1e-05s0",0,edgeFlip,,1.0000000000010001e-05,0.43643,pre,0.06285727964184594,0.043121661593,True,108,reversible_plastic,7.076359798222222e-05,7.159470669423879e-05,0.0083923284651,"/Volumes/data/MTS2D_output/reversibilityProtocolTest,s150x150l0.14,1e-05,1.0PBCedgeFlipt4LBFGSEpsx1e-06energyDropThreshold1e-05s0/data/reversibilityData/irrev_drop_l_0.43642"
"reversibilityProtocolTest,s150x150l0.14,1e-05,1.0PBCedgeFlipt4LBFGSEpsx1e-06energyDropThreshold1e-05s0:0.43917","reversibilityProtocolTest,s150x150l0.14,1e-05,1.0PBCedgeFlipt4LBFGSEpsx1e-06energyDropThreshold1e-05s0",0,edgeFlip,,1.0000000000010001e-05,0.43917,pre,0.06285727964184594,0.25327932265,False,287,reversibility_unmeasured,0.0003258191967955556,0.0003267679838494385,0.077333142673,
"reversibilityProtocolTest,s150x150l0.14,1e-05,1.0PBCedgeFlipt4LBFGSEpsx1e-06energyDropThreshold1e-05s0:0.44684","reversibilityProtocolTest,s150x150l0.14,1e-05,1.0PBCedgeFlipt4LBFGSEpsx1e-06energyDropThreshold1e-05s0",0,edgeFlip,,1.0000000000010001e-05,0.44684,pre,0.06285727964184594,0.066933990053,False,82,reversibility_unmeasured,3.753440936177778e-05,3.851342599527925e-05,0.095595662062,
"reversibilityProtocolTest,s150x150l0.14,1e-05,1.0PBCedgeFlipt4LBFGSEpsx1e-06energyDropThreshold1e-05s0:0.45099","reversibilityProtocolTest,s150x150l0.14,1e-05,1.0PBCedgeFlipt4LBFGSEpsx1e-06energyDropThreshold1e-05s0",0,edgeFlip,,1.0000000000010001e-05,0.45099,pre,0.06285727964184594,0.27432813331,False,530,reversibility_unmeasured,0.00043597509342666664,0.0004370125065720938,0.074806668558,
"reversibilityProtocolTest,s150x150l0.14,1e-05,1.0PBCedgeFlipt4LBFGSEpsx1e-06energyDropThreshold1e-05s0:0.45264","reversibilityProtocolTest,s150x150l0.14,1e-05,1.0PBCedgeFlipt4LBFGSEpsx1e-06energyDropThreshold1e-05s0",0,edgeFlip,,1.0000000000010001e-05,0.45264,pre,0.06285727964184594,0.08415295805,False,82,reversibility_unmeasured,2.8301482312444444e-05,2.9183135655297418e-05,0.096530072972,
"reversibilityProtocolTest,s150x150l0.14,1e-05,1.0PBCedgeFlipt4LBFGSEpsx1e-06energyDropThreshold1e-05s0:0.45837","reversibilityProtocolTest,s150x150l0.14,1e-05,1.0PBCedgeFlipt4LBFGSEpsx1e-06energyDropThreshold1e-05s0",0,edgeFlip,,1.0000000000010001e-05,0.45837,pre,0.06285727964184594,0.058407072757,False,50,reversibility_unmeasured,1.0812787926222222e-05,1.1478659132952392e-05,0.0089856874134,
"reversibilityProtocolTest,s150x150l0.14,1e-05,1.0PBCedgeFlipt4LBFGSEpsx1e-06energyDropThreshold1e-05s0:0.45878","reversibilityProtocolTest,s150x150l0.14,1e-05,1.0PBCedgeFlipt4LBFGSEpsx1e-06energyDropThreshold1e-05s0",0,edgeFlip,,1.0000000000010001e-05,0.45878,pre,0.06285727964184594,0.22968786029,True,324,irreversible_plastic,0.0002370446781511111,0.00023771584856844785,0.12878553563,"/Volumes/data/MTS2D_output/reversibilityProtocolTest,s150x150l0.14,1e-05,1.0PBCedgeFlipt4LBFGSEpsx1e-06energyDropThreshold1e-05s0/data/reversibilityData/irrev_drop_l_0.45877"
"reversibilityProtocolTest,s150x150l0.14,1e-05,1.0PBCedgeFlipt4LBFGSEpsx1e-06energyDropThreshold1e-05s0:0.46296","reversibilityProtocolTest,s150x150l0.14,1e-05,1.0PBCedgeFlipt4LBFGSEpsx1e-06energyDropThreshold1e-05s0",0,edgeFlip,,1.0000000000010001e-05,0.46296,pre,0.06285727964184594,0.053137870193,False,72,reversibility_unmeasured,6.715240733333333e-05,6.758802795631911e-05,0.099781671407,
"reversibilityProtocolTest,s150x150l0.14,1e-05,1.0PBCedgeFlipt4LBFGSEpsx1e-06energyDropThreshold1e-05s0:0.46391","reversibilityProtocolTest,s150x150l0.14,1e-05,1.0PBCedgeFlipt4LBFGSEpsx1e-06energyDropThreshold1e-05s0",0,edgeFlip,,1.0000000000010001e-05,0.46391,pre,0.06285727964184594,0.24478286722,False,40,reversibility_unmeasured,1.3122558317777777e-05,1.3923090646545056e-05,0.31042075623,
"reversibilityProtocolTest,s150x150l0.14,1e-05,1.0PBCedgeFlipt4LBFGSEpsx1e-06energyDropThreshold1e-05s0:0.46464","reversibilityProtocolTest,s150x150l0.14,1e-05,1.0PBCedgeFlipt4LBFGSEpsx1e-06energyDropThreshold1e-05s0",0,edgeFlip,,1.0000000000010001e-05,0.46464,pre,0.06285727964184594,0.18963294462,True,292,irreversible_plastic,0.00011055371756444444,0.00011135824754567492,0.029372208021,"/Volumes/data/MTS2D_output/reversibilityProtocolTest,s150x150l0.14,1e-05,1.0PBCedgeFlipt4LBFGSEpsx1e-06energyDropThreshold1e-05s0/data/reversibilityData/irrev_drop_l_0.46463"
"reversibilityProtocolTest,s150x150l0.14,1e-05,1.0PBCedgeFlipt4LBFGSEpsx1e-06energyDropThreshold1e-05s0:0.46475","reversibilityProtocolTest,s150x150l0.14,1e-05,1.0PBCedgeFlipt4LBFGSEpsx1e-06energyDropThreshold1e-05s0",0,edgeFlip,,1.0000000000010001e-05,0.46475,pre,0.06285727964184594,0.0459703217,False,79,reversibility_unmeasured,0.00018353374077333335,0.00018432507042912222,0.0076011497336,
"reversibilityProtocolTest,s150x150l0.14,1e-05,1.0PBCedgeFlipt4LBFGSEpsx1e-06energyDropThreshold1e-05s0:0.46568","reversibilityProtocolTest,s150x150l0.14,1e-05,1.0PBCedgeFlipt4LBFGSEpsx1e-06energyDropThreshold1e-05s0",0,edgeFlip,,1.0000000000010001e-05,0.46568,pre,0.06285727964184594,0.16085058393,False,159,reversibility_unmeasured,5.5611384608888886e-05,5.6186383224025525e-05,0.038004555306,
"reversibilityProtocolTest,s150x150l0.14,1e-05,1.0PBCedgeFlipt4LBFGSEpsx1e-06energyDropThreshold1e-05s0:0.4691","reversibilityProtocolTest,s150x150l0.14,1e-05,1.0PBCedgeFlipt4LBFGSEpsx1e-06energyDropThreshold1e-05s0",0,edgeFlip,,1.0000000000010001e-05,0.4691,pre,0.06285727964184594,0.1471725663,False,137,reversibility_unmeasured,2.8548459412444446e-05,2.9158796556556708e-05,0.001059684487,
"reversibilityProtocolTest,s150x150l0.14,1e-05,1.0PBCedgeFlipt4LBFGSEpsx1e-06energyDropThreshold1e-05s0:0.4712","reversibilityProtocolTest,s150x150l0.14,1e-05,1.0PBCedgeFlipt4LBFGSEpsx1e-06energyDropThreshold1e-05s0",0,edgeFlip,,1.0000000000010001e-05,0.4712,pre,0.06285727964184594,0.030906436613,False,83,reversibility_unmeasured,0.00015717332592,0.00015778620391951992,0.091169119813,
"reversibilityProtocolTest,s150x150l0.14,1e-05,1.0PBCedgeFlipt4LBFGSEpsx1e-06energyDropThreshold1e-05s0:0.47624","reversibilityProtocolTest,s150x150l0.14,1e-05,1.0PBCedgeFlipt4LBFGSEpsx1e-06energyDropThreshold1e-05s0",0,edgeFlip,,1.0000000000010001e-05,0.47624,pre,0.06285727964184594,0.1861306441,False,228,reversibility_unmeasured,0.00021447999185333333,0.00021502763183151122,0.0016803659222,
"reversibilityProtocolTest,s150x150l0.14,1e-05,1.0PBCedgeFlipt4LBFGSEpsx1e-06energyDropThreshold1e-05s0:0.47654","reversibilityProtocolTest,s150x150l0.14,1e-05,1.0PBCedgeFlipt4LBFGSEpsx1e-06energyDropThreshold1e-05s0",0,edgeFlip,,1.0000000000010001e-05,0.47654,pre,0.06285727964184594,0.013273013304,False,17,reversibility_unmeasured,4.291988891733334e-05,4.339241882095292e-05,0.051989644252,
"reversibilityProtocolTest,s150x150l0.14,1e-05,1.0PBCedgeFlipt4LBFGSEpsx1e-06energyDropThreshold1e-05s0:0.48447","reversibilityProtocolTest,s150x150l0.14,1e-05,1.0PBCedgeFlipt4LBFGSEpsx1e-06energyDropThreshold1e-05s0",0,edgeFlip,,1.0000000000010001e-05,0.48447,pre,0.06285727964184594,0.25969898219,False,196,reversibility_unmeasured,7.100925456e-05,7.17941372916635e-05,0.21685801537,
"reversibilityProtocolTest,s150x150l0.14,1e-05,1.0PBCedgeFlipt4LBFGSEpsx1e-06energyDropThreshold1e-05s0:0.48578","reversibilityProtocolTest,s150x150l0.14,1e-05,1.0PBCedgeFlipt4LBFGSEpsx1e-06energyDropThreshold1e-05s0",0,edgeFlip,,1.0000000000010001e-05,0.48578,pre,0.06285727964184594,0.31487358824,False,319,reversibility_unmeasured,7.37270764e-05,7.446902627626867e-05,0.43520755379,
"reversibilityProtocolTest,s150x150l0.14,1e-05,1.0PBCedgeFlipt4LBFGSEpsx1e-06energyDropThreshold1e-05s0:0.48647","reversibilityProtocolTest,s150x150l0.14,1e-05,1.0PBCedgeFlipt4LBFGSEpsx1e-06energyDropThreshold1e-05s0",0,edgeFlip,,1.0000000000010001e-05,0.48647,pre,0.06285727964184594,0.25375449135,False,333,reversibility_unmeasured,0.00029967562618222224,0.00030040188107664106,0.14228490109,
"reversibilityProtocolTest,s150x150l0.14,1e-05,1.0PBCedgeFlipt4LBFGSEpsx1e-06energyDropThreshold1e-05s0:0.49151","reversibilityProtocolTest,s150x150l0.14,1e-05,1.0PBCedgeFlipt4LBFGSEpsx1e-06energyDropThreshold1e-05s0",0,edgeFlip,,1.0000000000010001e-05,0.49151,pre,0.06285727964184594,0.077781690904,False,122,reversibility_unmeasured,2.5921657139555556e-06,3.12832265731231e-06,0.089492656446,
"reversibilityProtocolTest,s150x150l0.14,1e-05,1.0PBCedgeFlipt4LBFGSEpsx1e-06energyDropThreshold1e-05s0:0.49231","reversibilityProtocolTest,s150x150l0.14,1e-05,1.0PBCedgeFlipt4LBFGSEpsx1e-06energyDropThreshold1e-05s0",0,edgeFlip,,1.0000000000010001e-05,0.49231,pre,0.06285727964184594,0.072722529094,False,57,reversibility_unmeasured,1.398523828e-05,1.4528382429340227e-05,0.034760802653,
"reversibilityProtocolTest,s150x150l0.14,1e-05,1.0PBCedgeFlipt4LBFGSEpsx1e-06energyDropThreshold1e-05s0:0.49526","reversibilityProtocolTest,s150x150l0.14,1e-05,1.0PBCedgeFlipt4LBFGSEpsx1e-06energyDropThreshold1e-05s0",0,edgeFlip,,1.0000000000010001e-05,0.49526,pre,0.06285727964184594,0.26024322719,False,301,reversibility_unmeasured,0.00014202793758666667,0.0001425977922758395,0.034813601105,
"reversibilityProtocolTest,s150x150l0.14,1e-05,1.0PBCedgeFlipt4LBFGSEpsx1e-06energyDropThreshold1e-05s0:0.498","reversibilityProtocolTest,s150x150l0.14,1e-05,1.0PBCedgeFlipt4LBFGSEpsx1e-06energyDropThreshold1e-05s0",0,edgeFlip,,1.0000000000010001e-05,0.498,pre,0.06285727964184594,0.082451321056,False,162,reversibility_unmeasured,3.283764298666667e-05,3.3372743829335784e-05,0.04826479492,
"reversibilityProtocolTest,s150x150l0.14,1e-05,1.0PBCedgeFlipt4LBFGSEpsx1e-06energyDropThreshold1e-05s0:0.50156","reversibilityProtocolTest,s150x150l0.14,1e-05,1.0PBCedgeFlipt4LBFGSEpsx1e-06energyDropThreshold1e-05s0",0,edgeFlip,,1.0000000000010001e-05,0.50156,pre,0.06285727964184594,0.030485344495,False,28,reversibility_unmeasured,-3.592741629422222e-07,4.085291452611273e-07,0.086134718818,
"reversibilityProtocolTest,s150x150l0.14,1e-05,1.0PBCedgeFlipt4LBFGSEpsx1e-06energyDropThreshold1e-05s0:0.50159","reversibilityProtocolTest,s150x150l0.14,1e-05,1.0PBCedgeFlipt4LBFGSEpsx1e-06energyDropThreshold1e-05s0",0,edgeFlip,,1.0000000000010001e-05,0.50159,pre,0.06285727964184594,0.076844427664,False,134,reversibility_unmeasured,5.6243985902222224e-05,5.700887152097746e-05,0.10547858323,
"reversibilityProtocolTest,s150x150l0.14,1e-05,1.0PBCedgeFlipt4LBFGSEpsx1e-06energyDropThreshold1e-05s0:0.5028","reversibilityProtocolTest,s150x150l0.14,1e-05,1.0PBCedgeFlipt4LBFGSEpsx1e-06energyDropThreshold1e-05s0",0,edgeFlip,,1.0000000000010001e-05,0.5028,pre,0.06285727964184594,0.039057674573,False,43,reversibility_unmeasured,1.9978667572444444e-06,2.770136512054301e-06,0.094302241368,
"reversibilityProtocolTest,s150x150l0.14,1e-05,1.0PBCedgeFlipt4LBFGSEpsx1e-06energyDropThreshold1e-05s0:0.50327","reversibilityProtocolTest,s150x150l0.14,1e-05,1.0PBCedgeFlipt4LBFGSEpsx1e-06energyDropThreshold1e-05s0",0,edgeFlip,,1.0000000000010001e-05,0.50327,pre,0.06285727964184594,0.016973791788,True,19,reversible_plastic,-4.736582372444445e-09,7.681591214223873e-07,0.095994202207,"/Volumes/data/MTS2D_output/reversibilityProtocolTest,s150x150l0.14,1e-05,1.0PBCedgeFlipt4LBFGSEpsx1e-06energyDropThreshold1e-05s0/data/reversibilityData/irrev_drop_l_0.50326"
"reversibilityProtocolTest,s150x150l0.14,1e-05,1.0PBCedgeFlipt4LBFGSEpsx1e-06energyDropThreshold1e-05s0:0.50383","reversibilityProtocolTest,s150x150l0.14,1e-05,1.0PBCedgeFlipt4LBFGSEpsx1e-06energyDropThreshold1e-05s0",0,edgeFlip,,1.0000000000010001e-05,0.50383,pre,0.06285727964184594,0.06756324713,False,34,reversibility_unmeasured,5.4546719071111116e-06,6.227897924617941e-06,0.015111780516,
"reversibilityProtocolTest,s150x150l0.14,1e-05,1.0PBCedgeFlipt4LBFGSEpsx1e-06energyDropThreshold1e-05s0:0.50517","reversibilityProtocolTest,s150x150l0.14,1e-05,1.0PBCedgeFlipt4LBFGSEpsx1e-06energyDropThreshold1e-05s0",0,edgeFlip,,1.0000000000010001e-05,0.50517,pre,0.06285727964184594,0.13184818661,False,105,reversibility_unmeasured,3.0628727099111116e-05,3.142249513230127e-05,0.024753564033,
"reversibilityProtocolTest,s150x150l0.14,1e-05,1.0PBCedgeFlipt4LBFGSEpsx1e-06energyDropThreshold1e-05s0:0.50781","reversibilityProtocolTest,s150x150l0.14,1e-05,1.0PBCedgeFlipt4LBFGSEpsx1e-06energyDropThreshold1e-05s0",0,edgeFlip,,1.0000000000010001e-05,0.50781,pre,0.06285727964184594,0.19942689312,False,255,reversibility_unmeasured,0.00012669046460000001,0.00012750053518081282,0.023987466538,
"reversibilityProtocolTest,s150x150l0.14,1e-05,1.0PBCedgeFlipt4LBFGSEpsx1e-06energyDropThreshold1e-05s0:0.51158","reversibilityProtocolTest,s150x150l0.14,1e-05,1.0PBCedgeFlipt4LBFGSEpsx1e-06energyDropThreshold1e-05s0",0,edgeFlip,,1.0000000000010001e-05,0.51158,pre,0.06285727964184594,0.026419771872,False,71,reversibility_unmeasured,2.4250739365333335e-05,2.5305910643623974e-05,0.10469425994,
"reversibilityProtocolTest,s150x150l0.14,1e-05,1.0PBCedgeFlipt4LBFGSEpsx1e-06energyDropThreshold1e-05s0:0.51306","reversibilityProtocolTest,s150x150l0.14,1e-05,1.0PBCedgeFlipt4LBFGSEpsx1e-06energyDropThreshold1e-05s0",0,edgeFlip,,1.0000000000010001e-05,0.51306,pre,0.06285727964184594,0.15964931271,False,198,reversibility_unmeasured,0.00011045599944000001,0.00011163143650577341,0.1324978019,
"reversibilityProtocolTest,s150x150l0.14,1e-05,1.0PBCedgeFlipt4LBFGSEpsx1e-06energyDropThreshold1e-05s0:0.51896","reversibilityProtocolTest,s150x150l0.14,1e-05,1.0PBCedgeFlipt4LBFGSEpsx1e-06energyDropThreshold1e-05s0",0,edgeFlip,,1.0000000000010001e-05,0.51896,pre,0.06285727964184594,0.21647634761,False,365,reversibility_unmeasured,0.00025035646968444447,0.00025158230355944194,0.096636872123,
"reversibilityProtocolTest,s150x150l0.14,1e-05,1.0PBCedgeFlipt4LBFGSEpsx1e-06energyDropThreshold1e-05s0:0.52277","reversibilityProtocolTest,s150x150l0.14,1e-05,1.0PBCedgeFlipt4LBFGSEpsx1e-06energyDropThreshold1e-05s0",0,edgeFlip,,1.0000000000010001e-05,0.52277,pre,0.06285727964184594,0.10570650384,False,104,reversibility_unmeasured,1.575484026711111e-05,1.6942706353862982e-05,0.039395347593,
"reversibilityProtocolTest,s150x150l0.14,1e-05,1.0PBCedgeFlipt4LBFGSEpsx1e-06energyDropThreshold1e-05s0:0.52706","reversibilityProtocolTest,s150x150l0.14,1e-05,1.0PBCedgeFlipt4LBFGSEpsx1e-06energyDropThreshold1e-05s0",0,edgeFlip,,1.0000000000010001e-05,0.52706,pre,0.06285727964184594,0.019549646187,False,28,reversibility_unmeasured,1.4749920562666667e-05,1.5994805441543275e-05,0.051169349995,
"reversibilityProtocolTest,s150x150l0.14,1e-05,1.0PBCedgeFlipt4LBFGSEpsx1e-06energyDropThreshold1e-05s0:0.5291","reversibilityProtocolTest,s150x150l0.14,1e-05,1.0PBCedgeFlipt4LBFGSEpsx1e-06energyDropThreshold1e-05s0",0,edgeFlip,,1.0000000000010001e-05,0.5291,pre,0.06285727964184594,0.25413204082,False,252,reversibility_unmeasured,0.00021626629796888888,0.000217538038345141,0.068070968845,
"reversibilityProtocolTest,s150x150l0.14,1e-05,1.0PBCedgeFlipt4LBFGSEpsx1e-06energyDropThreshold1e-05s0:0.53423","reversibilityProtocolTest,s150x150l0.14,1e-05,1.0PBCedgeFlipt4LBFGSEpsx1e-06energyDropThreshold1e-05s0",0,edgeFlip,,1.0000000000010001e-05,0.53423,pre,0.06285727964184594,0.30232049842,False,542,reversibility_unmeasured,0.0003392422323288889,0.00034040567801779767,0.12818761514,
"reversibilityProtocolTest,s150x150l0.14,1e-05,1.0PBCedgeFlipt4LBFGSEpsx1e-06energyDropThreshold1e-05s0:0.53609","reversibilityProtocolTest,s150x150l0.14,1e-05,1.0PBCedgeFlipt4LBFGSEpsx1e-06energyDropThreshold1e-05s0",0,edgeFlip,,1.0000000000010001e-05,0.53609,pre,0.06285727964184594,0.080409447977,False,173,reversibility_unmeasured,0.00018873082475555556,0.00018983595932781252,0.17168628701,
"reversibilityProtocolTest,s150x150l0.14,1e-05,1.0PBCedgeFlipt4LBFGSEpsx1e-06energyDropThreshold1e-05s0:0.5408","reversibilityProtocolTest,s150x150l0.14,1e-05,1.0PBCedgeFlipt4LBFGSEpsx1e-06energyDropThreshold1e-05s0",0,edgeFlip,,1.0000000000010001e-05,0.5408,pre,0.06285727964184594,0.052049790023,False,60,reversibility_unmeasured,4.6845918737777775e-06,5.759312053765421e-06,0.039920592447,
"reversibilityProtocolTest,s150x150l0.14,1e-05,1.0PBCedgeFlipt4LBFGSEpsx1e-06energyDropThreshold1e-05s0:0.54174","reversibilityProtocolTest,s150x150l0.14,1e-05,1.0PBCedgeFlipt4LBFGSEpsx1e-06energyDropThreshold1e-05s0",0,edgeFlip,,1.0000000000010001e-05,0.54174,pre,0.06285727964184594,0.25868744131,False,216,reversibility_unmeasured,8.98351636088889e-05,9.093003349400734e-05,0.37411097723,
"reversibilityProtocolTest,s150x150l0.14,1e-05,1.0PBCedgeFlipt4LBFGSEpsx1e-06energyDropThreshold1e-05s0:0.54278","reversibilityProtocolTest,s150x150l0.14,1e-05,1.0PBCedgeFlipt4LBFGSEpsx1e-06energyDropThreshold1e-05s0",0,edgeFlip,,1.0000000000010001e-05,0.54278,pre,0.06285727964184594,0.20112005285,False,20,reversibility_unmeasured,-2.079452474622222e-07,8.751791086650782e-07,0.41676132642,
"reversibilityProtocolTest,s150x150l0.14,1e-05,1.0PBCedgeFlipt4LBFGSEpsx1e-06energyDropThreshold1e-05s0:0.54412","reversibilityProtocolTest,s150x150l0.14,1e-05,1.0PBCedgeFlipt4LBFGSEpsx1e-06energyDropThreshold1e-05s0",0,edgeFlip,,1.0000000000010001e-05,0.54412,pre,0.06285727964184594,0.20129710292,False,116,reversibility_unmeasured,0.00015084013122222223,0.0001519483323351551,0.087511109764,
"reversibilityProtocolTest,s150x150l0.14,1e-05,1.0PBCedgeFlipt4LBFGSEpsx1e-06energyDropThreshold1e-05s0:0.54904","reversibilityProtocolTest,s150x150l0.14,1e-05,1.0PBCedgeFlipt4LBFGSEpsx1e-06energyDropThreshold1e-05s0",0,edgeFlip,,1.0000000000010001e-05,0.54904,pre,0.06285727964184594,0.14066037278,True,203,irreversible_plastic,4.7806132035555553e-05,4.9070843737280885e-05,0.065255817547,"/Volumes/data/MTS2D_output/reversibilityProtocolTest,s150x150l0.14,1e-05,1.0PBCedgeFlipt4LBFGSEpsx1e-06energyDropThreshold1e-05s0/data/reversibilityData/irrev_drop_l_0.54903"
"reversibilityProtocolTest,s150x150l0.14,1e-05,1.0PBCedgeFlipt4LBFGSEpsx1e-06energyDropThreshold1e-05s0:0.55081","reversibilityProtocolTest,s150x150l0.14,1e-05,1.0PBCedgeFlipt4LBFGSEpsx1e-06energyDropThreshold1e-05s0",0,edgeFlip,,1.0000000000010001e-05,0.55081,pre,0.06285727964184594,0.21139140974,False,373,reversibility_unmeasured,5.979735292888889e-05,6.104233055861591e-05,0.10579978151,
"reversibilityProtocolTest,s150x150l0.14,1e-05,1.0PBCedgeFlipt4LBFGSEpsx1e-06energyDropThreshold1e-05s0:0.55216","reversibilityProtocolTest,s150x150l0.14,1e-05,1.0PBCedgeFlipt4LBFGSEpsx1e-06energyDropThreshold1e-05s0",0,edgeFlip,,1.0000000000010001e-05,0.55216,pre,0.06285727964184594,0.16836452007,False,157,reversibility_unmeasured,3.761611598755555e-05,3.883363677301127e-05,0.018792311532,
"reversibilityProtocolTest,s150x150l0.14,1e-05,1.0PBCedgeFlipt4LBFGSEpsx1e-06energyDropThreshold1e-05s0:0.55374","reversibilityProtocolTest,s150x150l0.14,1e-05,1.0PBCedgeFlipt4LBFGSEpsx1e-06energyDropThreshold1e-05s0",0,edgeFlip,,1.0000000000010001e-05,0.55374,pre,0.06285727964184594,0.10094327393,False,18,reversibility_unmeasured,-6.551207601333334e-07,5.625457826176393e-07,0.056724391466,
"reversibilityProtocolTest,s150x150l0.14,1e-05,1.0PBCedgeFlipt4LBFGSEpsx1e-06energyDropThreshold1e-05s0:0.5541","reversibilityProtocolTest,s150x150l0.14,1e-05,1.0PBCedgeFlipt4LBFGSEpsx1e-06energyDropThreshold1e-05s0",0,edgeFlip,,1.0000000000010001e-05,0.5541,pre,0.06285727964184594,0.090104133777,False,149,reversibility_unmeasured,0.00030561060489333334,0.000306832218636565,0.16991112873,
"reversibilityProtocolTest,s150x150l0.14,1e-05,1.0PBCedgeFlipt4LBFGSEpsx1e-06energyDropThreshold1e-05s0:0.5638","reversibilityProtocolTest,s150x150l0.14,1e-05,1.0PBCedgeFlipt4LBFGSEpsx1e-06energyDropThreshold1e-05s0",0,edgeFlip,,1.0000000000010001e-05,0.5638,pre,0.06285727964184594,0.22946687123,False,142,reversibility_unmeasured,0.00020364661898666665,0.00020475787691944888,0.0428641259,
"reversibilityProtocolTest,s150x150l0.14,1e-05,1.0PBCedgeFlipt4LBFGSEpsx1e-06energyDropThreshold1e-05s0:0.56503","reversibilityProtocolTest,s150x150l0.14,1e-05,1.0PBCedgeFlipt4LBFGSEpsx1e-06energyDropThreshold1e-05s0",0,edgeFlip,,1.0000000000010001e-05,0.56503,pre,0.06285727964184594,0.18901313185,False,325,reversibility_unmeasured,8.584657392444445e-05,8.704994766814909e-05,0.034032502436,
"reversibilityProtocolTest,s150x150l0.14,1e-05,1.0PBCedgeFlipt4LBFGSEpsx1e-06energyDropThreshold1e-05s0:0.56839","reversibilityProtocolTest,s150x150l0.14,1e-05,1.0PBCedgeFlipt4LBFGSEpsx1e-06energyDropThreshold1e-05s0",0,edgeFlip,,1.0000000000010001e-05,0.56839,pre,0.06285727964184594,0.034884528332,False,94,reversibility_unmeasured,1.8880444335555555e-05,2.0095536684079383e-05,0.18499868562,
"reversibilityProtocolTest,s150x150l0.14,1e-05,1.0PBCedgeFlipt4LBFGSEpsx1e-06energyDropThreshold1e-05s0:0.57408","reversibilityProtocolTest,s150x150l0.14,1e-05,1.0PBCedgeFlipt4LBFGSEpsx1e-06energyDropThreshold1e-05s0",0,edgeFlip,,1.0000000000010001e-05,0.57408,pre,0.06285727964184594,0.31370265486,False,4,reversibility_unmeasured,-2.746627287688889e-07,1.0073374254615273e-06,0.35777047768,
"reversibilityProtocolTest,s150x150l0.14,1e-05,1.0PBCedgeFlipt4LBFGSEpsx1e-06energyDropThreshold1e-05s0:0.57489","reversibilityProtocolTest,s150x150l0.14,1e-05,1.0PBCedgeFlipt4LBFGSEpsx1e-06energyDropThreshold1e-05s0",0,edgeFlip,,1.0000000000010001e-05,0.57489,pre,0.06285727964184594,0.26895756697,False,341,reversibility_unmeasured,0.00022423389649333332,0.00022553382701602864,0.11276451803,
"reversibilityProtocolTest,s150x150l0.14,1e-05,1.0PBCedgeFlipt4LBFGSEpsx1e-06energyDropThreshold1e-05s0:0.57583","reversibilityProtocolTest,s150x150l0.14,1e-05,1.0PBCedgeFlipt4LBFGSEpsx1e-06energyDropThreshold1e-05s0",0,edgeFlip,,1.0000000000010001e-05,0.57583,pre,0.06285727964184594,0.053826701477,False,56,reversibility_unmeasured,1.6894265986222222e-05,1.8094900425158913e-05,0.14868713828,
"reversibilityProtocolTest,s150x150l0.14,1e-05,1.0PBCedgeFlipt4LBFGSEpsx1e-06energyDropThreshold1e-05s0:0.57848","reversibilityProtocolTest,s150x150l0.14,1e-05,1.0PBCedgeFlipt4LBFGSEpsx1e-06energyDropThreshold1e-05s0",0,edgeFlip,,1.0000000000010001e-05,0.57848,pre,0.06285727964184594,0.051494386988,True,89,reversible_plastic,7.096366582222222e-05,7.221315618617155e-05,0.089676679835,"/Volumes/data/MTS2D_output/reversibilityProtocolTest,s150x150l0.14,1e-05,1.0PBCedgeFlipt4LBFGSEpsx1e-06energyDropThreshold1e-05s0/data/reversibilityData/irrev_drop_l_0.57847"
"reversibilityProtocolTest,s150x150l0.14,1e-05,1.0PBCedgeFlipt4LBFGSEpsx1e-06energyDropThreshold1e-05s0:0.57922","reversibilityProtocolTest,s150x150l0.14,1e-05,1.0PBCedgeFlipt4LBFGSEpsx1e-06energyDropThreshold1e-05s0",0,edgeFlip,,1.0000000000010001e-05,0.57922,pre,0.06285727964184594,0.26412371559,False,367,reversibility_unmeasured,0.0002590794714488889,0.0002603898778884791,0.061682516699,
"reversibilityProtocolTest,s150x150l0.14,1e-05,1.0PBCedgeFlipt4LBFGSEpsx1e-06energyDropThreshold1e-05s0:0.5837","reversibilityProtocolTest,s150x150l0.14,1e-05,1.0PBCedgeFlipt4LBFGSEpsx1e-06energyDropThreshold1e-05s0",0,edgeFlip,,1.0000000000010001e-05,0.5837,post,0.06285727964184594,4.723102716,False,2428,reversibility_unmeasured,0.019509073248444444,0.01951043681028723,0.14696930952,
"reversibilityProtocolTest,s150x150l0.14,1e-05,1.0PBCedgeFlipt4LBFGSEpsx1e-06energyDropThreshold1e-05s0:0.58654","reversibilityProtocolTest,s150x150l0.14,1e-05,1.0PBCedgeFlipt4LBFGSEpsx1e-06energyDropThreshold1e-05s0",0,edgeFlip,,1.0000000000010001e-05,0.58654,post,0.06285727964184594,0.20631020455,False,285,reversibility_unmeasured,0.00012008164028,0.00012016233990082002,0.073741185655,
"reversibilityProtocolTest,s150x150l0.14,1e-05,1.0PBCedgeFlipt4LBFGSEpsx1e-06energyDropThreshold1e-05s0:0.58762","reversibilityProtocolTest,s150x150l0.14,1e-05,1.0PBCedgeFlipt4LBFGSEpsx1e-06energyDropThreshold1e-05s0",0,edgeFlip,,1.0000000000010001e-05,0.58762,post,0.06285727964184594,0.21147671843,False,262,reversibility_unmeasured,6.803431690666666e-05,6.81014631666345e-05,0.32641511799,
"reversibilityProtocolTest,s150x150l0.14,1e-05,1.0PBCedgeFlipt4LBFGSEpsx1e-06energyDropThreshold1e-05s0:0.58825","reversibilityProtocolTest,s150x150l0.14,1e-05,1.0PBCedgeFlipt4LBFGSEpsx1e-06energyDropThreshold1e-05s0",0,edgeFlip,,1.0000000000010001e-05,0.58825,post,0.06285727964184594,0.28876074055,False,721,reversibility_unmeasured,0.0004897001515555556,0.0004897795988450147,0.066939493867,
"reversibilityProtocolTest,s150x150l0.14,1e-05,1.0PBCedgeFlipt4LBFGSEpsx1e-06energyDropThreshold1e-05s0:0.5972","reversibilityProtocolTest,s150x150l0.14,1e-05,1.0PBCedgeFlipt4LBFGSEpsx1e-06energyDropThreshold1e-05s0",0,edgeFlip,,1.0000000000010001e-05,0.5972,post,0.06285727964184594,0.13550228612,False,179,reversibility_unmeasured,6.427382979111111e-05,6.43526569252256e-05,0.16728123005,
"reversibilityProtocolTest,s150x150l0.14,1e-05,1.0PBCedgeFlipt4LBFGSEpsx1e-06energyDropThreshold1e-05s0:0.59808","reversibilityProtocolTest,s150x150l0.14,1e-05,1.0PBCedgeFlipt4LBFGSEpsx1e-06energyDropThreshold1e-05s0",0,edgeFlip,,1.0000000000010001e-05,0.59808,post,0.06285727964184594,0.019178062527,False,17,reversibility_unmeasured,1.8079788282666667e-06,1.860919528822554e-06,0.13110367546,
"reversibilityProtocolTest,s150x150l0.14,1e-05,1.0PBCedgeFlipt4LBFGSEpsx1e-06energyDropThreshold1e-05s0:0.60037","reversibilityProtocolTest,s150x150l0.14,1e-05,1.0PBCedgeFlipt4LBFGSEpsx1e-06energyDropThreshold1e-05s0",0,edgeFlip,,1.0000000000010001e-05,0.60037,post,0.06285727964184594,0.017563434801,False,23,reversibility_unmeasured,9.257740944888889e-06,9.330317422901164e-06,0.16189902451,
"reversibilityProtocolTest,s150x150l0.14,1e-05,1.0PBCedgeFlipt4LBFGSEpsx1e-06energyDropThreshold1e-05s0:0.60159","reversibilityProtocolTest,s150x150l0.14,1e-05,1.0PBCedgeFlipt4LBFGSEpsx1e-06energyDropThreshold1e-05s0",0,edgeFlip,,1.0000000000010001e-05,0.60159,post,0.06285727964184594,0.0060177516222,False,11,reversibility_unmeasured,3.5290619643555553e-07,4.371957654181339e-07,0.15418868709,
"reversibilityProtocolTest,s150x150l0.14,1e-05,1.0PBCedgeFlipt4LBFGSEpsx1e-06energyDropThreshold1e-05s0:0.60204","reversibilityProtocolTest,s150x150l0.14,1e-05,1.0PBCedgeFlipt4LBFGSEpsx1e-06energyDropThreshold1e-05s0",0,edgeFlip,,1.0000000000010001e-05,0.60204,post,0.06285727964184594,0.11851792247,False,57,reversibility_unmeasured,1.9833002882666666e-06,2.0714596572285397e-06,0.16284528015,
"reversibilityProtocolTest,s150x150l0.14,1e-05,1.0PBCedgeFlipt4LBFGSEpsx1e-06energyDropThreshold1e-05s0:0.60271","reversibilityProtocolTest,s150x150l0.14,1e-05,1.0PBCedgeFlipt4LBFGSEpsx1e-06energyDropThreshold1e-05s0",0,edgeFlip,,1.0000000000010001e-05,0.60271,post,0.06285727964184594,0.12162146672,False,307,reversibility_unmeasured,0.00016242416961777777,0.0001625149791128706,0.020451980745,
"reversibilityProtocolTest,s150x150l0.14,1e-05,1.0PBCedgeFlipt4LBFGSEpsx1e-06energyDropThreshold1e-05s0:0.60524","reversibilityProtocolTest,s150x150l0.14,1e-05,1.0PBCedgeFlipt4LBFGSEpsx1e-06energyDropThreshold1e-05s0",0,edgeFlip,,1.0000000000010001e-05,0.60524,post,0.06285727964184594,0.049498793443,False,35,reversibility_unmeasured,4.463270536e-07,6.102322887222221e-07,0.22319233694,
"reversibilityProtocolTest,s150x150l0.14,1e-05,1.0PBCedgeFlipt4LBFGSEpsx1e-06energyDropThreshold1e-05s0:0.60546","reversibilityProtocolTest,s150x150l0.14,1e-05,1.0PBCedgeFlipt4LBFGSEpsx1e-06energyDropThreshold1e-05s0",0,edgeFlip,,1.0000000000010001e-05,0.60546,post,0.06285727964184594,0.037851583696,False,104,reversibility_unmeasured,1.527410410711111e-06,1.691056088686259e-06,0.042835444348,
"reversibilityProtocolTest,s150x150l0.14,1e-05,1.0PBCedgeFlipt4LBFGSEpsx1e-06energyDropThreshold1e-05s0:0.60771","reversibilityProtocolTest,s150x150l0.14,1e-05,1.0PBCedgeFlipt4LBFGSEpsx1e-06energyDropThreshold1e-05s0",0,edgeFlip,,1.0000000000010001e-05,0.60771,post,0.06285727964184594,0.15818282014,False,124,reversibility_unmeasured,5.6936712328888886e-05,5.7123459573919415e-05,0.15107522108,
"reversibilityProtocolTest,s150x150l0.14,1e-05,1.0PBCedgeFlipt4LBFGSEpsx1e-06energyDropThreshold1e-05s0:0.60816","reversibilityProtocolTest,s150x150l0.14,1e-05,1.0PBCedgeFlipt4LBFGSEpsx1e-06energyDropThreshold1e-05s0",0,edgeFlip,,1.0000000000010001e-05,0.60816,post,0.06285727964184594,0.29395466792,False,290,reversibility_unmeasured,0.00020299762262666665,0.00020318893766301094,0.25088240186,
"reversibilityProtocolTest,s150x150l0.14,1e-05,1.0PBCedgeFlipt4LBFGSEpsx1e-06energyDropThreshold1e-05s0:0.60908","reversibilityProtocolTest,s150x150l0.14,1e-05,1.0PBCedgeFlipt4LBFGSEpsx1e-06energyDropThreshold1e-05s0",0,edgeFlip,,1.0000000000010001e-05,0.60908,post,0.06285727964184594,0.26025410703,False,602,reversibility_unmeasured,0.0005829496056000001,0.0005831344165370588,0.19740762175,
"reversibilityProtocolTest,s150x150l0.14,1e-05,1.0PBCedgeFlipt4LBFGSEpsx1e-06energyDropThreshold1e-05s0:0.61213","reversibilityProtocolTest,s150x150l0.14,1e-05,1.0PBCedgeFlipt4LBFGSEpsx1e-06energyDropThreshold1e-05s0",0,edgeFlip,,1.0000000000010001e-05,0.61213,post,0.06285727964184594,0.031990016011,False,35,reversibility_unmeasured,7.480993205777779e-07,9.002624030434466e-07,0.19269376718,
"reversibilityProtocolTest,s150x150l0.14,1e-05,1.0PBCedgeFlipt4LBFGSEpsx1e-06energyDropThreshold1e-05s0:0.61271","reversibilityProtocolTest,s150x150l0.14,1e-05,1.0PBCedgeFlipt4LBFGSEpsx1e-06energyDropThreshold1e-05s0",0,edgeFlip,,1.0000000000010001e-05,0.61271,post,0.06285727964184594,0.10733809628,False,107,reversibility_unmeasured,4.569849993333333e-05,4.585143626367704e-05,0.20508204536,
"reversibilityProtocolTest,s150x150l0.14,1e-05,1.0PBCedgeFlipt4LBFGSEpsx1e-06energyDropThreshold1e-05s0:0.61434","reversibilityProtocolTest,s150x150l0.14,1e-05,1.0PBCedgeFlipt4LBFGSEpsx1e-06energyDropThreshold1e-05s0",0,edgeFlip,,1.0000000000010001e-05,0.61434,post,0.06285727964184594,0.011698335496,False,20,reversibility_unmeasured,5.334573872888889e-06,5.481545279715444e-06,0.10368161379,
"reversibilityProtocolTest,s150x150l0.14,1e-05,1.0PBCedgeFlipt4LBFGSEpsx1e-06energyDropThreshold1e-05s0:0.61496","reversibilityProtocolTest,s150x150l0.14,1e-05,1.0PBCedgeFlipt4LBFGSEpsx1e-06energyDropThreshold1e-05s0",0,edgeFlip,,1.0000000000010001e-05,0.61496,post,0.06285727964184594,0.11864955401,False,256,reversibility_unmeasured,4.706593153333334e-05,4.7215271938404786e-05,0.046541590876,
"reversibilityProtocolTest,s150x150l0.14,1e-05,1.0PBCedgeFlipt4LBFGSEpsx1e-06energyDropThreshold1e-05s0:0.61825","reversibilityProtocolTest,s150x150l0.14,1e-05,1.0PBCedgeFlipt4LBFGSEpsx1e-06energyDropThreshold1e-05s0",0,edgeFlip,,1.0000000000010001e-05,0.61825,post,0.06285727964184594,0.25327621783,False,473,reversibility_unmeasured,0.00040641365098666665,0.00040658432885158315,0.16995262996,
"reversibilityProtocolTest,s150x150l0.14,1e-05,1.0PBCedgeFlipt4LBFGSEpsx1e-06energyDropThreshold1e-05s0:0.62185","reversibilityProtocolTest,s150x150l0.14,1e-05,1.0PBCedgeFlipt4LBFGSEpsx1e-06energyDropThreshold1e-05s0",0,edgeFlip,,1.0000000000010001e-05,0.62185,post,0.06285727964184594,0.020667070184,False,60,reversibility_unmeasured,1.048652319511111e-05,1.0670552042923494e-05,0.11633390272,
"reversibilityProtocolTest,s150x150l0.14,1e-05,1.0PBCedgeFlipt4LBFGSEpsx1e-06energyDropThreshold1e-05s0:0.62264","reversibilityProtocolTest,s150x150l0.14,1e-05,1.0PBCedgeFlipt4LBFGSEpsx1e-06energyDropThreshold1e-05s0",0,edgeFlip,,1.0000000000010001e-05,0.62264,post,0.06285727964184594,0.064702931607,False,46,reversibility_unmeasured,2.287323928711111e-07,4.5165917059901203e-07,0.064008226185,
"reversibilityProtocolTest,s150x150l0.14,1e-05,1.0PBCedgeFlipt4LBFGSEpsx1e-06energyDropThreshold1e-05s0:0.62296","reversibilityProtocolTest,s150x150l0.14,1e-05,1.0PBCedgeFlipt4LBFGSEpsx1e-06energyDropThreshold1e-05s0",0,edgeFlip,,1.0000000000010001e-05,0.62296,post,0.06285727964184594,0.13844898968,False,157,reversibility_unmeasured,0.00010072133628444444,0.00010094571003889743,0.046533339597,
"reversibilityProtocolTest,s150x150l0.14,1e-05,1.0PBCedgeFlipt4LBFGSEpsx1e-06energyDropThreshold1e-05s0:0.62319","reversibilityProtocolTest,s150x150l0.14,1e-05,1.0PBCedgeFlipt4LBFGSEpsx1e-06energyDropThreshold1e-05s0",0,edgeFlip,,1.0000000000010001e-05,0.62319,post,0.06285727964184594,0.063436414975,False,138,reversibility_unmeasured,8.163400021333334e-05,8.182910377366473e-05,0.15273511602,
"reversibilityProtocolTest,s150x150l0.14,1e-05,1.0PBCedgeFlipt4LBFGSEpsx1e-06energyDropThreshold1e-05s0:0.62428","reversibilityProtocolTest,s150x150l0.14,1e-05,1.0PBCedgeFlipt4LBFGSEpsx1e-06energyDropThreshold1e-05s0",0,edgeFlip,,1.0000000000010001e-05,0.62428,post,0.06285727964184594,0.042690957214,False,78,reversibility_unmeasured,2.7182362316888892e-05,2.7360621339122798e-05,0.10532085612,
"reversibilityProtocolTest,s150x150l0.14,1e-05,1.0PBCedgeFlipt4LBFGSEpsx1e-06energyDropThreshold1e-05s0:0.62582","reversibilityProtocolTest,s150x150l0.14,1e-05,1.0PBCedgeFlipt4LBFGSEpsx1e-06energyDropThreshold1e-05s0",0,edgeFlip,,1.0000000000010001e-05,0.62582,post,0.06285727964184594,0.12030845695,False,181,reversibility_unmeasured,4.771170888888889e-05,4.7901054110637785e-05,0.024388184343,
"reversibilityProtocolTest,s150x150l0.14,1e-05,1.0PBCedgeFlipt4LBFGSEpsx1e-06energyDropThreshold1e-05s0:0.62667","reversibilityProtocolTest,s150x150l0.14,1e-05,1.0PBCedgeFlipt4LBFGSEpsx1e-06energyDropThreshold1e-05s0",0,edgeFlip,,1.0000000000010001e-05,0.62667,post,0.06285727964184594,0.050723756351,False,81,reversibility_unmeasured,7.169873004e-05,7.188170540554211e-05,0.024971185582,
"reversibilityProtocolTest,s150x150l0.14,1e-05,1.0PBCedgeFlipt4LBFGSEpsx1e-06energyDropThreshold1e-05s0:0.62724","reversibilityProtocolTest,s150x150l0.14,1e-05,1.0PBCedgeFlipt4LBFGSEpsx1e-06energyDropThreshold1e-05s0",0,edgeFlip,,1.0000000000010001e-05,0.62724,post,0.06285727964184594,0.13683977842,False,313,reversibility_unmeasured,0.00019265487201333332,0.00019284495895817726,0.068544002994,
"reversibilityProtocolTest,s150x150l0.14,1e-05,1.0PBCedgeFlipt4LBFGSEpsx1e-06energyDropThreshold1e-05s0:0.62785","reversibilityProtocolTest,s150x150l0.14,1e-05,1.0PBCedgeFlipt4LBFGSEpsx1e-06energyDropThreshold1e-05s0",0,edgeFlip,,1.0000000000010001e-05,0.62785,post,0.06285727964184594,0.056171243143,False,45,reversibility_unmeasured,7.510827322222222e-06,7.712128421260585e-06,0.023478144501,
"reversibilityProtocolTest,s150x150l0.14,1e-05,1.0PBCedgeFlipt4LBFGSEpsx1e-06energyDropThreshold1e-05s0:0.62815","reversibilityProtocolTest,s150x150l0.14,1e-05,1.0PBCedgeFlipt4LBFGSEpsx1e-06energyDropThreshold1e-05s0",0,edgeFlip,,1.0000000000010001e-05,0.62815,post,0.06285727964184594,0.035354340596,False,14,reversibility_unmeasured,8.922376787111111e-06,9.122905115769855e-06,0.01551451107,
"reversibilityProtocolTest,s150x150l0.14,1e-05,1.0PBCedgeFlipt4LBFGSEpsx1e-06energyDropThreshold1e-05s0:0.62829","reversibilityProtocolTest,s150x150l0.14,1e-05,1.0PBCedgeFlipt4LBFGSEpsx1e-06energyDropThreshold1e-05s0",0,edgeFlip,,1.0000000000010001e-05,0.62829,post,0.06285727964184594,0.031667171052,False,67,reversibility_unmeasured,1.0479019098222223e-05,1.0680344001411867e-05,0.10135512957,
"reversibilityProtocolTest,s150x150l0.14,1e-05,1.0PBCedgeFlipt4LBFGSEpsx1e-06energyDropThreshold1e-05s0:0.62885","reversibilityProtocolTest,s150x150l0.14,1e-05,1.0PBCedgeFlipt4LBFGSEpsx1e-06energyDropThreshold1e-05s0",0,edgeFlip,,1.0000000000010001e-05,0.62885,post,0.06285727964184594,0.036880001201,False,12,reversibility_unmeasured,-4.0794704107555556e-08,1.7110880376599704e-07,0.011226186882,
"reversibilityProtocolTest,s150x150l0.14,1e-05,1.0PBCedgeFlipt4LBFGSEpsx1e-06energyDropThreshold1e-05s0:0.63238","reversibilityProtocolTest,s150x150l0.14,1e-05,1.0PBCedgeFlipt4LBFGSEpsx1e-06energyDropThreshold1e-05s0",0,edgeFlip,,1.0000000000010001e-05,0.63238,post,0.06285727964184594,0.15730121988,False,338,reversibility_unmeasured,0.0001474318799777778,0.00014767990064372549,0.03309195017,
"reversibilityProtocolTest,s150x150l0.14,1e-05,1.0PBCedgeFlipt4LBFGSEpsx1e-06energyDropThreshold1e-05s0:0.63397","reversibilityProtocolTest,s150x150l0.14,1e-05,1.0PBCedgeFlipt4LBFGSEpsx1e-06energyDropThreshold1e-05s0",0,edgeFlip,,1.0000000000010001e-05,0.63397,post,0.06285727964184594,0.090117159299,False,102,reversibility_unmeasured,7.858136518666666e-06,8.087367739029914e-06,0.061798898881,
"reversibilityProtocolTest,s150x150l0.14,1e-05,1.0PBCedgeFlipt4LBFGSEpsx1e-06energyDropThreshold1e-05s0:0.6361","reversibilityProtocolTest,s150x150l0.14,1e-05,1.0PBCedgeFlipt4LBFGSEpsx1e-06energyDropThreshold1e-05s0",0,edgeFlip,,1.0000000000010001e-05,0.6361,post,0.06285727964184594,0.072983464271,False,60,reversibility_unmeasured,5.876207760444445e-05,5.899534955573497e-05,0.029758931707,
"reversibilityProtocolTest,s150x150l0.14,1e-05,1.0PBCedgeFlipt4LBFGSEpsx1e-06energyDropThreshold1e-05s0:0.63651","reversibilityProtocolTest,s150x150l0.14,1e-05,1.0PBCedgeFlipt4LBFGSEpsx1e-06energyDropThreshold1e-05s0",0,edgeFlip,,1.0000000000010001e-05,0.63651,post,0.06285727964184594,0.072140747778,False,57,reversibility_unmeasured,8.344847380888889e-07,1.0586563712776197e-06,0.032526407416,
"reversibilityProtocolTest,s150x150l0.14,1e-05,1.0PBCedgeFlipt4LBFGSEpsx1e-06energyDropThreshold1e-05s0:0.63802","reversibilityProtocolTest,s150x150l0.14,1e-05,1.0PBCedgeFlipt4LBFGSEpsx1e-06energyDropThreshold1e-05s0",0,edgeFlip,,1.0000000000010001e-05,0.63802,post,0.06285727964184594,0.0056045327696,False,7,reversibility_unmeasured,3.1654183430222223e-06,3.3954588447373783e-06,0.03635792487,
"reversibilityProtocolTest,s150x150l0.14,1e-05,1.0PBCedgeFlipt4LBFGSEpsx1e-06energyDropThreshold1e-05s0:0.63864","reversibilityProtocolTest,s150x150l0.14,1e-05,1.0PBCedgeFlipt4LBFGSEpsx1e-06energyDropThreshold1e-05s0",0,edgeFlip,,1.0000000000010001e-05,0.63864,post,0.06285727964184594,0.13968327614,False,25,reversibility_unmeasured,1.8335345930222222e-06,2.07017941503409e-06,0.1705177607,
"reversibilityProtocolTest,s150x150l0.14,1e-05,1.0PBCedgeFlipt4LBFGSEpsx1e-06energyDropThreshold1e-05s0:0.6395","reversibilityProtocolTest,s150x150l0.14,1e-05,1.0PBCedgeFlipt4LBFGSEpsx1e-06energyDropThreshold1e-05s0",0,edgeFlip,,1.0000000000010001e-05,0.6395,post,0.06285727964184594,0.14055289578,False,368,reversibility_unmeasured,0.00034691332616444443,0.0003471571604761039,0.050252725177,
"reversibilityProtocolTest,s150x150l0.14,1e-05,1.0PBCedgeFlipt4LBFGSEpsx1e-06energyDropThreshold1e-05s0:0.64207","reversibilityProtocolTest,s150x150l0.14,1e-05,1.0PBCedgeFlipt4LBFGSEpsx1e-06energyDropThreshold1e-05s0",0,edgeFlip,,1.0000000000010001e-05,0.64207,post,0.06285727964184594,0.03795555363,True,121,reversible_plastic,4.128888838888889e-05,4.146439050808037e-05,0.040772387434,"/Volumes/data/MTS2D_output/reversibilityProtocolTest,s150x150l0.14,1e-05,1.0PBCedgeFlipt4LBFGSEpsx1e-06energyDropThreshold1e-05s0/data/reversibilityData/irrev_drop_l_0.64206"
"reversibilityProtocolTest,s150x150l0.14,1e-05,1.0PBCedgeFlipt4LBFGSEpsx1e-06energyDropThreshold1e-05s0:0.64575","reversibilityProtocolTest,s150x150l0.14,1e-05,1.0PBCedgeFlipt4LBFGSEpsx1e-06energyDropThreshold1e-05s0",0,edgeFlip,,1.0000000000010001e-05,0.64575,post,0.06285727964184594,0.23534110348,False,383,reversibility_unmeasured,0.00013013183101333333,0.0001303512680790138,0.063963169569,
"reversibilityProtocolTest,s150x150l0.14,1e-05,1.0PBCedgeFlipt4LBFGSEpsx1e-06energyDropThreshold1e-05s0:0.64636","reversibilityProtocolTest,s150x150l0.14,1e-05,1.0PBCedgeFlipt4LBFGSEpsx1e-06energyDropThreshold1e-05s0",0,edgeFlip,,1.0000000000010001e-05,0.64636,post,0.06285727964184594,0.063970649997,False,174,reversibility_unmeasured,0.00013586052379111111,0.00013603270777388287,0.036762976292,
"reversibilityProtocolTest,s150x150l0.14,1e-05,1.0PBCedgeFlipt4LBFGSEpsx1e-06energyDropThreshold1e-05s0:0.6504","reversibilityProtocolTest,s150x150l0.14,1e-05,1.0PBCedgeFlipt4LBFGSEpsx1e-06energyDropThreshold1e-05s0",0,edgeFlip,,1.0000000000010001e-05,0.6504,post,0.06285727964184594,0.12045923853,False,50,reversibility_unmeasured,1.082157662e-05,1.0974934123001073e-05,0.25417078247,
"reversibilityProtocolTest,s150x150l0.14,1e-05,1.0PBCedgeFlipt4LBFGSEpsx1e-06energyDropThreshold1e-05s0:0.65078","reversibilityProtocolTest,s150x150l0.14,1e-05,1.0PBCedgeFlipt4LBFGSEpsx1e-06energyDropThreshold1e-05s0",0,edgeFlip,,1.0000000000010001e-05,0.65078,post,0.06285727964184594,0.10368029314,False,200,reversibility_unmeasured,0.00013556081071999999,0.00013571350860739308,0.068859852736,
"reversibilityProtocolTest,s150x150l0.14,1e-05,1.0PBCedgeFlipt4LBFGSEpsx1e-06energyDropThreshold1e-05s0:0.65251","reversibilityProtocolTest,s150x150l0.14,1e-05,1.0PBCedgeFlipt4LBFGSEpsx1e-06energyDropThreshold1e-05s0",0,edgeFlip,,1.0000000000010001e-05,0.65251,post,0.06285727964184594,0.016763519276,False,82,reversibility_unmeasured,5.723488480888889e-07,7.254309779366647e-07,0.027402650955,
"reversibilityProtocolTest,s150x150l0.14,1e-05,1.0PBCedgeFlipt4LBFGSEpsx1e-06energyDropThreshold1e-05s0:0.65258","reversibilityProtocolTest,s150x150l0.14,1e-05,1.0PBCedgeFlipt4LBFGSEpsx1e-06energyDropThreshold1e-05s0",0,edgeFlip,,1.0000000000010001e-05,0.65258,post,0.06285727964184594,0.273960309,False,323,reversibility_unmeasured,9.143688705333333e-05,9.15864455648994e-05,0.12375656863,
"reversibilityProtocolTest,s150x150l0.14,1e-05,1.0PBCedgeFlipt4LBFGSEpsx1e-06energyDropThreshold1e-05s0:0.65293","reversibilityProtocolTest,s150x150l0.14,1e-05,1.0PBCedgeFlipt4LBFGSEpsx1e-06energyDropThreshold1e-05s0",0,edgeFlip,,1.0000000000010001e-05,0.65293,post,0.06285727964184594,0.16785015288,False,450,reversibility_unmeasured,0.0003731817960666667,0.0003733335708836762,0.028783542659,
"reversibilityProtocolTest,s150x150l0.14,1e-05,1.0PBCedgeFlipt4LBFGSEpsx1e-06energyDropThreshold1e-05s0:0.65349","reversibilityProtocolTest,s150x150l0.14,1e-05,1.0PBCedgeFlipt4LBFGSEpsx1e-06energyDropThreshold1e-05s0",0,edgeFlip,,1.0000000000010001e-05,0.65349,post,0.06285727964184594,0.31699288887,False,425,reversibility_unmeasured,0.0001942743439777778,0.0001943196603317233,0.30313645181,
"reversibilityProtocolTest,s150x150l0.14,1e-05,1.0PBCedgeFlipt4LBFGSEpsx1e-06energyDropThreshold1e-05s0:0.65484","reversibilityProtocolTest,s150x150l0.14,1e-05,1.0PBCedgeFlipt4LBFGSEpsx1e-06energyDropThreshold1e-05s0",0,edgeFlip,,1.0000000000010001e-05,0.65484,post,0.06285727964184594,0.19908361895,False,424,reversibility_unmeasured,0.0005157605638222222,0.000515799490700014,0.070958913027,
"reversibilityProtocolTest,s150x150l0.14,1e-05,1.0PBCedgeFlipt4LBFGSEpsx1e-06energyDropThreshold1e-05s0:0.65706","reversibilityProtocolTest,s150x150l0.14,1e-05,1.0PBCedgeFlipt4LBFGSEpsx1e-06energyDropThreshold1e-05s0",0,edgeFlip,,1.0000000000010001e-05,0.65706,post,0.06285727964184594,0.019835706264,False,61,reversibility_unmeasured,4.427108534755556e-06,4.465572547437407e-06,0.027150875192,
"reversibilityProtocolTest,s150x150l0.14,1e-05,1.0PBCedgeFlipt4LBFGSEpsx1e-06energyDropThreshold1e-05s0:0.65914","reversibilityProtocolTest,s150x150l0.14,1e-05,1.0PBCedgeFlipt4LBFGSEpsx1e-06energyDropThreshold1e-05s0",0,edgeFlip,,1.0000000000010001e-05,0.65914,post,0.06285727964184594,0.13112498993,False,155,reversibility_unmeasured,0.00013149402290666667,0.00013155672240718053,0.092312004681,
"reversibilityProtocolTest,s150x150l0.14,1e-05,1.0PBCedgeFlipt4LBFGSEpsx1e-06energyDropThreshold1e-05s0:0.6593","reversibilityProtocolTest,s150x150l0.14,1e-05,1.0PBCedgeFlipt4LBFGSEpsx1e-06energyDropThreshold1e-05s0",0,edgeFlip,,1.0000000000010001e-05,0.6593,post,0.06285727964184594,0.10561628736,False,20,reversibility_unmeasured,1.175033714e-06,1.238551659609281e-06,0.10256221976,
"reversibilityProtocolTest,s150x150l0.14,1e-05,1.0PBCedgeFlipt4LBFGSEpsx1e-06energyDropThreshold1e-05s0:0.65988","reversibilityProtocolTest,s150x150l0.14,1e-05,1.0PBCedgeFlipt4LBFGSEpsx1e-06energyDropThreshold1e-05s0",0,edgeFlip,,1.0000000000010001e-05,0.65988,post,0.06285727964184594,0.10741664458,False,219,reversibility_unmeasured,8.690770601777778e-05,8.697704779620936e-05,0.037233598716,
"reversibilityProtocolTest,s150x150l0.14,1e-05,1.0PBCedgeFlipt4LBFGSEpsx1e-06energyDropThreshold1e-05s0:0.66135","reversibilityProtocolTest,s150x150l0.14,1e-05,1.0PBCedgeFlipt4LBFGSEpsx1e-06energyDropThreshold1e-05s0",0,edgeFlip,,1.0000000000010001e-05,0.66135,post,0.06285727964184594,0.017149900324,False,42,reversibility_unmeasured,6.0783086835555555e-06,6.210582996957075e-06,0.13915182363,
"reversibilityProtocolTest,s150x150l0.14,1e-05,1.0PBCedgeFlipt4LBFGSEpsx1e-06energyDropThreshold1e-05s0:0.66509","reversibilityProtocolTest,s150x150l0.14,1e-05,1.0PBCedgeFlipt4LBFGSEpsx1e-06energyDropThreshold1e-05s0",0,edgeFlip,,1.0000000000010001e-05,0.66509,post,0.06285727964184594,0.032549740534,False,30,reversibility_unmeasured,6.075942537777778e-07,7.861987066525621e-07,0.10699849677,
"reversibilityProtocolTest,s150x150l0.14,1e-05,1.0PBCedgeFlipt4LBFGSEpsx1e-06energyDropThreshold1e-05s0:0.66637","reversibilityProtocolTest,s150x150l0.14,1e-05,1.0PBCedgeFlipt4LBFGSEpsx1e-06energyDropThreshold1e-05s0",0,edgeFlip,,1.0000000000010001e-05,0.66637,post,0.06285727964184594,0.053181575488,True,3,reversible_plastic,4.580993204444444e-06,4.772293800226634e-06,0.19675866145,"/Volumes/data/MTS2D_output/reversibilityProtocolTest,s150x150l0.14,1e-05,1.0PBCedgeFlipt4LBFGSEpsx1e-06energyDropThreshold1e-05s0/data/reversibilityData/irrev_drop_l_0.66636"
"reversibilityProtocolTest,s150x150l0.14,1e-05,1.0PBCedgeFlipt4LBFGSEpsx1e-06energyDropThreshold1e-05s0:0.66689","reversibilityProtocolTest,s150x150l0.14,1e-05,1.0PBCedgeFlipt4LBFGSEpsx1e-06energyDropThreshold1e-05s0",0,edgeFlip,,1.0000000000010001e-05,0.66689,post,0.06285727964184594,0.031349743881,False,60,reversibility_unmeasured,1.1692638716888889e-05,1.1889414701095625e-05,0.064337593041,
"reversibilityProtocolTest,s150x150l0.14,1e-05,1.0PBCedgeFlipt4LBFGSEpsx1e-06energyDropThreshold1e-05s0:0.66812","reversibilityProtocolTest,s150x150l0.14,1e-05,1.0PBCedgeFlipt4LBFGSEpsx1e-06energyDropThreshold1e-05s0",0,edgeFlip,,1.0000000000010001e-05,0.66812,post,0.06285727964184594,0.11760670312,False,32,reversibility_unmeasured,4.199639116044444e-06,4.439286213293296e-06,0.18076716796,
"reversibilityProtocolTest,s150x150l0.14,1e-05,1.0PBCedgeFlipt4LBFGSEpsx1e-06energyDropThreshold1e-05s0:0.66853","reversibilityProtocolTest,s150x150l0.14,1e-05,1.0PBCedgeFlipt4LBFGSEpsx1e-06energyDropThreshold1e-05s0",0,edgeFlip,,1.0000000000010001e-05,0.66853,post,0.06285727964184594,0.11472112089,False,111,reversibility_unmeasured,2.7420943370666664e-05,2.7658733029447074e-05,0.060208666711,
"reversibilityProtocolTest,s150x150l0.14,1e-05,1.0PBCedgeFlipt4LBFGSEpsx1e-06energyDropThreshold1e-05s0:0.67007","reversibilityProtocolTest,s150x150l0.14,1e-05,1.0PBCedgeFlipt4LBFGSEpsx1e-06energyDropThreshold1e-05s0",0,edgeFlip,,1.0000000000010001e-05,0.67007,post,0.06285727964184594,0.028799676892,False,62,reversibility_unmeasured,2.2892556510666666e-06,2.512311053328631e-06,0.10901278604,
"reversibilityProtocolTest,s150x150l0.14,1e-05,1.0PBCedgeFlipt4LBFGSEpsx1e-06energyDropThreshold1e-05s0:0.67175","reversibilityProtocolTest,s150x150l0.14,1e-05,1.0PBCedgeFlipt4LBFGSEpsx1e-06energyDropThreshold1e-05s0",0,edgeFlip,,1.0000000000010001e-05,0.67175,post,0.06285727964184594,0.43627618794,False,649,reversibility_unmeasured,0.0008055875146222222,0.0008057868284385134,0.062567398713,
"reversibilityProtocolTest,s150x150l0.14,1e-05,1.0PBCedgeFlipt4LBFGSEpsx1e-06energyDropThreshold1e-05s0:0.6726","reversibilityProtocolTest,s150x150l0.14,1e-05,1.0PBCedgeFlipt4LBFGSEpsx1e-06energyDropThreshold1e-05s0",0,edgeFlip,,1.0000000000010001e-05,0.6726,post,0.06285727964184594,0.042964177391,False,38,reversibility_unmeasured,8.267645881777779e-07,9.58903521913928e-07,0.011588701972,
"reversibilityProtocolTest,s150x150l0.14,1e-05,1.0PBCedgeFlipt4LBFGSEpsx1e-06energyDropThreshold1e-05s0:0.67354","reversibilityProtocolTest,s150x150l0.14,1e-05,1.0PBCedgeFlipt4LBFGSEpsx1e-06energyDropThreshold1e-05s0",0,edgeFlip,,1.0000000000010001e-05,0.67354,post,0.06285727964184594,0.031316739627,False,51,reversibility_unmeasured,6.534210440000001e-07,7.90883692513944e-07,0.12569868162,
"reversibilityProtocolTest,s150x150l0.14,1e-05,1.0PBCedgeFlipt4LBFGSEpsx1e-06energyDropThreshold1e-05s0:0.67584","reversibilityProtocolTest,s150x150l0.14,1e-05,1.0PBCedgeFlipt4LBFGSEpsx1e-06energyDropThreshold1e-05s0",0,edgeFlip,,1.0000000000010001e-05,0.67584,post,0.06285727964184594,0.10508896939,False,6,reversibility_unmeasured,1.21841265e-06,1.3773980483999063e-06,0.10405326285,
"reversibilityProtocolTest,s150x150l0.14,1e-05,1.0PBCedgeFlipt4LBFGSEpsx1e-06energyDropThreshold1e-05s0:0.67695","reversibilityProtocolTest,s150x150l0.14,1e-05,1.0PBCedgeFlipt4LBFGSEpsx1e-06energyDropThreshold1e-05s0",0,edgeFlip,,1.0000000000010001e-05,0.67695,post,0.06285727964184594,0.18906678367,False,17,reversibility_unmeasured,1.247447430622222e-07,2.9392157322515937e-07,0.29072348027,
"reversibilityProtocolTest,s150x150l0.14,1e-05,1.0PBCedgeFlipt4LBFGSEpsx1e-06energyDropThreshold1e-05s0:0.67696","reversibilityProtocolTest,s150x150l0.14,1e-05,1.0PBCedgeFlipt4LBFGSEpsx1e-06energyDropThreshold1e-05s0",0,edgeFlip,,1.0000000000010001e-05,0.67696,post,0.06285727964184594,0.1829695985,False,119,reversibility_unmeasured,3.779097811733333e-05,3.795938152354286e-05,0.18028556146,
"reversibilityProtocolTest,s150x150l0.14,1e-05,1.0PBCedgeFlipt4LBFGSEpsx1e-06energyDropThreshold1e-05s0:0.67732","reversibilityProtocolTest,s150x150l0.14,1e-05,1.0PBCedgeFlipt4LBFGSEpsx1e-06energyDropThreshold1e-05s0",0,edgeFlip,,1.0000000000010001e-05,0.67732,post,0.06285727964184594,0.1082118033,True,6,irreversible_plastic,1.8664328194222224e-06,2.0226223141081493e-06,0.1644102222,"/Volumes/data/MTS2D_output/reversibilityProtocolTest,s150x150l0.14,1e-05,1.0PBCedgeFlipt4LBFGSEpsx1e-06energyDropThreshold1e-05s0/data/reversibilityData/irrev_drop_l_0.67731"
"reversibilityProtocolTest,s150x150l0.14,1e-05,1.0PBCedgeFlipt4LBFGSEpsx1e-06energyDropThreshold1e-05s0:0.67766","reversibilityProtocolTest,s150x150l0.14,1e-05,1.0PBCedgeFlipt4LBFGSEpsx1e-06energyDropThreshold1e-05s0",0,edgeFlip,,1.0000000000010001e-05,0.67766,post,0.06285727964184594,0.10893112599,False,276,reversibility_unmeasured,0.00013396461549333334,0.00013412578352456928,0.13454454764,
"reversibilityProtocolTest,s150x150l0.14,1e-05,1.0PBCedgeFlipt4LBFGSEpsx1e-06energyDropThreshold1e-05s0:0.67922","reversibilityProtocolTest,s150x150l0.14,1e-05,1.0PBCedgeFlipt4LBFGSEpsx1e-06energyDropThreshold1e-05s0",0,edgeFlip,,1.0000000000010001e-05,0.67922,post,0.06285727964184594,0.075033900597,False,16,reversibility_unmeasured,9.64440663688889e-09,2.1040087956281341e-07,0.1846914862,
"reversibilityProtocolTest,s150x150l0.14,1e-05,1.0PBCedgeFlipt4LBFGSEpsx1e-06energyDropThreshold1e-05s0:0.67973","reversibilityProtocolTest,s150x150l0.14,1e-05,1.0PBCedgeFlipt4LBFGSEpsx1e-06energyDropThreshold1e-05s0",0,edgeFlip,,1.0000000000010001e-05,0.67973,post,0.06285727964184594,0.065657189247,False,120,reversibility_unmeasured,1.7354459533777777e-05,1.755970668683757e-05,0.123633973,
"reversibilityProtocolTest,s150x150l0.14,1e-05,1.0PBCedgeFlipt4LBFGSEpsx1e-06energyDropThreshold1e-05s0:0.68125","reversibilityProtocolTest,s150x150l0.14,1e-05,1.0PBCedgeFlipt4LBFGSEpsx1e-06energyDropThreshold1e-05s0",0,edgeFlip,,1.0000000000010001e-05,0.68125,post,0.06285727964184594,0.11653901407,False,103,reversibility_unmeasured,4.802501891555556e-05,4.825658094922574e-05,0.23884558982,
"reversibilityProtocolTest,s150x150l0.14,1e-05,1.0PBCedgeFlipt4LBFGSEpsx1e-06energyDropThreshold1e-05s0:0.68148","reversibilityProtocolTest,s150x150l0.14,1e-05,1.0PBCedgeFlipt4LBFGSEpsx1e-06energyDropThreshold1e-05s0",0,edgeFlip,,1.0000000000010001e-05,0.68148,post,0.06285727964184594,0.099767128023,False,177,reversibility_unmeasured,0.00010678242422666666,0.00010702319129937652,0.148034678,
"reversibilityProtocolTest,s150x150l0.14,1e-05,1.0PBCedgeFlipt4LBFGSEpsx1e-06energyDropThreshold1e-05s0:0.68518","reversibilityProtocolTest,s150x150l0.14,1e-05,1.0PBCedgeFlipt4LBFGSEpsx1e-06energyDropThreshold1e-05s0",0,edgeFlip,,1.0000000000010001e-05,0.68518,post,0.06285727964184594,0.31011939758,True,647,irreversible_plastic,0.00034314100210666666,0.00034340899179436014,0.10961762015,"/Volumes/data/MTS2D_output/reversibilityProtocolTest,s150x150l0.14,1e-05,1.0PBCedgeFlipt4LBFGSEpsx1e-06energyDropThreshold1e-05s0/data/reversibilityData/irrev_drop_l_0.68517"
"reversibilityProtocolTest,s150x150l0.14,1e-05,1.0PBCedgeFlipt4LBFGSEpsx1e-06energyDropThreshold1e-05s0:0.68837","reversibilityProtocolTest,s150x150l0.14,1e-05,1.0PBCedgeFlipt4LBFGSEpsx1e-06energyDropThreshold1e-05s0",0,edgeFlip,,1.0000000000010001e-05,0.68837,post,0.06285727964184594,0.084356675014,False,219,reversibility_unmeasured,4.9611970280000005e-05,4.9845388459319414e-05,0.1371133332,
"reversibilityProtocolTest,s150x150l0.14,1e-05,1.0PBCedgeFlipt4LBFGSEpsx1e-06energyDropThreshold1e-05s0:0.69182","reversibilityProtocolTest,s150x150l0.14,1e-05,1.0PBCedgeFlipt4LBFGSEpsx1e-06energyDropThreshold1e-05s0",0,edgeFlip,,1.0000000000010001e-05,0.69182,post,0.06285727964184594,0.078017340571,False,225,reversibility_unmeasured,9.888958722666666e-05,9.910756455974226e-05,0.14636937222,
"reversibilityProtocolTest,s150x150l0.14,1e-05,1.0PBCedgeFlipt4LBFGSEpsx1e-06energyDropThreshold1e-05s0:0.69198","reversibilityProtocolTest,s150x150l0.14,1e-05,1.0PBCedgeFlipt4LBFGSEpsx1e-06energyDropThreshold1e-05s0",0,edgeFlip,,1.0000000000010001e-05,0.69198,post,0.06285727964184594,0.075529345805,False,147,reversibility_unmeasured,7.761533791999999e-06,7.969489311291353e-06,0.050134528108,
"reversibilityProtocolTest,s150x150l0.14,1e-05,1.0PBCedgeFlipt4LBFGSEpsx1e-06energyDropThreshold1e-05s0:0.69414","reversibilityProtocolTest,s150x150l0.14,1e-05,1.0PBCedgeFlipt4LBFGSEpsx1e-06energyDropThreshold1e-05s0",0,edgeFlip,,1.0000000000010001e-05,0.69414,post,0.06285727964184594,0.10883188111,False,152,reversibility_unmeasured,7.097667462222223e-05,7.120079756471114e-05,0.19377737299,
"reversibilityProtocolTest,s150x150l0.14,1e-05,1.0PBCedgeFlipt4LBFGSEpsx1e-06energyDropThreshold1e-05s0:0.69669","reversibilityProtocolTest,s150x150l0.14,1e-05,1.0PBCedgeFlipt4LBFGSEpsx1e-06energyDropThreshold1e-05s0",0,edgeFlip,,1.0000000000010001e-05,0.69669,post,0.06285727964184594,0.10646001603,False,268,reversibility_unmeasured,0.00016651509241777778,0.0001667650097972632,0.12570005834,
"reversibilityProtocolTest,s150x150l0.14,1e-05,1.0PBCedgeFlipt4LBFGSEpsx1e-06energyDropThreshold1e-05s0:0.69786","reversibilityProtocolTest,s150x150l0.14,1e-05,1.0PBCedgeFlipt4LBFGSEpsx1e-06energyDropThreshold1e-05s0",0,edgeFlip,,1.0000000000010001e-05,0.69786,post,0.06285727964184594,0.15373368166,False,196,reversibility_unmeasured,0.0001038812425911111,0.00010411429872760513,0.0057342065736,
"reversibilityProtocolTest,s150x150l0.14,1e-05,1.0PBCedgeFlipt4LBFGSEpsx1e-06energyDropThreshold1e-05s0:0.6996","reversibilityProtocolTest,s150x150l0.14,1e-05,1.0PBCedgeFlipt4LBFGSEpsx1e-06energyDropThreshold1e-05s0",0,edgeFlip,,1.0000000000010001e-05,0.6996,post,0.06285727964184594,0.038639248152,False,21,reversibility_unmeasured,1.5968520089333332e-06,1.8394870211712563e-06,0.0066071550073,
"reversibilityProtocolTest,s150x150l0.14,1e-05,1.0PBCedgeFlipt4LBFGSEpsx1e-06energyDropThreshold1e-05s0:0.70132","reversibilityProtocolTest,s150x150l0.14,1e-05,1.0PBCedgeFlipt4LBFGSEpsx1e-06energyDropThreshold1e-05s0",0,edgeFlip,,1.0000000000010001e-05,0.70132,post,0.06285727964184594,0.11283950789,False,103,reversibility_unmeasured,7.561790481333333e-06,7.811874335536433e-06,0.013670459363,
"reversibilityProtocolTest,s150x150l0.14,1e-05,1.0PBCedgeFlipt4LBFGSEpsx1e-06energyDropThreshold1e-05s0:0.70166","reversibilityProtocolTest,s150x150l0.14,1e-05,1.0PBCedgeFlipt4LBFGSEpsx1e-06energyDropThreshold1e-05s0",0,edgeFlip,,1.0000000000010001e-05,0.70166,post,0.06285727964184594,0.12487459207,True,358,irreversible_plastic,0.00020053755643555557,0.00020076564831896348,0.026798257121,"/Volumes/data/MTS2D_output/reversibilityProtocolTest,s150x150l0.14,1e-05,1.0PBCedgeFlipt4LBFGSEpsx1e-06energyDropThreshold1e-05s0/data/reversibilityData/irrev_drop_l_0.70165"
"reversibilityProtocolTest,s150x150l0.14,1e-05,1.0PBCedgeFlipt4LBFGSEpsx1e-06energyDropThreshold1e-05s0:0.70204","reversibilityProtocolTest,s150x150l0.14,1e-05,1.0PBCedgeFlipt4LBFGSEpsx1e-06energyDropThreshold1e-05s0",0,edgeFlip,,1.0000000000010001e-05,0.70204,post,0.06285727964184594,0.022704951297,False,33,reversibility_unmeasured,5.969067592e-07,7.877810351614142e-07,0.065530498339,
"reversibilityProtocolTest,s150x150l0.14,1e-05,1.0PBCedgeFlipt4LBFGSEpsx1e-06energyDropThreshold1e-05s0:0.703","reversibilityProtocolTest,s150x150l0.14,1e-05,1.0PBCedgeFlipt4LBFGSEpsx1e-06energyDropThreshold1e-05s0",0,edgeFlip,,1.0000000000010001e-05,0.703,post,0.06285727964184594,0.28036150592,False,513,reversibility_unmeasured,0.0006287442948444444,0.0006289438926703838,0.05581486884,
"reversibilityProtocolTest,s150x150l0.14,1e-05,1.0PBCedgeFlipt4LBFGSEpsx1e-06energyDropThreshold1e-05s0:0.70507","reversibilityProtocolTest,s150x150l0.14,1e-05,1.0PBCedgeFlipt4LBFGSEpsx1e-06energyDropThreshold1e-05s0",0,edgeFlip,,1.0000000000010001e-05,0.70507,post,0.06285727964184594,0.025967301518,False,48,reversibility_unmeasured,3.7478836282666664e-06,3.934792306122543e-06,0.072437412145,
"reversibilityProtocolTest,s150x150l0.14,1e-05,1.0PBCedgeFlipt4LBFGSEpsx1e-06energyDropThreshold1e-05s0:0.70633","reversibilityProtocolTest,s150x150l0.14,1e-05,1.0PBCedgeFlipt4LBFGSEpsx1e-06energyDropThreshold1e-05s0",0,edgeFlip,,1.0000000000010001e-05,0.70633,post,0.06285727964184594,0.18044666421,False,252,reversibility_unmeasured,0.00012164868343111111,0.00012184298865521568,0.026907609318,
"reversibilityProtocolTest,s150x150l0.14,1e-05,1.0PBCedgeFlipt4LBFGSEpsx1e-06energyDropThreshold1e-05s0:0.70636","reversibilityProtocolTest,s150x150l0.14,1e-05,1.0PBCedgeFlipt4LBFGSEpsx1e-06energyDropThreshold1e-05s0",0,edgeFlip,,1.0000000000010001e-05,0.70636,post,0.06285727964184594,0.041490960254,False,96,reversibility_unmeasured,3.594204367688889e-05,3.61095369286444e-05,0.083225612764,
"reversibilityProtocolTest,s150x150l0.14,1e-05,1.0PBCedgeFlipt4LBFGSEpsx1e-06energyDropThreshold1e-05s0:0.7084","reversibilityProtocolTest,s150x150l0.14,1e-05,1.0PBCedgeFlipt4LBFGSEpsx1e-06energyDropThreshold1e-05s0",0,edgeFlip,,1.0000000000010001e-05,0.7084,post,0.06285727964184594,0.022451764935,False,64,reversibility_unmeasured,4.4537455155555556e-05,4.4693149912587966e-05,0.082414992044,
"reversibilityProtocolTest,s150x150l0.14,1e-05,1.0PBCedgeFlipt4LBFGSEpsx1e-06energyDropThreshold1e-05s0:0.70901","reversibilityProtocolTest,s150x150l0.14,1e-05,1.0PBCedgeFlipt4LBFGSEpsx1e-06energyDropThreshold1e-05s0",0,edgeFlip,,1.0000000000010001e-05,0.70901,post,0.06285727964184594,0.017685863803,True,19,reversible_plastic,1.0801540008444445e-06,1.245354695376793e-06,0.054960755465,"/Volumes/data/MTS2D_output/reversibilityProtocolTest,s150x150l0.14,1e-05,1.0PBCedgeFlipt4LBFGSEpsx1e-06energyDropThreshold1e-05s0/data/reversibilityData/irrev_drop_l_0.70900"
"reversibilityProtocolTest,s150x150l0.14,1e-05,1.0PBCedgeFlipt4LBFGSEpsx1e-06energyDropThreshold1e-05s0:0.70974","reversibilityProtocolTest,s150x150l0.14,1e-05,1.0PBCedgeFlipt4LBFGSEpsx1e-06energyDropThreshold1e-05s0",0,edgeFlip,,1.0000000000010001e-05,0.70974,post,0.06285727964184594,0.177637888,False,77,reversibility_unmeasured,2.5109806156444442e-05,2.528109751051488e-05,0.30441833627,
"reversibilityProtocolTest,s150x150l0.14,1e-05,1.0PBCedgeFlipt4LBFGSEpsx1e-06energyDropThreshold1e-05s0:0.70976","reversibilityProtocolTest,s150x150l0.14,1e-05,1.0PBCedgeFlipt4LBFGSEpsx1e-06energyDropThreshold1e-05s0",0,edgeFlip,,1.0000000000010001e-05,0.70976,post,0.06285727964184594,0.013453100767,False,19,reversibility_unmeasured,1.7479915068444446e-06,1.9144571580227423e-06,0.087745551502,
"reversibilityProtocolTest,s150x150l0.14,1e-05,1.0PBCedgeFlipt4LBFGSEpsx1e-06energyDropThreshold1e-05s0:0.71261","reversibilityProtocolTest,s150x150l0.14,1e-05,1.0PBCedgeFlipt4LBFGSEpsx1e-06energyDropThreshold1e-05s0",0,edgeFlip,,1.0000000000010001e-05,0.71261,post,0.06285727964184594,0.10048427156,False,4,reversibility_unmeasured,8.836932884444444e-08,2.8356157728745125e-07,0.24151773843,
"reversibilityProtocolTest,s150x150l0.14,1e-05,1.0PBCedgeFlipt4LBFGSEpsx1e-06energyDropThreshold1e-05s0:0.71283","reversibilityProtocolTest,s150x150l0.14,1e-05,1.0PBCedgeFlipt4LBFGSEpsx1e-06energyDropThreshold1e-05s0",0,edgeFlip,,1.0000000000010001e-05,0.71283,post,0.06285727964184594,0.056077458047,False,41,reversibility_unmeasured,2.0708070054222222e-06,2.268673426040853e-06,0.21397084293,
"reversibilityProtocolTest,s150x150l0.14,1e-05,1.0PBCedgeFlipt4LBFGSEpsx1e-06energyDropThreshold1e-05s0:0.71463","reversibilityProtocolTest,s150x150l0.14,1e-05,1.0PBCedgeFlipt4LBFGSEpsx1e-06energyDropThreshold1e-05s0",0,edgeFlip,,1.0000000000010001e-05,0.71463,post,0.06285727964184594,0.26461621695,False,444,reversibility_unmeasured,0.00040327840428444443,0.0004034961594557419,0.037239056908,
"reversibilityProtocolTest,s150x150l0.14,1e-05,1.0PBCedgeFlipt4LBFGSEpsx1e-06energyDropThreshold1e-05s0:0.71584","reversibilityProtocolTest,s150x150l0.14,1e-05,1.0PBCedgeFlipt4LBFGSEpsx1e-06energyDropThreshold1e-05s0",0,edgeFlip,,1.0000000000010001e-05,0.71584,post,0.06285727964184594,0.052091778767,False,51,reversibility_unmeasured,-6.749812065333333e-08,1.3053909302319274e-07,0.044303945162,
"reversibilityProtocolTest,s150x150l0.14,1e-05,1.0PBCedgeFlipt4LBFGSEpsx1e-06energyDropThreshold1e-05s0:0.71968","reversibilityProtocolTest,s150x150l0.14,1e-05,1.0PBCedgeFlipt4LBFGSEpsx1e-06energyDropThreshold1e-05s0",0,edgeFlip,,1.0000000000010001e-05,0.71968,post,0.06285727964184594,0.13031208482,False,205,reversibility_unmeasured,0.00013673581144,0.00013694836083910408,0.019569799457,
"reversibilityProtocolTest,s150x150l0.14,1e-05,1.0PBCedgeFlipt4LBFGSEpsx1e-06energyDropThreshold1e-05s0:0.72135","reversibilityProtocolTest,s150x150l0.14,1e-05,1.0PBCedgeFlipt4LBFGSEpsx1e-06energyDropThreshold1e-05s0",0,edgeFlip,,1.0000000000010001e-05,0.72135,post,0.06285727964184594,0.016078224304,False,31,reversibility_unmeasured,1.613017232577778e-05,1.6325190333081233e-05,0.16414339344,
"reversibilityProtocolTest,s150x150l0.14,1e-05,1.0PBCedgeFlipt4LBFGSEpsx1e-06energyDropThreshold1e-05s0:0.72395","reversibilityProtocolTest,s150x150l0.14,1e-05,1.0PBCedgeFlipt4LBFGSEpsx1e-06energyDropThreshold1e-05s0",0,edgeFlip,,1.0000000000010001e-05,0.72395,post,0.06285727964184594,0.030521937406,False,26,reversibility_unmeasured,2.8059988313333333e-05,2.824746146590971e-05,0.15988256541,
"reversibilityProtocolTest,s150x150l0.14,1e-05,1.0PBCedgeFlipt4LBFGSEpsx1e-06energyDropThreshold1e-05s0:0.72507","reversibilityProtocolTest,s150x150l0.14,1e-05,1.0PBCedgeFlipt4LBFGSEpsx1e-06energyDropThreshold1e-05s0",0,edgeFlip,,1.0000000000010001e-05,0.72507,post,0.06285727964184594,0.01998513648,True,25,reversible_plastic,2.3055534064444443e-06,2.5030654237715075e-06,0.14193602297,"/Volumes/data/MTS2D_output/reversibilityProtocolTest,s150x150l0.14,1e-05,1.0PBCedgeFlipt4LBFGSEpsx1e-06energyDropThreshold1e-05s0/data/reversibilityData/irrev_drop_l_0.72506"
"reversibilityProtocolTest,s150x150l0.14,1e-05,1.0PBCedgeFlipt4LBFGSEpsx1e-06energyDropThreshold1e-05s0:0.72818","reversibilityProtocolTest,s150x150l0.14,1e-05,1.0PBCedgeFlipt4LBFGSEpsx1e-06energyDropThreshold1e-05s0",0,edgeFlip,,1.0000000000010001e-05,0.72818,post,0.06285727964184594,0.060082326855,False,132,reversibility_unmeasured,5.7936243359999994e-05,5.8165727354013244e-05,0.058203533326,
"reversibilityProtocolTest,s150x150l0.14,1e-05,1.0PBCedgeFlipt4LBFGSEpsx1e-06energyDropThreshold1e-05s0:0.72977","reversibilityProtocolTest,s150x150l0.14,1e-05,1.0PBCedgeFlipt4LBFGSEpsx1e-06energyDropThreshold1e-05s0",0,edgeFlip,,1.0000000000010001e-05,0.72977,post,0.06285727964184594,0.078382655549,False,166,reversibility_unmeasured,7.849048410222222e-05,7.877713805220816e-05,0.054689617239,
"reversibilityProtocolTest,s150x150l0.14,1e-05,1.0PBCedgeFlipt4LBFGSEpsx1e-06energyDropThreshold1e-05s0:0.73156","reversibilityProtocolTest,s150x150l0.14,1e-05,1.0PBCedgeFlipt4LBFGSEpsx1e-06energyDropThreshold1e-05s0",0,edgeFlip,,1.0000000000010001e-05,0.73156,post,0.06285727964184594,0.095144204355,False,144,reversibility_unmeasured,7.235488589333333e-05,7.266262808711746e-05,0.025555697815,
"reversibilityProtocolTest,s150x150l0.14,1e-05,1.0PBCedgeFlipt4LBFGSEpsx1e-06energyDropThreshold1e-05s0:0.73198","reversibilityProtocolTest,s150x150l0.14,1e-05,1.0PBCedgeFlipt4LBFGSEpsx1e-06energyDropThreshold1e-05s0",0,edgeFlip,,1.0000000000010001e-05,0.73198,post,0.06285727964184594,0.18198192888,False,216,reversibility_unmeasured,0.00012178988844444445,0.00012208241923816938,0.053598787142,
"reversibilityProtocolTest,s150x150l0.14,1e-05,1.0PBCedgeFlipt4LBFGSEpsx1e-06energyDropThreshold1e-05s0:0.73283","reversibilityProtocolTest,s150x150l0.14,1e-05,1.0PBCedgeFlipt4LBFGSEpsx1e-06energyDropThreshold1e-05s0",0,edgeFlip,,1.0000000000010001e-05,0.73283,post,0.06285727964184594,0.076832618502,False,25,reversibility_unmeasured,4.673008093333333e-06,4.94295746720531e-06,0.11733001553,
"reversibilityProtocolTest,s150x150l0.14,1e-05,1.0PBCedgeFlipt4LBFGSEpsx1e-06energyDropThreshold1e-05s0:0.73386","reversibilityProtocolTest,s150x150l0.14,1e-05,1.0PBCedgeFlipt4LBFGSEpsx1e-06energyDropThreshold1e-05s0",0,edgeFlip,,1.0000000000010001e-05,0.73386,post,0.06285727964184594,0.065313073559,False,5,reversibility_unmeasured,-1.8677748615555556e-07,8.944018824826748e-08,0.083372962906,
"reversibilityProtocolTest,s150x150l0.14,1e-05,1.0PBCedgeFlipt4LBFGSEpsx1e-06energyDropThreshold1e-05s0:0.73444","reversibilityProtocolTest,s150x150l0.14,1e-05,1.0PBCedgeFlipt4LBFGSEpsx1e-06energyDropThreshold1e-05s0",0,edgeFlip,,1.0000000000010001e-05,0.73444,post,0.06285727964184594,0.093192752845,False,72,reversibility_unmeasured,2.0962547316e-05,2.124206552816885e-05,0.031004722132,
"reversibilityProtocolTest,s150x150l0.14,1e-05,1.0PBCedgeFlipt4LBFGSEpsx1e-06energyDropThreshold1e-05s0:0.73476","reversibilityProtocolTest,s150x150l0.14,1e-05,1.0PBCedgeFlipt4LBFGSEpsx1e-06energyDropThreshold1e-05s0",0,edgeFlip,,1.0000000000010001e-05,0.73476,post,0.06285727964184594,0.051388884007,True,153,reversible_plastic,7.183379933777777e-05,7.21003568046462e-05,0.15441330905,"/Volumes/data/MTS2D_output/reversibilityProtocolTest,s150x150l0.14,1e-05,1.0PBCedgeFlipt4LBFGSEpsx1e-06energyDropThreshold1e-05s0/data/reversibilityData/irrev_drop_l_0.73475"
"reversibilityProtocolTest,s150x150l0.14,1e-05,1.0PBCedgeFlipt4LBFGSEpsx1e-06energyDropThreshold1e-05s0:0.73523","reversibilityProtocolTest,s150x150l0.14,1e-05,1.0PBCedgeFlipt4LBFGSEpsx1e-06energyDropThreshold1e-05s0",0,edgeFlip,,1.0000000000010001e-05,0.73523,post,0.06285727964184594,0.01771257464,False,39,reversibility_unmeasured,4.317622282577778e-05,4.329574831341334e-05,0.14258856147,
"reversibilityProtocolTest,s150x150l0.14,1e-05,1.0PBCedgeFlipt4LBFGSEpsx1e-06energyDropThreshold1e-05s0:0.73701","reversibilityProtocolTest,s150x150l0.14,1e-05,1.0PBCedgeFlipt4LBFGSEpsx1e-06energyDropThreshold1e-05s0",0,edgeFlip,,1.0000000000010001e-05,0.73701,post,0.06285727964184594,0.077099191237,False,10,reversibility_unmeasured,3.4625405684444444e-09,1.3061013018184693e-07,0.078448719711,
"reversibilityProtocolTest,s150x150l0.14,1e-05,1.0PBCedgeFlipt4LBFGSEpsx1e-06energyDropThreshold1e-05s0:0.73919","reversibilityProtocolTest,s150x150l0.14,1e-05,1.0PBCedgeFlipt4LBFGSEpsx1e-06energyDropThreshold1e-05s0",0,edgeFlip,,1.0000000000010001e-05,0.73919,post,0.06285727964184594,0.096177618093,False,15,reversibility_unmeasured,1.4992308096444445e-06,1.6470836768967779e-06,0.12612711354,
"reversibilityProtocolTest,s150x150l0.14,1e-05,1.0PBCedgeFlipt4LBFGSEpsx1e-06energyDropThreshold1e-05s0:0.74093","reversibilityProtocolTest,s150x150l0.14,1e-05,1.0PBCedgeFlipt4LBFGSEpsx1e-06energyDropThreshold1e-05s0",0,edgeFlip,,1.0000000000010001e-05,0.74093,post,0.06285727964184594,0.13229138413,False,331,reversibility_unmeasured,0.00031959971006222224,0.0003197627997907603,0.059831203919,
"reversibilityProtocolTest,s150x150l0.14,1e-05,1.0PBCedgeFlipt4LBFGSEpsx1e-06energyDropThreshold1e-05s0:0.74635","reversibilityProtocolTest,s150x150l0.14,1e-05,1.0PBCedgeFlipt4LBFGSEpsx1e-06energyDropThreshold1e-05s0",0,edgeFlip,,1.0000000000010001e-05,0.74635,post,0.06285727964184594,0.036193815345,False,43,reversibility_unmeasured,1.4699244371999999e-06,1.7281114031422679e-06,0.05495346344,
"reversibilityProtocolTest,s150x150l0.14,1e-05,1.0PBCedgeFlipt4LBFGSEpsx1e-06energyDropThreshold1e-05s0:0.75165","reversibilityProtocolTest,s150x150l0.14,1e-05,1.0PBCedgeFlipt4LBFGSEpsx1e-06energyDropThreshold1e-05s0",0,edgeFlip,,1.0000000000010001e-05,0.75165,post,0.06285727964184594,0.10352773711,False,46,reversibility_unmeasured,4.327298841244445e-05,4.357923416920358e-05,0.22278368668,
"reversibilityProtocolTest,s150x150l0.14,1e-05,1.0PBCedgeFlipt4LBFGSEpsx1e-06energyDropThreshold1e-05s0:0.75398","reversibilityProtocolTest,s150x150l0.14,1e-05,1.0PBCedgeFlipt4LBFGSEpsx1e-06energyDropThreshold1e-05s0",0,edgeFlip,,1.0000000000010001e-05,0.75398,post,0.06285727964184594,0.40226074606,False,691,reversibility_unmeasured,0.0008712597530666667,0.0008715810390890119,0.11539809743,
"reversibilityProtocolTest,s150x150l0.14,1e-05,1.0PBCedgeFlipt4LBFGSEpsx1e-06energyDropThreshold1e-05s0:0.75759","reversibilityProtocolTest,s150x150l0.14,1e-05,1.0PBCedgeFlipt4LBFGSEpsx1e-06energyDropThreshold1e-05s0",0,edgeFlip,,1.0000000000010001e-05,0.75759,post,0.06285727964184594,0.10383522585,False,239,reversibility_unmeasured,0.0001426979350888889,0.000142849344274786,0.071144144887,
"reversibilityProtocolTest,s150x150l0.14,1e-05,1.0PBCedgeFlipt4LBFGSEpsx1e-06energyDropThreshold1e-05s0:0.76182","reversibilityProtocolTest,s150x150l0.14,1e-05,1.0PBCedgeFlipt4LBFGSEpsx1e-06energyDropThreshold1e-05s0",0,edgeFlip,,1.0000000000010001e-05,0.76182,post,0.06285727964184594,0.05245863183,True,33,reversible_plastic,1.5718896714222223e-06,1.763941690315581e-06,0.087992259282,"/Volumes/data/MTS2D_output/reversibilityProtocolTest,s150x150l0.14,1e-05,1.0PBCedgeFlipt4LBFGSEpsx1e-06energyDropThreshold1e-05s0/data/reversibilityData/irrev_drop_l_0.76181"
"reversibilityProtocolTest,s150x150l0.14,1e-05,1.0PBCedgeFlipt4LBFGSEpsx1e-06energyDropThreshold1e-05s0:0.7629","reversibilityProtocolTest,s150x150l0.14,1e-05,1.0PBCedgeFlipt4LBFGSEpsx1e-06energyDropThreshold1e-05s0",0,edgeFlip,,1.0000000000010001e-05,0.7629,post,0.06285727964184594,0.043599791658,False,85,reversibility_unmeasured,5.838006559111111e-05,5.858023631240409e-05,0.041503756701,
"reversibilityProtocolTest,s150x150l0.14,1e-05,1.0PBCedgeFlipt4LBFGSEpsx1e-06energyDropThreshold1e-05s0:0.76336","reversibilityProtocolTest,s150x150l0.14,1e-05,1.0PBCedgeFlipt4LBFGSEpsx1e-06energyDropThreshold1e-05s0",0,edgeFlip,,1.0000000000010001e-05,0.76336,post,0.06285727964184594,0.055192855472,False,55,reversibility_unmeasured,8.104965478222222e-06,8.325172125209216e-06,0.093233204769,
"reversibilityProtocolTest,s150x150l0.14,1e-05,1.0PBCedgeFlipt4LBFGSEpsx1e-06energyDropThreshold1e-05s0:0.76353","reversibilityProtocolTest,s150x150l0.14,1e-05,1.0PBCedgeFlipt4LBFGSEpsx1e-06energyDropThreshold1e-05s0",0,edgeFlip,,1.0000000000010001e-05,0.76353,post,0.06285727964184594,0.20163703204,False,115,reversibility_unmeasured,7.771636306666667e-05,7.793342346499357e-05,0.15872529054,
"reversibilityProtocolTest,s150x150l0.14,1e-05,1.0PBCedgeFlipt4LBFGSEpsx1e-06energyDropThreshold1e-05s0:0.76513","reversibilityProtocolTest,s150x150l0.14,1e-05,1.0PBCedgeFlipt4LBFGSEpsx1e-06energyDropThreshold1e-05s0",0,edgeFlip,,1.0000000000010001e-05,0.76513,post,0.06285727964184594,0.074636871613,False,160,reversibility_unmeasured,0.00012983806980444444,0.00013006863285294735,0.072147194557,
"reversibilityProtocolTest,s150x150l0.14,1e-05,1.0PBCedgeFlipt4LBFGSEpsx1e-06energyDropThreshold1e-05s0:0.76653","reversibilityProtocolTest,s150x150l0.14,1e-05,1.0PBCedgeFlipt4LBFGSEpsx1e-06energyDropThreshold1e-05s0",0,edgeFlip,,1.0000000000010001e-05,0.76653,post,0.06285727964184594,0.048706688663,False,50,reversibility_unmeasured,6.41927584488889e-06,6.646616187665839e-06,0.015698410263,
"reversibilityProtocolTest,s150x150l0.14,1e-05,1.0PBCedgeFlipt4LBFGSEpsx1e-06energyDropThreshold1e-05s0:0.76677","reversibilityProtocolTest,s150x150l0.14,1e-05,1.0PBCedgeFlipt4LBFGSEpsx1e-06energyDropThreshold1e-05s0",0,edgeFlip,,1.0000000000010001e-05,0.76677,post,0.06285727964184594,0.018208708664,False,62,reversibility_unmeasured,2.959338268e-06,3.189721760814892e-06,0.07030474391,
"reversibilityProtocolTest,s150x150l0.14,1e-05,1.0PBCedgeFlipt4LBFGSEpsx1e-06energyDropThreshold1e-05s0:0.76844","reversibilityProtocolTest,s150x150l0.14,1e-05,1.0PBCedgeFlipt4LBFGSEpsx1e-06energyDropThreshold1e-05s0",0,edgeFlip,,1.0000000000010001e-05,0.76844,post,0.06285727964184594,0.064818693796,True,73,irreversible_plastic,1.4057033337333334e-05,1.4311801138415426e-05,0.11655774972,"/Volumes/data/MTS2D_output/reversibilityProtocolTest,s150x150l0.14,1e-05,1.0PBCedgeFlipt4LBFGSEpsx1e-06energyDropThreshold1e-05s0/data/reversibilityData/irrev_drop_l_0.76843"
"reversibilityProtocolTest,s150x150l0.14,1e-05,1.0PBCedgeFlipt4LBFGSEpsx1e-06energyDropThreshold1e-05s0:0.77018","reversibilityProtocolTest,s150x150l0.14,1e-05,1.0PBCedgeFlipt4LBFGSEpsx1e-06energyDropThreshold1e-05s0",0,edgeFlip,,1.0000000000010001e-05,0.77018,post,0.06285727964184594,0.42607225824,False,619,reversibility_unmeasured,0.0006566789391555556,0.0006569370135514683,0.091703490094,
"reversibilityProtocolTest,s150x150l0.14,1e-05,1.0PBCedgeFlipt4LBFGSEpsx1e-06energyDropThreshold1e-05s0:0.77236","reversibilityProtocolTest,s150x150l0.14,1e-05,1.0PBCedgeFlipt4LBFGSEpsx1e-06energyDropThreshold1e-05s0",0,edgeFlip,,1.0000000000010001e-05,0.77236,post,0.06285727964184594,0.11502419707,False,147,reversibility_unmeasured,8.656074332444445e-05,8.68029141921271e-05,0.028110252786,
"reversibilityProtocolTest,s150x150l0.14,1e-05,1.0PBCedgeFlipt4LBFGSEpsx1e-06energyDropThreshold1e-05s0:0.77304","reversibilityProtocolTest,s150x150l0.14,1e-05,1.0PBCedgeFlipt4LBFGSEpsx1e-06energyDropThreshold1e-05s0",0,edgeFlip,,1.0000000000010001e-05,0.77304,post,0.06285727964184594,0.021928844857,False,48,reversibility_unmeasured,3.748034865866667e-06,3.97380389331627e-06,0.058037740044,
"reversibilityProtocolTest,s150x150l0.14,1e-05,1.0PBCedgeFlipt4LBFGSEpsx1e-06energyDropThreshold1e-05s0:0.77428","reversibilityProtocolTest,s150x150l0.14,1e-05,1.0PBCedgeFlipt4LBFGSEpsx1e-06energyDropThreshold1e-05s0",0,edgeFlip,,1.0000000000010001e-05,0.77428,post,0.06285727964184594,0.04589640415,False,47,reversibility_unmeasured,2.337225685733333e-05,2.3584191816432092e-05,0.08333610253,
"reversibilityProtocolTest,s150x150l0.14,1e-05,1.0PBCedgeFlipt4LBFGSEpsx1e-06energyDropThreshold1e-05s0:0.7752","reversibilityProtocolTest,s150x150l0.14,1e-05,1.0PBCedgeFlipt4LBFGSEpsx1e-06energyDropThreshold1e-05s0",0,edgeFlip,,1.0000000000010001e-05,0.7752,post,0.06285727964184594,0.27705424624,False,508,reversibility_unmeasured,0.00039176852438222224,0.0003919778325826706,0.082808041796,
"reversibilityProtocolTest,s150x150l0.14,1e-05,1.0PBCedgeFlipt4LBFGSEpsx1e-06energyDropThreshold1e-05s0:0.78165","reversibilityProtocolTest,s150x150l0.14,1e-05,1.0PBCedgeFlipt4LBFGSEpsx1e-06energyDropThreshold1e-05s0",0,edgeFlip,,1.0000000000010001e-05,0.78165,post,0.06285727964184594,0.049356152215,False,109,reversibility_unmeasured,1.6013019650222222e-05,1.6210060446282012e-05,0.043908137836,
"reversibilityProtocolTest,s150x150l0.14,1e-05,1.0PBCedgeFlipt4LBFGSEpsx1e-06energyDropThreshold1e-05s0:0.7823","reversibilityProtocolTest,s150x150l0.14,1e-05,1.0PBCedgeFlipt4LBFGSEpsx1e-06energyDropThreshold1e-05s0",0,edgeFlip,,1.0000000000010001e-05,0.7823,post,0.06285727964184594,0.066127068049,False,71,reversibility_unmeasured,2.518383412222222e-05,2.5393136752543594e-05,0.16804258248,
"reversibilityProtocolTest,s150x150l0.14,1e-05,1.0PBCedgeFlipt4LBFGSEpsx1e-06energyDropThreshold1e-05s0:0.78328","reversibilityProtocolTest,s150x150l0.14,1e-05,1.0PBCedgeFlipt4LBFGSEpsx1e-06energyDropThreshold1e-05s0",0,edgeFlip,,1.0000000000010001e-05,0.78328,post,0.06285727964184594,0.066733659543,False,70,reversibility_unmeasured,1.3401295713333333e-05,1.3605527911291422e-05,0.17464646251,
"reversibilityProtocolTest,s150x150l0.14,1e-05,1.0PBCedgeFlipt4LBFGSEpsx1e-06energyDropThreshold1e-05s0:0.78382","reversibilityProtocolTest,s150x150l0.14,1e-05,1.0PBCedgeFlipt4LBFGSEpsx1e-06energyDropThreshold1e-05s0",0,edgeFlip,,1.0000000000010001e-05,0.78382,post,0.06285727964184594,0.020908623375,False,46,reversibility_unmeasured,8.316032484444443e-06,8.522005430258003e-06,0.16929599229,
"reversibilityProtocolTest,s150x150l0.14,1e-05,1.0PBCedgeFlipt4LBFGSEpsx1e-06energyDropThreshold1e-05s0:0.78783","reversibilityProtocolTest,s150x150l0.14,1e-05,1.0PBCedgeFlipt4LBFGSEpsx1e-06energyDropThreshold1e-05s0",0,edgeFlip,,1.0000000000010001e-05,0.78783,post,0.06285727964184594,0.12699809536,False,25,reversibility_unmeasured,1.6422849273777777e-06,1.8764514081415958e-06,0.21416352939,
"reversibilityProtocolTest,s150x150l0.14,1e-05,1.0PBCedgeFlipt4LBFGSEpsx1e-06energyDropThreshold1e-05s0:0.78804","reversibilityProtocolTest,s150x150l0.14,1e-05,1.0PBCedgeFlipt4LBFGSEpsx1e-06energyDropThreshold1e-05s0",0,edgeFlip,,1.0000000000010001e-05,0.78804,post,0.06285727964184594,0.1181220766,True,224,irreversible_plastic,0.0001477969200177778,0.00014803130094910935,0.10958978644,"/Volumes/data/MTS2D_output/reversibilityProtocolTest,s150x150l0.14,1e-05,1.0PBCedgeFlipt4LBFGSEpsx1e-06energyDropThreshold1e-05s0/data/reversibilityData/irrev_drop_l_0.78803"
"reversibilityProtocolTest,s150x150l0.14,1e-05,1.0PBCedgeFlipt4LBFGSEpsx1e-06energyDropThreshold1e-05s0:0.78982","reversibilityProtocolTest,s150x150l0.14,1e-05,1.0PBCedgeFlipt4LBFGSEpsx1e-06energyDropThreshold1e-05s0",0,edgeFlip,,1.0000000000010001e-05,0.78982,post,0.06285727964184594,0.0089309511311,False,14,reversibility_unmeasured,1.4538714018666667e-07,3.4155956228434864e-07,0.014948075503,
"reversibilityProtocolTest,s150x150l0.14,1e-05,1.0PBCedgeFlipt4LBFGSEpsx1e-06energyDropThreshold1e-05s0:0.79159","reversibilityProtocolTest,s150x150l0.14,1e-05,1.0PBCedgeFlipt4LBFGSEpsx1e-06energyDropThreshold1e-05s0",0,edgeFlip,,1.0000000000010001e-05,0.79159,post,0.06285727964184594,0.19864990774,False,311,reversibility_unmeasured,0.00023425957267999997,0.00023447163939340371,0.11100169672,
"reversibilityProtocolTest,s150x150l0.14,1e-05,1.0PBCedgeFlipt4LBFGSEpsx1e-06energyDropThreshold1e-05s0:0.79221","reversibilityProtocolTest,s150x150l0.14,1e-05,1.0PBCedgeFlipt4LBFGSEpsx1e-06energyDropThreshold1e-05s0",0,edgeFlip,,1.0000000000010001e-05,0.79221,post,0.06285727964184594,0.090394481128,False,199,reversibility_unmeasured,0.0001121147566088889,0.00011233572934809344,0.19131508313,
"reversibilityProtocolTest,s150x150l0.14,1e-05,1.0PBCedgeFlipt4LBFGSEpsx1e-06energyDropThreshold1e-05s0:0.79428","reversibilityProtocolTest,s150x150l0.14,1e-05,1.0PBCedgeFlipt4LBFGSEpsx1e-06energyDropThreshold1e-05s0",0,edgeFlip,,1.0000000000010001e-05,0.79428,post,0.06285727964184594,0.09051284155,False,168,reversibility_unmeasured,0.00013805468627555557,0.00013826965334065637,0.078419908836,
"reversibilityProtocolTest,s150x150l0.14,1e-05,1.0PBCedgeFlipt4LBFGSEpsx1e-06energyDropThreshold1e-05s0:0.79839","reversibilityProtocolTest,s150x150l0.14,1e-05,1.0PBCedgeFlipt4LBFGSEpsx1e-06energyDropThreshold1e-05s0",0,edgeFlip,,1.0000000000010001e-05,0.79839,post,0.06285727964184594,0.1372288188,False,9,reversibility_unmeasured,1.1057952516444446e-06,1.3418312847483724e-06,0.11386885806,
"reversibilityProtocolTest,s150x150l0.14,1e-05,1.0PBCedgeFlipt4LBFGSEpsx1e-06energyDropThreshold1e-05s0:0.8004","reversibilityProtocolTest,s150x150l0.14,1e-05,1.0PBCedgeFlipt4LBFGSEpsx1e-06energyDropThreshold1e-05s0",0,edgeFlip,,1.0000000000010001e-05,0.8004,post,0.06285727964184594,0.4330877189,False,31,reversibility_unmeasured,-1.3156339283555556e-07,1.210573941054665e-07,0.42043347221,
"reversibilityProtocolTest,s150x150l0.14,1e-05,1.0PBCedgeFlipt4LBFGSEpsx1e-06energyDropThreshold1e-05s0:0.80106","reversibilityProtocolTest,s150x150l0.14,1e-05,1.0PBCedgeFlipt4LBFGSEpsx1e-06energyDropThreshold1e-05s0",0,edgeFlip,,1.0000000000010001e-05,0.80106,post,0.06285727964184594,0.2716318089,False,564,reversibility_unmeasured,0.0005564272605333333,0.0005566807071136471,0.034938977151,
"reversibilityProtocolTest,s150x150l0.14,1e-05,1.0PBCedgeFlipt4LBFGSEpsx1e-06energyDropThreshold1e-05s0:0.80694","reversibilityProtocolTest,s150x150l0.14,1e-05,1.0PBCedgeFlipt4LBFGSEpsx1e-06energyDropThreshold1e-05s0",0,edgeFlip,,1.0000000000010001e-05,0.80694,post,0.06285727964184594,0.44412093367,False,20,reversibility_unmeasured,7.910131098666667e-06,8.191137372194944e-06,0.43267854113,
"reversibilityProtocolTest,s150x150l0.14,1e-05,1.0PBCedgeFlipt4LBFGSEpsx1e-06energyDropThreshold1e-05s0:0.80713","reversibilityProtocolTest,s150x150l0.14,1e-05,1.0PBCedgeFlipt4LBFGSEpsx1e-06energyDropThreshold1e-05s0",0,edgeFlip,,1.0000000000010001e-05,0.80713,post,0.06285727964184594,0.28065201602,False,34,reversibility_unmeasured,1.1105122134666666e-06,1.3894101391896482e-06,0.3269429165,
"reversibilityProtocolTest,s150x150l0.14,1e-05,1.0PBCedgeFlipt4LBFGSEpsx1e-06energyDropThreshold1e-05s0:0.80765","reversibilityProtocolTest,s150x150l0.14,1e-05,1.0PBCedgeFlipt4LBFGSEpsx1e-06energyDropThreshold1e-05s0",0,edgeFlip,,1.0000000000010001e-05,0.80765,post,0.06285727964184594,0.3704345622,True,129,irreversible_plastic,3.913424079022222e-05,3.941490025820637e-05,0.41021093759,"/Volumes/data/MTS2D_output/reversibilityProtocolTest,s150x150l0.14,1e-05,1.0PBCedgeFlipt4LBFGSEpsx1e-06energyDropThreshold1e-05s0/data/reversibilityData/irrev_drop_l_0.80764"
"reversibilityProtocolTest,s150x150l0.14,1e-05,1.0PBCedgeFlipt4LBFGSEpsx1e-06energyDropThreshold1e-05s0:0.80856","reversibilityProtocolTest,s150x150l0.14,1e-05,1.0PBCedgeFlipt4LBFGSEpsx1e-06energyDropThreshold1e-05s0",0,edgeFlip,,1.0000000000010001e-05,0.80856,post,0.06285727964184594,0.089451351402,False,263,reversibility_unmeasured,0.00020422332199111111,0.0002045152883471878,0.091733879539,
"reversibilityProtocolTest,s150x150l0.14,1e-05,1.0PBCedgeFlipt4LBFGSEpsx1e-06energyDropThreshold1e-05s0:0.811","reversibilityProtocolTest,s150x150l0.14,1e-05,1.0PBCedgeFlipt4LBFGSEpsx1e-06energyDropThreshold1e-05s0",0,edgeFlip,,1.0000000000010001e-05,0.811,post,0.06285727964184594,0.39035793853,False,835,reversibility_unmeasured,0.0010426480565333333,0.001042955317188796,0.086005025622,
"reversibilityProtocolTest,s150x150l0.14,1e-05,1.0PBCedgeFlipt4LBFGSEpsx1e-06energyDropThreshold1e-05s0:0.81689","reversibilityProtocolTest,s150x150l0.14,1e-05,1.0PBCedgeFlipt4LBFGSEpsx1e-06energyDropThreshold1e-05s0",0,edgeFlip,,1.0000000000010001e-05,0.81689,post,0.06285727964184594,0.32596073738,False,791,reversibility_unmeasured,0.0006812836259555555,0.0006814882315618585,0.05464182254,
"reversibilityProtocolTest,s150x150l0.14,1e-05,1.0PBCedgeFlipt4LBFGSEpsx1e-06energyDropThreshold1e-05s0:0.81972","reversibilityProtocolTest,s150x150l0.14,1e-05,1.0PBCedgeFlipt4LBFGSEpsx1e-06energyDropThreshold1e-05s0",0,edgeFlip,,1.0000000000010001e-05,0.81972,post,0.06285727964184594,0.023955828127,False,13,reversibility_unmeasured,1.9379637504444445e-06,2.0568686080145603e-06,0.020858483839,
"reversibilityProtocolTest,s150x150l0.14,1e-05,1.0PBCedgeFlipt4LBFGSEpsx1e-06energyDropThreshold1e-05s0:0.82021","reversibilityProtocolTest,s150x150l0.14,1e-05,1.0PBCedgeFlipt4LBFGSEpsx1e-06energyDropThreshold1e-05s0",0,edgeFlip,,1.0000000000010001e-05,0.82021,post,0.06285727964184594,0.021305979186,False,60,reversibility_unmeasured,8.101107806666667e-06,8.221905978003482e-06,0.083753946905,
"reversibilityProtocolTest,s150x150l0.14,1e-05,1.0PBCedgeFlipt4LBFGSEpsx1e-06energyDropThreshold1e-05s0:0.8212","reversibilityProtocolTest,s150x150l0.14,1e-05,1.0PBCedgeFlipt4LBFGSEpsx1e-06energyDropThreshold1e-05s0",0,edgeFlip,,1.0000000000010001e-05,0.8212,post,0.06285727964184594,0.017416668773,False,36,reversibility_unmeasured,4.766216554222222e-07,6.093785503973473e-07,0.095633437168,
"reversibilityProtocolTest,s150x150l0.14,1e-05,1.0PBCedgeFlipt4LBFGSEpsx1e-06energyDropThreshold1e-05s0:0.82192","reversibilityProtocolTest,s150x150l0.14,1e-05,1.0PBCedgeFlipt4LBFGSEpsx1e-06energyDropThreshold1e-05s0",0,edgeFlip,,1.0000000000010001e-05,0.82192,post,0.06285727964184594,0.012776269736,False,35,reversibility_unmeasured,7.482311304888889e-07,8.927215409825193e-07,0.10484843115,
"reversibilityProtocolTest,s150x150l0.14,1e-05,1.0PBCedgeFlipt4LBFGSEpsx1e-06energyDropThreshold1e-05s0:0.82387","reversibilityProtocolTest,s150x150l0.14,1e-05,1.0PBCedgeFlipt4LBFGSEpsx1e-06energyDropThreshold1e-05s0",0,edgeFlip,,1.0000000000010001e-05,0.82387,post,0.06285727964184594,0.15083978894,False,115,reversibility_unmeasured,3.7504940186666665e-05,3.766229367728076e-05,0.10746459019,
"reversibilityProtocolTest,s150x150l0.14,1e-05,1.0PBCedgeFlipt4LBFGSEpsx1e-06energyDropThreshold1e-05s0:0.82393","reversibilityProtocolTest,s150x150l0.14,1e-05,1.0PBCedgeFlipt4LBFGSEpsx1e-06energyDropThreshold1e-05s0",0,edgeFlip,,1.0000000000010001e-05,0.82393,post,0.06285727964184594,0.095683417359,False,167,reversibility_unmeasured,7.393727982666666e-05,7.410413559316946e-05,0.14628823583,
"reversibilityProtocolTest,s150x150l0.14,1e-05,1.0PBCedgeFlipt4LBFGSEpsx1e-06energyDropThreshold1e-05s0:0.82822","reversibilityProtocolTest,s150x150l0.14,1e-05,1.0PBCedgeFlipt4LBFGSEpsx1e-06energyDropThreshold1e-05s0",0,edgeFlip,,1.0000000000010001e-05,0.82822,post,0.06285727964184594,0.088536807066,False,20,reversibility_unmeasured,1.8528776857333333e-06,2.043029756581897e-06,0.38758841383,
"reversibilityProtocolTest,s150x150l0.14,1e-05,1.0PBCedgeFlipt4LBFGSEpsx1e-06energyDropThreshold1e-05s0:0.82928","reversibilityProtocolTest,s150x150l0.14,1e-05,1.0PBCedgeFlipt4LBFGSEpsx1e-06energyDropThreshold1e-05s0",0,edgeFlip,,1.0000000000010001e-05,0.82928,post,0.06285727964184594,0.23191671848,False,361,reversibility_unmeasured,0.0003658805355911111,0.000366074847587514,0.11391927908,
"reversibilityProtocolTest,s150x150l0.14,1e-05,1.0PBCedgeFlipt4LBFGSEpsx1e-06energyDropThreshold1e-05s0:0.83399","reversibilityProtocolTest,s150x150l0.14,1e-05,1.0PBCedgeFlipt4LBFGSEpsx1e-06energyDropThreshold1e-05s0",0,edgeFlip,,1.0000000000010001e-05,0.83399,post,0.06285727964184594,0.33005301843,False,83,reversibility_unmeasured,9.600125210666667e-05,9.622145332995033e-05,0.5346369184,
"reversibilityProtocolTest,s150x150l0.14,1e-05,1.0PBCedgeFlipt4LBFGSEpsx1e-06energyDropThreshold1e-05s0:0.83405","reversibilityProtocolTest,s150x150l0.14,1e-05,1.0PBCedgeFlipt4LBFGSEpsx1e-06energyDropThreshold1e-05s0",0,edgeFlip,,1.0000000000010001e-05,0.83405,post,0.06285727964184594,0.36208752925,False,48,reversibility_unmeasured,7.232329121777778e-06,7.441818725280629e-06,0.51278370039,
"reversibilityProtocolTest,s150x150l0.14,1e-05,1.0PBCedgeFlipt4LBFGSEpsx1e-06energyDropThreshold1e-05s0:0.83417","reversibilityProtocolTest,s150x150l0.14,1e-05,1.0PBCedgeFlipt4LBFGSEpsx1e-06energyDropThreshold1e-05s0",0,edgeFlip,,1.0000000000010001e-05,0.83417,post,0.06285727964184594,0.33805702411,True,30,irreversible_plastic,1.5019351737333334e-05,1.522395450919147e-05,0.51514843697,"/Volumes/data/MTS2D_output/reversibilityProtocolTest,s150x150l0.14,1e-05,1.0PBCedgeFlipt4LBFGSEpsx1e-06energyDropThreshold1e-05s0/data/reversibilityData/irrev_drop_l_0.83416"
"reversibilityProtocolTest,s150x150l0.14,1e-05,1.0PBCedgeFlipt4LBFGSEpsx1e-06energyDropThreshold1e-05s0:0.8347","reversibilityProtocolTest,s150x150l0.14,1e-05,1.0PBCedgeFlipt4LBFGSEpsx1e-06energyDropThreshold1e-05s0",0,edgeFlip,,1.0000000000010001e-05,0.8347,post,0.06285727964184594,0.32450844056,False,580,reversibility_unmeasured,0.0005976226984888889,0.0005978301603403944,0.10680314481,
"reversibilityProtocolTest,s150x150l0.14,1e-05,1.0PBCedgeFlipt4LBFGSEpsx1e-06energyDropThreshold1e-05s0:0.83566","reversibilityProtocolTest,s150x150l0.14,1e-05,1.0PBCedgeFlipt4LBFGSEpsx1e-06energyDropThreshold1e-05s0",0,edgeFlip,,1.0000000000010001e-05,0.83566,post,0.06285727964184594,0.011824655998,False,20,reversibility_unmeasured,2.1551960108e-06,2.2737025479412094e-06,0.09246727856,
"reversibilityProtocolTest,s150x150l0.14,1e-05,1.0PBCedgeFlipt4LBFGSEpsx1e-06energyDropThreshold1e-05s0:0.83702","reversibilityProtocolTest,s150x150l0.14,1e-05,1.0PBCedgeFlipt4LBFGSEpsx1e-06energyDropThreshold1e-05s0",0,edgeFlip,,1.0000000000010001e-05,0.83702,post,0.06285727964184594,0.073162201553,False,33,reversibility_unmeasured,5.320105520444445e-06,5.453874096200353e-06,0.056933760006,
"reversibilityProtocolTest,s150x150l0.14,1e-05,1.0PBCedgeFlipt4LBFGSEpsx1e-06energyDropThreshold1e-05s0:0.83721","reversibilityProtocolTest,s150x150l0.14,1e-05,1.0PBCedgeFlipt4LBFGSEpsx1e-06energyDropThreshold1e-05s0",0,edgeFlip,,1.0000000000010001e-05,0.83721,post,0.06285727964184594,0.050999942321,False,128,reversibility_unmeasured,4.853363569333334e-05,4.866566171105483e-05,0.12414627438,
"reversibilityProtocolTest,s150x150l0.14,1e-05,1.0PBCedgeFlipt4LBFGSEpsx1e-06energyDropThreshold1e-05s0:0.8391","reversibilityProtocolTest,s150x150l0.14,1e-05,1.0PBCedgeFlipt4LBFGSEpsx1e-06energyDropThreshold1e-05s0",0,edgeFlip,,1.0000000000010001e-05,0.8391,post,0.06285727964184594,0.034922848898,False,67,reversibility_unmeasured,7.085850385333333e-06,7.231734054355204e-06,0.069402440424,
"reversibilityProtocolTest,s150x150l0.14,1e-05,1.0PBCedgeFlipt4LBFGSEpsx1e-06energyDropThreshold1e-05s0:0.84373","reversibilityProtocolTest,s150x150l0.14,1e-05,1.0PBCedgeFlipt4LBFGSEpsx1e-06energyDropThreshold1e-05s0",0,edgeFlip,,1.0000000000010001e-05,0.84373,post,0.06285727964184594,0.11752019545,False,142,reversibility_unmeasured,4.164624143688889e-05,4.1820024466351745e-05,0.067655524283,
"reversibilityProtocolTest,s150x150l0.14,1e-05,1.0PBCedgeFlipt4LBFGSEpsx1e-06energyDropThreshold1e-05s0:0.84376","reversibilityProtocolTest,s150x150l0.14,1e-05,1.0PBCedgeFlipt4LBFGSEpsx1e-06energyDropThreshold1e-05s0",0,edgeFlip,,1.0000000000010001e-05,0.84376,post,0.06285727964184594,0.034029309833,False,107,reversibility_unmeasured,4.0238309872444446e-05,4.039043596322927e-05,0.082795102908,
"reversibilityProtocolTest,s150x150l0.14,1e-05,1.0PBCedgeFlipt4LBFGSEpsx1e-06energyDropThreshold1e-05s0:0.84406","reversibilityProtocolTest,s150x150l0.14,1e-05,1.0PBCedgeFlipt4LBFGSEpsx1e-06energyDropThreshold1e-05s0",0,edgeFlip,,1.0000000000010001e-05,0.84406,post,0.06285727964184594,0.072076393096,True,41,irreversible_plastic,5.613457714222223e-06,5.740558646824764e-06,0.085085322211,"/Volumes/data/MTS2D_output/reversibilityProtocolTest,s150x150l0.14,1e-05,1.0PBCedgeFlipt4LBFGSEpsx1e-06energyDropThreshold1e-05s0/data/reversibilityData/irrev_drop_l_0.84405"
"reversibilityProtocolTest,s150x150l0.14,1e-05,1.0PBCedgeFlipt4LBFGSEpsx1e-06energyDropThreshold1e-05s0:0.84511","reversibilityProtocolTest,s150x150l0.14,1e-05,1.0PBCedgeFlipt4LBFGSEpsx1e-06energyDropThreshold1e-05s0",0,edgeFlip,,1.0000000000010001e-05,0.84511,post,0.06285727964184594,0.03586584671,False,73,reversibility_unmeasured,4.8834190035555557e-05,4.896547480649108e-05,0.062733576404,
"reversibilityProtocolTest,s150x150l0.14,1e-05,1.0PBCedgeFlipt4LBFGSEpsx1e-06energyDropThreshold1e-05s0:0.84832","reversibilityProtocolTest,s150x150l0.14,1e-05,1.0PBCedgeFlipt4LBFGSEpsx1e-06energyDropThreshold1e-05s0",0,edgeFlip,,1.0000000000010001e-05,0.84832,post,0.06285727964184594,0.074467541966,False,70,reversibility_unmeasured,3.882350880933334e-06,4.039936345801228e-06,0.048590798116,
"reversibilityProtocolTest,s150x150l0.14,1e-05,1.0PBCedgeFlipt4LBFGSEpsx1e-06energyDropThreshold1e-05s0:0.84898","reversibilityProtocolTest,s150x150l0.14,1e-05,1.0PBCedgeFlipt4LBFGSEpsx1e-06energyDropThreshold1e-05s0",0,edgeFlip,,1.0000000000010001e-05,0.84898,post,0.06285727964184594,0.01035606908,False,14,reversibility_unmeasured,2.4766242359555557e-06,2.6376765217668837e-06,0.20453118798,
"reversibilityProtocolTest,s150x150l0.14,1e-05,1.0PBCedgeFlipt4LBFGSEpsx1e-06energyDropThreshold1e-05s0:0.85038","reversibilityProtocolTest,s150x150l0.14,1e-05,1.0PBCedgeFlipt4LBFGSEpsx1e-06energyDropThreshold1e-05s0",0,edgeFlip,,1.0000000000010001e-05,0.85038,post,0.06285727964184594,0.20918575461,False,73,reversibility_unmeasured,8.781592692444444e-05,8.798154478877348e-05,0.2453871767,
"reversibilityProtocolTest,s150x150l0.14,1e-05,1.0PBCedgeFlipt4LBFGSEpsx1e-06energyDropThreshold1e-05s0:0.85281","reversibilityProtocolTest,s150x150l0.14,1e-05,1.0PBCedgeFlipt4LBFGSEpsx1e-06energyDropThreshold1e-05s0",0,edgeFlip,,1.0000000000010001e-05,0.85281,post,0.06285727964184594,0.01367836476,False,13,reversibility_unmeasured,6.381415561777778e-07,8.225279292673804e-07,0.11738086957,
"reversibilityProtocolTest,s150x150l0.14,1e-05,1.0PBCedgeFlipt4LBFGSEpsx1e-06energyDropThreshold1e-05s0:0.853","reversibilityProtocolTest,s150x150l0.14,1e-05,1.0PBCedgeFlipt4LBFGSEpsx1e-06energyDropThreshold1e-05s0",0,edgeFlip,,1.0000000000010001e-05,0.853,post,0.06285727964184594,0.0047088910039,False,9,reversibility_unmeasured,4.062741097288889e-06,4.246315579659192e-06,0.11042353374,
"reversibilityProtocolTest,s150x150l0.14,1e-05,1.0PBCedgeFlipt4LBFGSEpsx1e-06energyDropThreshold1e-05s0:0.85496","reversibilityProtocolTest,s150x150l0.14,1e-05,1.0PBCedgeFlipt4LBFGSEpsx1e-06energyDropThreshold1e-05s0",0,edgeFlip,,1.0000000000010001e-05,0.85496,post,0.06285727964184594,0.48112493381,False,23,reversibility_unmeasured,7.583309054666668e-07,9.5750846931095e-07,0.36699331871,
"reversibilityProtocolTest,s150x150l0.14,1e-05,1.0PBCedgeFlipt4LBFGSEpsx1e-06energyDropThreshold1e-05s0:0.85574","reversibilityProtocolTest,s150x150l0.14,1e-05,1.0PBCedgeFlipt4LBFGSEpsx1e-06energyDropThreshold1e-05s0",0,edgeFlip,,1.0000000000010001e-05,0.85574,post,0.06285727964184594,0.37952276664,False,693,reversibility_unmeasured,0.0007360852318222223,0.0007362890429532298,0.10437150319,
"reversibilityProtocolTest,s150x150l0.14,1e-05,1.0PBCedgeFlipt4LBFGSEpsx1e-06energyDropThreshold1e-05s0:0.8596","reversibilityProtocolTest,s150x150l0.14,1e-05,1.0PBCedgeFlipt4LBFGSEpsx1e-06energyDropThreshold1e-05s0",0,edgeFlip,,1.0000000000010001e-05,0.8596,post,0.06285727964184594,0.19290410564,False,42,reversibility_unmeasured,5.137853948e-08,2.676008840366093e-07,0.21262681389,
"reversibilityProtocolTest,s150x150l0.14,1e-05,1.0PBCedgeFlipt4LBFGSEpsx1e-06energyDropThreshold1e-05s0:0.86008","reversibilityProtocolTest,s150x150l0.14,1e-05,1.0PBCedgeFlipt4LBFGSEpsx1e-06energyDropThreshold1e-05s0",0,edgeFlip,,1.0000000000010001e-05,0.86008,post,0.06285727964184594,0.20142719436,True,382,irreversible_plastic,0.0004106535146666666,0.0004108744637781645,0.080164571552,"/Volumes/data/MTS2D_output/reversibilityProtocolTest,s150x150l0.14,1e-05,1.0PBCedgeFlipt4LBFGSEpsx1e-06energyDropThreshold1e-05s0/data/reversibilityData/irrev_drop_l_0.86007"
"reversibilityProtocolTest,s150x150l0.14,1e-05,1.0PBCedgeFlipt4LBFGSEpsx1e-06energyDropThreshold1e-05s0:0.86012","reversibilityProtocolTest,s150x150l0.14,1e-05,1.0PBCedgeFlipt4LBFGSEpsx1e-06energyDropThreshold1e-05s0",0,edgeFlip,,1.0000000000010001e-05,0.86012,post,0.06285727964184594,0.10695719625,False,58,reversibility_unmeasured,2.746813262e-05,2.7671873646956e-05,0.11614602218,
"reversibilityProtocolTest,s150x150l0.14,1e-05,1.0PBCedgeFlipt4LBFGSEpsx1e-06energyDropThreshold1e-05s0:0.86114","reversibilityProtocolTest,s150x150l0.14,1e-05,1.0PBCedgeFlipt4LBFGSEpsx1e-06energyDropThreshold1e-05s0",0,edgeFlip,,1.0000000000010001e-05,0.86114,post,0.06285727964184594,0.077498664077,True,179,irreversible_plastic,0.00014399374231999999,0.000144201498826625,0.11144457102,"/Volumes/data/MTS2D_output/reversibilityProtocolTest,s150x150l0.14,1e-05,1.0PBCedgeFlipt4LBFGSEpsx1e-06energyDropThreshold1e-05s0/data/reversibilityData/irrev_drop_l_0.86113"
"reversibilityProtocolTest,s150x150l0.14,1e-05,1.0PBCedgeFlipt4LBFGSEpsx1e-06energyDropThreshold1e-05s0:0.86138","reversibilityProtocolTest,s150x150l0.14,1e-05,1.0PBCedgeFlipt4LBFGSEpsx1e-06energyDropThreshold1e-05s0",0,edgeFlip,,1.0000000000010001e-05,0.86138,post,0.06285727964184594,0.15642519939,False,63,reversibility_unmeasured,7.870046280444446e-05,7.888177326914401e-05,0.36991560738,
"reversibilityProtocolTest,s150x150l0.14,1e-05,1.0PBCedgeFlipt4LBFGSEpsx1e-06energyDropThreshold1e-05s0:0.86253","reversibilityProtocolTest,s150x150l0.14,1e-05,1.0PBCedgeFlipt4LBFGSEpsx1e-06energyDropThreshold1e-05s0",0,edgeFlip,,1.0000000000010001e-05,0.86253,post,0.06285727964184594,0.18277658139,False,122,reversibility_unmeasured,2.0509635484444445e-05,2.0698010385374094e-05,0.17518050619,
"reversibilityProtocolTest,s150x150l0.14,1e-05,1.0PBCedgeFlipt4LBFGSEpsx1e-06energyDropThreshold1e-05s0:0.86372","reversibilityProtocolTest,s150x150l0.14,1e-05,1.0PBCedgeFlipt4LBFGSEpsx1e-06energyDropThreshold1e-05s0",0,edgeFlip,,1.0000000000010001e-05,0.86372,post,0.06285727964184594,0.30669005514,False,555,reversibility_unmeasured,0.0006838996957333333,0.0006840846732469799,0.097245497839,
"reversibilityProtocolTest,s150x150l0.14,1e-05,1.0PBCedgeFlipt4LBFGSEpsx1e-06energyDropThreshold1e-05s0:0.86455","reversibilityProtocolTest,s150x150l0.14,1e-05,1.0PBCedgeFlipt4LBFGSEpsx1e-06energyDropThreshold1e-05s0",0,edgeFlip,,1.0000000000010001e-05,0.86455,post,0.06285727964184594,0.064490316108,False,85,reversibility_unmeasured,4.777069145777778e-05,4.788341266372274e-05,0.10700917466,
"reversibilityProtocolTest,s150x150l0.14,1e-05,1.0PBCedgeFlipt4LBFGSEpsx1e-06energyDropThreshold1e-05s0:0.86751","reversibilityProtocolTest,s150x150l0.14,1e-05,1.0PBCedgeFlipt4LBFGSEpsx1e-06energyDropThreshold1e-05s0",0,edgeFlip,,1.0000000000010001e-05,0.86751,post,0.06285727964184594,0.071102267069,False,111,reversibility_unmeasured,2.9724501990666664e-05,2.985053632857368e-05,0.096960673172,
"reversibilityProtocolTest,s150x150l0.14,1e-05,1.0PBCedgeFlipt4LBFGSEpsx1e-06energyDropThreshold1e-05s0:0.86948","reversibilityProtocolTest,s150x150l0.14,1e-05,1.0PBCedgeFlipt4LBFGSEpsx1e-06energyDropThreshold1e-05s0",0,edgeFlip,,1.0000000000010001e-05,0.86948,post,0.06285727964184594,0.012239032689,False,24,reversibility_unmeasured,4.7554999066666665e-06,4.905164790504083e-06,0.090316161183,
"reversibilityProtocolTest,s150x150l0.14,1e-05,1.0PBCedgeFlipt4LBFGSEpsx1e-06energyDropThreshold1e-05s0:0.87041","reversibilityProtocolTest,s150x150l0.14,1e-05,1.0PBCedgeFlipt4LBFGSEpsx1e-06energyDropThreshold1e-05s0",0,edgeFlip,,1.0000000000010001e-05,0.87041,post,0.06285727964184594,0.13838666421,False,189,reversibility_unmeasured,0.00010430330740000001,0.00010445905438532464,0.10890636845,
"reversibilityProtocolTest,s150x150l0.14,1e-05,1.0PBCedgeFlipt4LBFGSEpsx1e-06energyDropThreshold1e-05s0:0.8707","reversibilityProtocolTest,s150x150l0.14,1e-05,1.0PBCedgeFlipt4LBFGSEpsx1e-06energyDropThreshold1e-05s0",0,edgeFlip,,1.0000000000010001e-05,0.8707,post,0.06285727964184594,0.079458838652,False,132,reversibility_unmeasured,5.531385691555555e-05,5.544613810191221e-05,0.068593858223,
"reversibilityProtocolTest,s150x150l0.14,1e-05,1.0PBCedgeFlipt4LBFGSEpsx1e-06energyDropThreshold1e-05s0:0.87224","reversibilityProtocolTest,s150x150l0.14,1e-05,1.0PBCedgeFlipt4LBFGSEpsx1e-06energyDropThreshold1e-05s0",0,edgeFlip,,1.0000000000010001e-05,0.87224,post,0.06285727964184594,0.11690428552,False,169,reversibility_unmeasured,9.665425654222223e-05,9.672321183833092e-05,0.038926932626,
"reversibilityProtocolTest,s150x150l0.14,1e-05,1.0PBCedgeFlipt4LBFGSEpsx1e-06energyDropThreshold1e-05s0:0.87234","reversibilityProtocolTest,s150x150l0.14,1e-05,1.0PBCedgeFlipt4LBFGSEpsx1e-06energyDropThreshold1e-05s0",0,edgeFlip,,1.0000000000010001e-05,0.87234,post,0.06285727964184594,0.021704753439,False,57,reversibility_unmeasured,1.8366687529777776e-05,1.841868039665163e-05,0.2305360404,
"reversibilityProtocolTest,s150x150l0.14,1e-05,1.0PBCedgeFlipt4LBFGSEpsx1e-06energyDropThreshold1e-05s0:0.87296","reversibilityProtocolTest,s150x150l0.14,1e-05,1.0PBCedgeFlipt4LBFGSEpsx1e-06energyDropThreshold1e-05s0",0,edgeFlip,,1.0000000000010001e-05,0.87296,post,0.06285727964184594,0.024210602203,False,22,reversibility_unmeasured,1.3818100983555557e-06,1.4294190619504358e-06,0.16225382656,
"reversibilityProtocolTest,s150x150l0.14,1e-05,1.0PBCedgeFlipt4LBFGSEpsx1e-06energyDropThreshold1e-05s0:0.87774","reversibilityProtocolTest,s150x150l0.14,1e-05,1.0PBCedgeFlipt4LBFGSEpsx1e-06energyDropThreshold1e-05s0",0,edgeFlip,,1.0000000000010001e-05,0.87774,post,0.06285727964184594,0.020837411647,False,51,reversibility_unmeasured,7.934543098222221e-06,8.017942497301393e-06,0.056827238112,
"reversibilityProtocolTest,s150x150l0.14,1e-05,1.0PBCedgeFlipt4LBFGSEpsx1e-06energyDropThreshold1e-05s0:0.87838","reversibilityProtocolTest,s150x150l0.14,1e-05,1.0PBCedgeFlipt4LBFGSEpsx1e-06energyDropThreshold1e-05s0",0,edgeFlip,,1.0000000000010001e-05,0.87838,post,0.06285727964184594,0.021197793162,False,23,reversibility_unmeasured,1.5799726169777777e-06,1.7074636923704625e-06,0.060882402591,
"reversibilityProtocolTest,s150x150l0.14,1e-05,1.0PBCedgeFlipt4LBFGSEpsx1e-06energyDropThreshold1e-05s0:0.8816","reversibilityProtocolTest,s150x150l0.14,1e-05,1.0PBCedgeFlipt4LBFGSEpsx1e-06energyDropThreshold1e-05s0",0,edgeFlip,,1.0000000000010001e-05,0.8816,post,0.06285727964184594,0.033176147812,False,10,reversibility_unmeasured,5.9274230946666666e-08,2.0887163729589195e-07,0.079270690402,
"reversibilityProtocolTest,s150x150l0.14,1e-05,1.0PBCedgeFlipt4LBFGSEpsx1e-06energyDropThreshold1e-05s0:0.88219","reversibilityProtocolTest,s150x150l0.14,1e-05,1.0PBCedgeFlipt4LBFGSEpsx1e-06energyDropThreshold1e-05s0",0,edgeFlip,,1.0000000000010001e-05,0.88219,post,0.06285727964184594,0.083116918304,True,142,irreversible_plastic,9.308890750222223e-05,9.324280037909982e-05,0.089863468942,"/Volumes/data/MTS2D_output/reversibilityProtocolTest,s150x150l0.14,1e-05,1.0PBCedgeFlipt4LBFGSEpsx1e-06energyDropThreshold1e-05s0/data/reversibilityData/irrev_drop_l_0.88218"
"reversibilityProtocolTest,s150x150l0.14,1e-05,1.0PBCedgeFlipt4LBFGSEpsx1e-06energyDropThreshold1e-05s0:0.88235","reversibilityProtocolTest,s150x150l0.14,1e-05,1.0PBCedgeFlipt4LBFGSEpsx1e-06energyDropThreshold1e-05s0",0,edgeFlip,,1.0000000000010001e-05,0.88235,post,0.06285727964184594,0.25679915759,False,294,reversibility_unmeasured,0.0002278630159511111,0.00022801528690403076,0.22299282255,
"reversibilityProtocolTest,s150x150l0.14,1e-05,1.0PBCedgeFlipt4LBFGSEpsx1e-06energyDropThreshold1e-05s0:0.88378","reversibilityProtocolTest,s150x150l0.14,1e-05,1.0PBCedgeFlipt4LBFGSEpsx1e-06energyDropThreshold1e-05s0",0,edgeFlip,,1.0000000000010001e-05,0.88378,post,0.06285727964184594,0.057887139358,False,85,reversibility_unmeasured,3.1560060956888886e-05,3.172161093003878e-05,0.22239965204,
"reversibilityProtocolTest,s150x150l0.14,1e-05,1.0PBCedgeFlipt4LBFGSEpsx1e-06energyDropThreshold1e-05s0:0.88804","reversibilityProtocolTest,s150x150l0.14,1e-05,1.0PBCedgeFlipt4LBFGSEpsx1e-06energyDropThreshold1e-05s0",0,edgeFlip,,1.0000000000010001e-05,0.88804,post,0.06285727964184594,0.020913766734,True,26,reversible_plastic,1.9856437001333334e-06,2.1549981085450378e-06,0.17083471282,"/Volumes/data/MTS2D_output/reversibilityProtocolTest,s150x150l0.14,1e-05,1.0PBCedgeFlipt4LBFGSEpsx1e-06energyDropThreshold1e-05s0/data/reversibilityData/irrev_drop_l_0.88803"
"reversibilityProtocolTest,s150x150l0.14,1e-05,1.0PBCedgeFlipt4LBFGSEpsx1e-06energyDropThreshold1e-05s0:0.8908","reversibilityProtocolTest,s150x150l0.14,1e-05,1.0PBCedgeFlipt4LBFGSEpsx1e-06energyDropThreshold1e-05s0",0,edgeFlip,,1.0000000000010001e-05,0.8908,post,0.06285727964184594,0.12603258314,False,37,reversibility_unmeasured,5.153609707111111e-06,5.3381145568563525e-06,0.16347586885,
"reversibilityProtocolTest,s150x150l0.14,1e-05,1.0PBCedgeFlipt4LBFGSEpsx1e-06energyDropThreshold1e-05s0:0.891","reversibilityProtocolTest,s150x150l0.14,1e-05,1.0PBCedgeFlipt4LBFGSEpsx1e-06energyDropThreshold1e-05s0",0,edgeFlip,,1.0000000000010001e-05,0.891,post,0.06285727964184594,0.034344820664,False,73,reversibility_unmeasured,2.3962234112444442e-05,2.4148630401186388e-05,0.099594311352,
"reversibilityProtocolTest,s150x150l0.14,1e-05,1.0PBCedgeFlipt4LBFGSEpsx1e-06energyDropThreshold1e-05s0:0.89132","reversibilityProtocolTest,s150x150l0.14,1e-05,1.0PBCedgeFlipt4LBFGSEpsx1e-06energyDropThreshold1e-05s0",0,edgeFlip,,1.0000000000010001e-05,0.89132,post,0.06285727964184594,0.0083282586578,False,9,reversibility_unmeasured,9.516230396e-08,2.9291834597921073e-07,0.081188516176,
"reversibilityProtocolTest,s150x150l0.14,1e-05,1.0PBCedgeFlipt4LBFGSEpsx1e-06energyDropThreshold1e-05s0:0.89139","reversibilityProtocolTest,s150x150l0.14,1e-05,1.0PBCedgeFlipt4LBFGSEpsx1e-06energyDropThreshold1e-05s0",0,edgeFlip,,1.0000000000010001e-05,0.89139,post,0.06285727964184594,0.19727540839,False,98,reversibility_unmeasured,4.5035423724444446e-05,4.523228215090916e-05,0.19300752961,
"reversibilityProtocolTest,s150x150l0.14,1e-05,1.0PBCedgeFlipt4LBFGSEpsx1e-06energyDropThreshold1e-05s0:0.89632","reversibilityProtocolTest,s150x150l0.14,1e-05,1.0PBCedgeFlipt4LBFGSEpsx1e-06energyDropThreshold1e-05s0",0,edgeFlip,,1.0000000000010001e-05,0.89632,post,0.06285727964184594,0.26663335344,False,43,reversibility_unmeasured,2.645138474e-05,2.6673682326613996e-05,0.29156730723,
"reversibilityProtocolTest,s150x150l0.14,1e-05,1.0PBCedgeFlipt4LBFGSEpsx1e-06energyDropThreshold1e-05s0:0.89713","reversibilityProtocolTest,s150x150l0.14,1e-05,1.0PBCedgeFlipt4LBFGSEpsx1e-06energyDropThreshold1e-05s0",0,edgeFlip,,1.0000000000010001e-05,0.89713,post,0.06285727964184594,0.23412812622,False,386,reversibility_unmeasured,0.0004928681392444445,0.000493090446634273,0.064183205896,
"reversibilityProtocolTest,s150x150l0.14,1e-05,1.0PBCedgeFlipt4LBFGSEpsx1e-06energyDropThreshold1e-05s0:0.90035","reversibilityProtocolTest,s150x150l0.14,1e-05,1.0PBCedgeFlipt4LBFGSEpsx1e-06energyDropThreshold1e-05s0",0,edgeFlip,,1.0000000000010001e-05,0.90035,post,0.06285727964184594,0.11639262764,False,230,reversibility_unmeasured,0.00014630580940000002,0.00014651443682029645,0.048282063943,
"reversibilityProtocolTest,s150x150l0.14,1e-05,1.0PBCedgeFlipt4LBFGSEpsx1e-06energyDropThreshold1e-05s0:0.90247","reversibilityProtocolTest,s150x150l0.14,1e-05,1.0PBCedgeFlipt4LBFGSEpsx1e-06energyDropThreshold1e-05s0",0,edgeFlip,,1.0000000000010001e-05,0.90247,post,0.06285727964184594,0.0091154935657,False,11,reversibility_unmeasured,1.1383742045777777e-06,1.3301578942319893e-06,0.084801387424,
"reversibilityProtocolTest,s150x150l0.14,1e-05,1.0PBCedgeFlipt4LBFGSEpsx1e-06energyDropThreshold1e-05s0:0.90718","reversibilityProtocolTest,s150x150l0.14,1e-05,1.0PBCedgeFlipt4LBFGSEpsx1e-06energyDropThreshold1e-05s0",0,edgeFlip,,1.0000000000010001e-05,0.90718,post,0.06285727964184594,0.010438816812,False,8,reversibility_unmeasured,9.344456353333332e-07,1.1576298147196617e-06,0.037346298836,
"reversibilityProtocolTest,s150x150l0.14,1e-05,1.0PBCedgeFlipt4LBFGSEpsx1e-06energyDropThreshold1e-05s0:0.90743","reversibilityProtocolTest,s150x150l0.14,1e-05,1.0PBCedgeFlipt4LBFGSEpsx1e-06energyDropThreshold1e-05s0",0,edgeFlip,,1.0000000000010001e-05,0.90743,post,0.06285727964184594,0.036802437894,False,49,reversibility_unmeasured,6.408514450666667e-06,6.631256317003438e-06,0.091469523447,
"reversibilityProtocolTest,s150x150l0.14,1e-05,1.0PBCedgeFlipt4LBFGSEpsx1e-06energyDropThreshold1e-05s0:0.91067","reversibilityProtocolTest,s150x150l0.14,1e-05,1.0PBCedgeFlipt4LBFGSEpsx1e-06energyDropThreshold1e-05s0",0,edgeFlip,,1.0000000000010001e-05,0.91067,post,0.06285727964184594,0.33934042122,True,67,irreversible_plastic,1.622708698311111e-05,1.6469325753875335e-05,0.17287321547,"/Volumes/data/MTS2D_output/reversibilityProtocolTest,s150x150l0.14,1e-05,1.0PBCedgeFlipt4LBFGSEpsx1e-06energyDropThreshold1e-05s0/data/reversibilityData/irrev_drop_l_0.91066"
"reversibilityProtocolTest,s150x150l0.14,1e-05,1.0PBCedgeFlipt4LBFGSEpsx1e-06energyDropThreshold1e-05s0:0.91159","reversibilityProtocolTest,s150x150l0.14,1e-05,1.0PBCedgeFlipt4LBFGSEpsx1e-06energyDropThreshold1e-05s0",0,edgeFlip,,1.0000000000010001e-05,0.91159,post,0.06285727964184594,0.69034563841,False,1002,reversibility_unmeasured,0.0014957346544888887,0.0014959799374820604,0.073384605568,
"reversibilityProtocolTest,s150x150l0.14,1e-05,1.0PBCedgeFlipt4LBFGSEpsx1e-06energyDropThreshold1e-05s0:0.91543","reversibilityProtocolTest,s150x150l0.14,1e-05,1.0PBCedgeFlipt4LBFGSEpsx1e-06energyDropThreshold1e-05s0",0,edgeFlip,,1.0000000000010001e-05,0.91543,post,0.06285727964184594,0.12817653956,False,123,reversibility_unmeasured,9.847115815999999e-05,9.856941199988493e-05,0.20009450867,
"reversibilityProtocolTest,s150x150l0.14,1e-05,1.0PBCedgeFlipt4LBFGSEpsx1e-06energyDropThreshold1e-05s0:0.91683","reversibilityProtocolTest,s150x150l0.14,1e-05,1.0PBCedgeFlipt4LBFGSEpsx1e-06energyDropThreshold1e-05s0",0,edgeFlip,,1.0000000000010001e-05,0.91683,post,0.06285727964184594,0.046411131173,False,40,reversibility_unmeasured,4.700057178222222e-06,4.750683626581223e-06,0.025304452145,
"reversibilityProtocolTest,s150x150l0.14,1e-05,1.0PBCedgeFlipt4LBFGSEpsx1e-06energyDropThreshold1e-05s0:0.91794","reversibilityProtocolTest,s150x150l0.14,1e-05,1.0PBCedgeFlipt4LBFGSEpsx1e-06energyDropThreshold1e-05s0",0,edgeFlip,,1.0000000000010001e-05,0.91794,post,0.06285727964184594,0.10745783894,False,202,reversibility_unmeasured,0.00015480597233777778,0.0001548644634983778,0.29545753508,
"reversibilityProtocolTest,s150x150l0.14,1e-05,1.0PBCedgeFlipt4LBFGSEpsx1e-06energyDropThreshold1e-05s0:0.92219","reversibilityProtocolTest,s150x150l0.14,1e-05,1.0PBCedgeFlipt4LBFGSEpsx1e-06energyDropThreshold1e-05s0",0,edgeFlip,,1.0000000000010001e-05,0.92219,post,0.06285727964184594,0.048913204873,False,136,reversibility_unmeasured,6.649420831555555e-05,6.658033069743901e-05,0.11432933635,
"reversibilityProtocolTest,s150x150l0.14,1e-05,1.0PBCedgeFlipt4LBFGSEpsx1e-06energyDropThreshold1e-05s0:0.92285","reversibilityProtocolTest,s150x150l0.14,1e-05,1.0PBCedgeFlipt4LBFGSEpsx1e-06energyDropThreshold1e-05s0",0,edgeFlip,,1.0000000000010001e-05,0.92285,post,0.06285727964184594,0.022305710417,False,21,reversibility_unmeasured,6.218259275555555e-06,6.285087826933654e-06,0.0062558833625,
"reversibilityProtocolTest,s150x150l0.14,1e-05,1.0PBCedgeFlipt4LBFGSEpsx1e-06energyDropThreshold1e-05s0:0.92289","reversibilityProtocolTest,s150x150l0.14,1e-05,1.0PBCedgeFlipt4LBFGSEpsx1e-06energyDropThreshold1e-05s0",0,edgeFlip,,1.0000000000010001e-05,0.92289,post,0.06285727964184594,0.015975836231,False,37,reversibility_unmeasured,1.720099120711111e-05,1.7269172927909595e-05,0.20320540966,
"reversibilityProtocolTest,s150x150l0.14,1e-05,1.0PBCedgeFlipt4LBFGSEpsx1e-06energyDropThreshold1e-05s0:0.92303","reversibilityProtocolTest,s150x150l0.14,1e-05,1.0PBCedgeFlipt4LBFGSEpsx1e-06energyDropThreshold1e-05s0",0,edgeFlip,,1.0000000000010001e-05,0.92303,post,0.06285727964184594,0.021664560403,False,26,reversibility_unmeasured,2.3798725023111112e-06,2.4474562236858015e-06,0.2764836434,
"reversibilityProtocolTest,s150x150l0.14,1e-05,1.0PBCedgeFlipt4LBFGSEpsx1e-06energyDropThreshold1e-05s0:0.92364","reversibilityProtocolTest,s150x150l0.14,1e-05,1.0PBCedgeFlipt4LBFGSEpsx1e-06energyDropThreshold1e-05s0",0,edgeFlip,,1.0000000000010001e-05,0.92364,post,0.06285727964184594,0.0087453473301,False,6,reversibility_unmeasured,9.394517770222223e-07,1.0109447264678946e-06,0.16221478564,
"reversibilityProtocolTest,s150x150l0.14,1e-05,1.0PBCedgeFlipt4LBFGSEpsx1e-06energyDropThreshold1e-05s0:0.92669","reversibilityProtocolTest,s150x150l0.14,1e-05,1.0PBCedgeFlipt4LBFGSEpsx1e-06energyDropThreshold1e-05s0",0,edgeFlip,,1.0000000000010001e-05,0.92669,post,0.06285727964184594,0.07360525215,False,92,reversibility_unmeasured,9.619905716444444e-06,9.707978295347806e-06,0.027700016712,
"reversibilityProtocolTest,s150x150l0.14,1e-05,1.0PBCedgeFlipt4LBFGSEpsx1e-06energyDropThreshold1e-05s0:0.92732","reversibilityProtocolTest,s150x150l0.14,1e-05,1.0PBCedgeFlipt4LBFGSEpsx1e-06energyDropThreshold1e-05s0",0,edgeFlip,,1.0000000000010001e-05,0.92732,post,0.06285727964184594,0.036002728484,True,65,reversible_plastic,1.8954802031111113e-05,1.904330845773201e-05,0.13053294615,"/Volumes/data/MTS2D_output/reversibilityProtocolTest,s150x150l0.14,1e-05,1.0PBCedgeFlipt4LBFGSEpsx1e-06energyDropThreshold1e-05s0/data/reversibilityData/irrev_drop_l_0.92731"
"reversibilityProtocolTest,s150x150l0.14,1e-05,1.0PBCedgeFlipt4LBFGSEpsx1e-06energyDropThreshold1e-05s0:0.93023","reversibilityProtocolTest,s150x150l0.14,1e-05,1.0PBCedgeFlipt4LBFGSEpsx1e-06energyDropThreshold1e-05s0",0,edgeFlip,,1.0000000000010001e-05,0.93023,post,0.06285727964184594,0.074776915753,False,155,reversibility_unmeasured,0.00012711472817777776,0.00012722713084661893,0.19892625106,
"reversibilityProtocolTest,s150x150l0.14,1e-05,1.0PBCedgeFlipt4LBFGSEpsx1e-06energyDropThreshold1e-05s0:0.93058","reversibilityProtocolTest,s150x150l0.14,1e-05,1.0PBCedgeFlipt4LBFGSEpsx1e-06energyDropThreshold1e-05s0",0,edgeFlip,,1.0000000000010001e-05,0.93058,post,0.06285727964184594,0.019546000232,False,29,reversibility_unmeasured,1.1231426910666665e-05,1.1329416101501819e-05,0.040521237788,
"reversibilityProtocolTest,s150x150l0.14,1e-05,1.0PBCedgeFlipt4LBFGSEpsx1e-06energyDropThreshold1e-05s0:0.93206","reversibilityProtocolTest,s150x150l0.14,1e-05,1.0PBCedgeFlipt4LBFGSEpsx1e-06energyDropThreshold1e-05s0",0,edgeFlip,,1.0000000000010001e-05,0.93206,post,0.06285727964184594,0.09684301235,False,162,reversibility_unmeasured,2.3870660926666667e-05,2.3972123895734716e-05,0.094461455942,
"reversibilityProtocolTest,s150x150l0.14,1e-05,1.0PBCedgeFlipt4LBFGSEpsx1e-06energyDropThreshold1e-05s0:0.93702","reversibilityProtocolTest,s150x150l0.14,1e-05,1.0PBCedgeFlipt4LBFGSEpsx1e-06energyDropThreshold1e-05s0",0,edgeFlip,,1.0000000000010001e-05,0.93702,post,0.06285727964184594,0.029535105698,False,51,reversibility_unmeasured,2.1282364908444445e-05,2.1414832847723473e-05,0.039703516305,
"reversibilityProtocolTest,s150x150l0.14,1e-05,1.0PBCedgeFlipt4LBFGSEpsx1e-06energyDropThreshold1e-05s0:0.93843","reversibilityProtocolTest,s150x150l0.14,1e-05,1.0PBCedgeFlipt4LBFGSEpsx1e-06energyDropThreshold1e-05s0",0,edgeFlip,,1.0000000000010001e-05,0.93843,post,0.06285727964184594,0.067462725482,False,79,reversibility_unmeasured,9.764873264888888e-06,9.906951587158295e-06,0.051812867134,
"reversibilityProtocolTest,s150x150l0.14,1e-05,1.0PBCedgeFlipt4LBFGSEpsx1e-06energyDropThreshold1e-05s0:0.93862","reversibilityProtocolTest,s150x150l0.14,1e-05,1.0PBCedgeFlipt4LBFGSEpsx1e-06energyDropThreshold1e-05s0",0,edgeFlip,,1.0000000000010001e-05,0.93862,post,0.06285727964184594,0.028713746144,False,26,reversibility_unmeasured,3.020822173288889e-06,3.1638552234716777e-06,0.022228302129,
"reversibilityProtocolTest,s150x150l0.14,1e-05,1.0PBCedgeFlipt4LBFGSEpsx1e-06energyDropThreshold1e-05s0:0.94172","reversibilityProtocolTest,s150x150l0.14,1e-05,1.0PBCedgeFlipt4LBFGSEpsx1e-06energyDropThreshold1e-05s0",0,edgeFlip,,1.0000000000010001e-05,0.94172,post,0.06285727964184594,0.13547406288,False,204,reversibility_unmeasured,0.0001638263536,0.00016398484423233917,0.26156700336,
"reversibilityProtocolTest,s150x150l0.14,1e-05,1.0PBCedgeFlipt4LBFGSEpsx1e-06energyDropThreshold1e-05s0:0.94304","reversibilityProtocolTest,s150x150l0.14,1e-05,1.0PBCedgeFlipt4LBFGSEpsx1e-06energyDropThreshold1e-05s0",0,edgeFlip,,1.0000000000010001e-05,0.94304,post,0.06285727964184594,0.097376838286,False,51,reversibility_unmeasured,5.124297706222222e-06,5.263369287983247e-06,0.276760139,
"reversibilityProtocolTest,s150x150l0.14,1e-05,1.0PBCedgeFlipt4LBFGSEpsx1e-06energyDropThreshold1e-05s0:0.94334","reversibilityProtocolTest,s150x150l0.14,1e-05,1.0PBCedgeFlipt4LBFGSEpsx1e-06energyDropThreshold1e-05s0",0,edgeFlip,,1.0000000000010001e-05,0.94334,post,0.06285727964184594,0.066595109434,False,23,reversibility_unmeasured,6.078285381333334e-07,7.485476049029987e-07,0.15985033767,
"reversibilityProtocolTest,s150x150l0.14,1e-05,1.0PBCedgeFlipt4LBFGSEpsx1e-06energyDropThreshold1e-05s0:0.94453","reversibilityProtocolTest,s150x150l0.14,1e-05,1.0PBCedgeFlipt4LBFGSEpsx1e-06energyDropThreshold1e-05s0",0,edgeFlip,,1.0000000000010001e-05,0.94453,post,0.06285727964184594,0.13858723388,False,237,reversibility_unmeasured,0.00023740544558666668,0.00023755080247245182,0.26984393128,
"reversibilityProtocolTest,s150x150l0.14,1e-05,1.0PBCedgeFlipt4LBFGSEpsx1e-06energyDropThreshold1e-05s0:0.94748","reversibilityProtocolTest,s150x150l0.14,1e-05,1.0PBCedgeFlipt4LBFGSEpsx1e-06energyDropThreshold1e-05s0",0,edgeFlip,,1.0000000000010001e-05,0.94748,post,0.06285727964184594,0.23918459351,False,19,reversibility_unmeasured,4.026978701111111e-08,1.6613685860294128e-07,0.27096470681,
"reversibilityProtocolTest,s150x150l0.14,1e-05,1.0PBCedgeFlipt4LBFGSEpsx1e-06energyDropThreshold1e-05s0:0.94752","reversibilityProtocolTest,s150x150l0.14,1e-05,1.0PBCedgeFlipt4LBFGSEpsx1e-06energyDropThreshold1e-05s0",0,edgeFlip,,1.0000000000010001e-05,0.94752,post,0.06285727964184594,0.13708271156,False,202,reversibility_unmeasured,9.891014965777777e-05,9.9035075651865e-05,0.31341422382,
"reversibilityProtocolTest,s150x150l0.14,1e-05,1.0PBCedgeFlipt4LBFGSEpsx1e-06energyDropThreshold1e-05s0:0.94961","reversibilityProtocolTest,s150x150l0.14,1e-05,1.0PBCedgeFlipt4LBFGSEpsx1e-06energyDropThreshold1e-05s0",0,edgeFlip,,1.0000000000010001e-05,0.94961,post,0.06285727964184594,0.2588348233,True,49,irreversible_plastic,7.069879059555556e-06,7.193595864029905e-06,0.27755052309,"/Volumes/data/MTS2D_output/reversibilityProtocolTest,s150x150l0.14,1e-05,1.0PBCedgeFlipt4LBFGSEpsx1e-06energyDropThreshold1e-05s0/data/reversibilityData/irrev_drop_l_0.94960"
"reversibilityProtocolTest,s150x150l0.14,1e-05,1.0PBCedgeFlipt4LBFGSEpsx1e-06energyDropThreshold1e-05s0:0.95227","reversibilityProtocolTest,s150x150l0.14,1e-05,1.0PBCedgeFlipt4LBFGSEpsx1e-06energyDropThreshold1e-05s0",0,edgeFlip,,1.0000000000010001e-05,0.95227,post,0.06285727964184594,0.41646688009,True,22,irreversible_plastic,3.7311517136888885e-06,3.86425161700951e-06,0.27901459349,"/Volumes/data/MTS2D_output/reversibilityProtocolTest,s150x150l0.14,1e-05,1.0PBCedgeFlipt4LBFGSEpsx1e-06energyDropThreshold1e-05s0/data/reversibilityData/irrev_drop_l_0.95226"
"reversibilityProtocolTest,s150x150l0.14,1e-05,1.0PBCedgeFlipt4LBFGSEpsx1e-06energyDropThreshold1e-05s0:0.95276","reversibilityProtocolTest,s150x150l0.14,1e-05,1.0PBCedgeFlipt4LBFGSEpsx1e-06energyDropThreshold1e-05s0",0,edgeFlip,,1.0000000000010001e-05,0.95276,post,0.06285727964184594,0.44827901318,False,880,reversibility_unmeasured,0.0008984620310222222,0.0008985937186382254,0.32990941137,
"reversibilityProtocolTest,s150x150l0.14,1e-05,1.0PBCedgeFlipt4LBFGSEpsx1e-06energyDropThreshold1e-05s0:0.95767","reversibilityProtocolTest,s150x150l0.14,1e-05,1.0PBCedgeFlipt4LBFGSEpsx1e-06energyDropThreshold1e-05s0",0,edgeFlip,,1.0000000000010001e-05,0.95767,post,0.06285727964184594,0.067388234277,False,83,reversibility_unmeasured,2.2282167854666667e-05,2.2395413820898587e-05,0.40969661859,
"reversibilityProtocolTest,s150x150l0.14,1e-05,1.0PBCedgeFlipt4LBFGSEpsx1e-06energyDropThreshold1e-05s0:0.96072","reversibilityProtocolTest,s150x150l0.14,1e-05,1.0PBCedgeFlipt4LBFGSEpsx1e-06energyDropThreshold1e-05s0",0,edgeFlip,,1.0000000000010001e-05,0.96072,post,0.06285727964184594,0.01600204129,False,19,reversibility_unmeasured,3.622170597422222e-07,4.820818238082818e-07,0.41678481709,
"reversibilityProtocolTest,s150x150l0.14,1e-05,1.0PBCedgeFlipt4LBFGSEpsx1e-06energyDropThreshold1e-05s0:0.96319","reversibilityProtocolTest,s150x150l0.14,1e-05,1.0PBCedgeFlipt4LBFGSEpsx1e-06energyDropThreshold1e-05s0",0,edgeFlip,,1.0000000000010001e-05,0.96319,post,0.06285727964184594,0.28286084011,False,214,reversibility_unmeasured,0.00029210337886666666,0.0002922391552554422,0.30820790092,
"reversibilityProtocolTest,s150x150l0.14,1e-05,1.0PBCedgeFlipt4LBFGSEpsx1e-06energyDropThreshold1e-05s0:0.96349","reversibilityProtocolTest,s150x150l0.14,1e-05,1.0PBCedgeFlipt4LBFGSEpsx1e-06energyDropThreshold1e-05s0",0,edgeFlip,,1.0000000000010001e-05,0.96349,post,0.06285727964184594,0.3053430679,False,96,reversibility_unmeasured,5.329012546222222e-05,5.34047464188638e-05,0.35947716467,
"reversibilityProtocolTest,s150x150l0.14,1e-05,1.0PBCedgeFlipt4LBFGSEpsx1e-06energyDropThreshold1e-05s0:0.96628","reversibilityProtocolTest,s150x150l0.14,1e-05,1.0PBCedgeFlipt4LBFGSEpsx1e-06energyDropThreshold1e-05s0",0,edgeFlip,,1.0000000000010001e-05,0.96628,post,0.06285727964184594,0.080059110256,False,199,reversibility_unmeasured,0.00014807774305333334,0.00014820935189486086,0.25738944894,
"reversibilityProtocolTest,s150x150l0.14,1e-05,1.0PBCedgeFlipt4LBFGSEpsx1e-06energyDropThreshold1e-05s0:0.96761","reversibilityProtocolTest,s150x150l0.14,1e-05,1.0PBCedgeFlipt4LBFGSEpsx1e-06energyDropThreshold1e-05s0",0,edgeFlip,,1.0000000000010001e-05,0.96761,post,0.06285727964184594,0.09956959617,True,193,irreversible_plastic,6.418408134222222e-05,6.430657158750945e-05,0.32962339326,"/Volumes/data/MTS2D_output/reversibilityProtocolTest,s150x150l0.14,1e-05,1.0PBCedgeFlipt4LBFGSEpsx1e-06energyDropThreshold1e-05s0/data/reversibilityData/irrev_drop_l_0.96760"
"reversibilityProtocolTest,s150x150l0.14,1e-05,1.0PBCedgeFlipt4LBFGSEpsx1e-06energyDropThreshold1e-05s0:0.96856","reversibilityProtocolTest,s150x150l0.14,1e-05,1.0PBCedgeFlipt4LBFGSEpsx1e-06energyDropThreshold1e-05s0",0,edgeFlip,,1.0000000000010001e-05,0.96856,post,0.06285727964184594,0.2734083791,False,427,reversibility_unmeasured,0.0004286297273244444,0.0004287654132682885,0.31705584798,
"reversibilityProtocolTest,s150x150l0.14,1e-05,1.0PBCedgeFlipt4LBFGSEpsx1e-06energyDropThreshold1e-05s0:0.97254","reversibilityProtocolTest,s150x150l0.14,1e-05,1.0PBCedgeFlipt4LBFGSEpsx1e-06energyDropThreshold1e-05s0",0,edgeFlip,,1.0000000000010001e-05,0.97254,post,0.06285727964184594,0.16518374519,False,158,reversibility_unmeasured,0.00013094203884444445,0.00013101549374085203,0.23379074028,
"reversibilityProtocolTest,s150x150l0.14,1e-05,1.0PBCedgeFlipt4LBFGSEpsx1e-06energyDropThreshold1e-05s0:0.97623","reversibilityProtocolTest,s150x150l0.14,1e-05,1.0PBCedgeFlipt4LBFGSEpsx1e-06energyDropThreshold1e-05s0",0,edgeFlip,,1.0000000000010001e-05,0.97623,post,0.06285727964184594,0.3273540903,True,76,irreversible_plastic,2.543856933288889e-05,2.5517792354704245e-05,0.32867972093,"/Volumes/data/MTS2D_output/reversibilityProtocolTest,s150x150l0.14,1e-05,1.0PBCedgeFlipt4LBFGSEpsx1e-06energyDropThreshold1e-05s0/data/reversibilityData/irrev_drop_l_0.97622"
"reversibilityProtocolTest,s150x150l0.14,1e-05,1.0PBCedgeFlipt4LBFGSEpsx1e-06energyDropThreshold1e-05s0:0.9766","reversibilityProtocolTest,s150x150l0.14,1e-05,1.0PBCedgeFlipt4LBFGSEpsx1e-06energyDropThreshold1e-05s0",0,edgeFlip,,1.0000000000010001e-05,0.9766,post,0.06285727964184594,0.26361983465,False,521,reversibility_unmeasured,0.0005776056687555556,0.0005776944388436706,0.21575597382,
"reversibilityProtocolTest,s150x150l0.14,1e-05,1.0PBCedgeFlipt4LBFGSEpsx1e-06energyDropThreshold1e-05s0:0.98201","reversibilityProtocolTest,s150x150l0.14,1e-05,1.0PBCedgeFlipt4LBFGSEpsx1e-06energyDropThreshold1e-05s0",0,edgeFlip,,1.0000000000010001e-05,0.98201,post,0.06285727964184594,0.060599972071,False,79,reversibility_unmeasured,1.626001391911111e-05,1.6345891149193094e-05,0.31321069849,
"reversibilityProtocolTest,s150x150l0.14,1e-05,1.0PBCedgeFlipt4LBFGSEpsx1e-06energyDropThreshold1e-05s0:0.98367","reversibilityProtocolTest,s150x150l0.14,1e-05,1.0PBCedgeFlipt4LBFGSEpsx1e-06energyDropThreshold1e-05s0",0,edgeFlip,,1.0000000000010001e-05,0.98367,post,0.06285727964184594,0.059037421312,False,75,reversibility_unmeasured,3.606965192133333e-05,3.616089197416841e-05,0.31754988161,
"reversibilityProtocolTest,s150x150l0.14,1e-05,1.0PBCedgeFlipt4LBFGSEpsx1e-06energyDropThreshold1e-05s0:0.98535","reversibilityProtocolTest,s150x150l0.14,1e-05,1.0PBCedgeFlipt4LBFGSEpsx1e-06energyDropThreshold1e-05s0",0,edgeFlip,,1.0000000000010001e-05,0.98535,post,0.06285727964184594,0.01891415217,False,30,reversibility_unmeasured,3.2542881754666668e-06,3.361022025338419e-06,0.35604995924,
"reversibilityProtocolTest,s150x150l0.14,1e-05,1.0PBCedgeFlipt4LBFGSEpsx1e-06energyDropThreshold1e-05s0:0.98844","reversibilityProtocolTest,s150x150l0.14,1e-05,1.0PBCedgeFlipt4LBFGSEpsx1e-06energyDropThreshold1e-05s0",0,edgeFlip,,1.0000000000010001e-05,0.98844,post,0.06285727964184594,0.063685706497,False,193,reversibility_unmeasured,9.852154600888889e-05,9.864634576848756e-05,0.32769884656,
"reversibilityProtocolTest,s150x150l0.14,1e-05,1.0PBCedgeFlipt4LBFGSEpsx1e-06energyDropThreshold1e-05s0:0.98986","reversibilityProtocolTest,s150x150l0.14,1e-05,1.0PBCedgeFlipt4LBFGSEpsx1e-06energyDropThreshold1e-05s0",0,edgeFlip,,1.0000000000010001e-05,0.98986,post,0.06285727964184594,0.068504956627,False,103,reversibility_unmeasured,1.9677549442222224e-05,1.9797952410330154e-05,0.35475149921,
"reversibilityProtocolTest,s150x150l0.14,1e-05,1.0PBCedgeFlipt4LBFGSEpsx1e-06energyDropThreshold1e-05s0:0.99399","reversibilityProtocolTest,s150x150l0.14,1e-05,1.0PBCedgeFlipt4LBFGSEpsx1e-06energyDropThreshold1e-05s0",0,edgeFlip,,1.0000000000010001e-05,0.99399,post,0.06285727964184594,0.88027173251,False,147,reversibility_unmeasured,0.00016424028648888889,0.0001643752532281332,0.50797160216,
"reversibilityProtocolTest,s150x150l0.14,1e-05,1.0PBCedgeFlipt4LBFGSEpsx1e-06energyDropThreshold1e-05s0:0.99456","reversibilityProtocolTest,s150x150l0.14,1e-05,1.0PBCedgeFlipt4LBFGSEpsx1e-06energyDropThreshold1e-05s0",0,edgeFlip,,1.0000000000010001e-05,0.99456,post,0.06285727964184594,0.88643129632,False,1057,reversibility_unmeasured,0.0014384460869777778,0.0014385739894037632,0.27003776806,
"reversibilityProtocolTest,s150x150l0.14,1e-05,1.0PBCedgeFlipt4LBFGSEpsx1e-06energyDropThreshold1e-05s0:0.99843","reversibilityProtocolTest,s150x150l0.14,1e-05,1.0PBCedgeFlipt4LBFGSEpsx1e-06energyDropThreshold1e-05s0",0,edgeFlip,,1.0000000000010001e-05,0.99843,post,0.06285727964184594,0.098185114426,False,26,reversibility_unmeasured,1.1138927375111112e-06,1.1055826280413485e-06,0.44393147472,
"reversibilityProtocolTest,s150x150l0.14,1e-05,1.0PBCedgeFlipt4LBFGSEpsx1e-06energyDropThreshold1e-05s0:0.9988","reversibilityProtocolTest,s150x150l0.14,1e-05,1.0PBCedgeFlipt4LBFGSEpsx1e-06energyDropThreshold1e-05s0",0,edgeFlip,,1.0000000000010001e-05,0.9988,post,0.06285727964184594,0.089983069765,False,135,reversibility_unmeasured,6.069089022222222e-05,6.068339265825797e-05,0.3394029584,
