{"alpha": 0.19527588004108845, "alpha_std": 0.014189816327201673, "Lambda": 14773.132076024267, "Lambda_std": 341.9579352792391, "D": 0.015837916736951434, "D_std": 0.0034184362957535683, "xmin": 1.0000000000000002e-06, "xmin_std": 2.117582368135751e-22, "V": 0.027721517447436523, "V_std": 0.005752356450001594, "Asquare": 0.9679842852836945, "Asquare_std": 0.5656637774586722, "Kappa": 1.003104738382453, "Kappa_std": 0.0011568974193228573}