{"alpha": 0.9456472046697757, "alpha_std": 0.024843735751239965, "Lambda": 608.272013816213, "Lambda_std": 70.26401795973119, "D": 0.05651075557404912, "D_std": 0.005562413641990873, "xmin": 1.0000000000000003e-05, "xmin_std": 1.6940658945086007e-21, "V": 0.09408684070128961, "V_std": 0.00927286636090708, "Asquare": 7.590350431669892, "Asquare_std": 1.4334892431883635, "Kappa": 1.0001785878880094, "Kappa_std": 0.0006022024584746249}