{"alpha": 0.8966404047702172, "alpha_std": 0.023459303341515143, "Lambda": 1333.439890147465, "Lambda_std": 85.6986774252463, "D": 0.021359814960822426, "D_std": 0.004278242985646532, "xmin": 1.0000000000000003e-05, "xmin_std": 1.6940658945086007e-21, "V": 0.039590338162443915, "V_std": 0.0077861963061279, "Asquare": 0.6760705499342171, "Asquare_std": 0.3084832993592146, "Kappa": 0.9992050658488999, "Kappa_std": 0.00047022208760262205}