{"lognormal": {"D": 0.044203650773408446, "D_std": 0.005709314155031707, "xmin": 0.0005000000000000001, "xmin_std": 1.0842021724855044e-19, "V": 0.06525826597654948, "V_std": 0.007579707701595469, "Asquare": 2.0867422766673607, "Asquare_std": 0.7122726384814709, "Kappa": 1.009275271487443, "Kappa_std": 0.0009618936814927974, "mu": -6.531497379805349, "mu_std": 0.1175981011992088, "sigma": 1.9853661809284275, "sigma_std": 0.061465392186568366}, "exponential": {"D": 0.30517719918916786, "D_std": 0.014655169683120549, "xmin": 0.0005000000000000001, "xmin_std": 1.0842021724855044e-19, "V": 0.3454021328100191, "V_std": 0.015350805926295858, "Asquare": 7078.270856284202, "Asquare_std": 7546.805252312689, "Kappa": 0.8423963615428608, "Kappa_std": 0.008447759826686671, "Lambda": 89.80232113298962, "Lambda_std": 4.528747908433059}, "truncated_power_law": {"D": 0.0282165616087214, "D_std": 0.006632956772889706, "xmin": 0.0005000000000000001, "xmin_std": 1.0842021724855044e-19, "V": 0.04650739317978896, "V_std": 0.009145555298788716, "Asquare": 1.1360775460451922, "Asquare_std": 0.9163275682966395, "Kappa": 1.001416881674592, "Kappa_std": 0.0004728241548665168, "alpha": 1.1557660195119301, "alpha_std": 0.02181423818034047, "Lambda": 14.065545508223831, "Lambda_std": 1.5829890557458284}, "power_law": {"D": 0.13587681479879338, "D_std": 0.007604266648710482, "xmin": 0.0005000000000000001, "xmin_std": 1.0842021724855044e-19, "V": 0.14426031142354723, "V_std": 0.008198928777303556, "Asquare": 28.707447150651895, "Asquare_std": 2.2387846088814602, "Kappa": 1.077291639766944, "Kappa_std": 0.0026935972273047473, "alpha": 1.4896127135393797, "alpha_std": 0.006136675029668912}, "stretched_exponential": {"D": 0.03051792420072157, "D_std": 0.006071055861944265, "xmin": 0.0005000000000000001, "xmin_std": 1.0842021724855044e-19, "V": 0.05194003571905852, "V_std": 0.008653204538359893, "Asquare": 1.252400554649871, "Asquare_std": 0.7524701552736985, "Kappa": 1.0034377223960926, "Kappa_std": 0.0005011095018474687, "Lambda": 1066.1771929571926, "Lambda_std": 245.8343602723632, "beta": 0.3382837979282332, "beta_std": 0.015586889212075957}}