{"alpha": 0.5950836724277672, "alpha_std": 0.04689669306088686, "Lambda": 2589.4798020687585, "Lambda_std": 243.41205491755872, "D": 0.03223302775823602, "D_std": 0.005564834864718723, "xmin": 1.0000000000000003e-05, "xmin_std": 1.6940658945086007e-21, "V": 0.057968661595005175, "V_std": 0.009569769934279285, "Asquare": 273646.3683416439, "Asquare_std": 322119.4410954802, "Kappa": 1.0036600595599416, "Kappa_std": 0.0008647933435203662}