{"alpha": 0.2028794408167646, "alpha_std": 0.021836862587759753, "Lambda": 14885.170088093579, "Lambda_std": 415.68629072923824, "D": 0.01580706627470458, "D_std": 0.0029559329324625274, "xmin": 1.0000000000000002e-06, "xmin_std": 2.117582368135751e-22, "V": 0.028294414135609992, "V_std": 0.005476084563587003, "Asquare": 1.011478685667057, "Asquare_std": 0.47651682591865213, "Kappa": 1.0028022807938128, "Kappa_std": 0.0012520748198046857}