{"alpha": 0.752206833235175, "alpha_std": 0.016147596368907655, "Lambda": 1396.984566030332, "Lambda_std": 127.22142273050235, "D": 0.034151346878936006, "D_std": 0.00611108539049311, "xmin": 5.000000000000001e-07, "xmin_std": 1.0587911840678754e-22, "V": 0.055621208961981375, "V_std": 0.010188803110156932, "Asquare": 9999.382488573287, "Asquare_std": 11482.342831190286, "Kappa": 0.9970582461959033, "Kappa_std": 0.0020383480997375456}