{"alpha": 0.7542115713887196, "alpha_std": 0.009423504247786358, "Lambda": 3105.564409655431, "Lambda_std": 111.9135571886404, "D": 0.04418757139552978, "D_std": 0.0036659899265525228, "xmin": 5.000000000000001e-07, "xmin_std": 1.0587911840678754e-22, "V": 0.0794829262191972, "V_std": 0.005624506486231034, "Asquare": 5.50870423257386, "Asquare_std": 0.8615166897681883, "Kappa": 1.0062316693135667, "Kappa_std": 0.0008101277524186176}