{"alpha": 0.8292618683628182, "alpha_std": 0.00904076004260559, "Lambda": 1226.4349143466434, "Lambda_std": 81.87289316653708, "D": 0.03078820066378334, "D_std": 0.003833256444018158, "xmin": 5.000000000000001e-07, "xmin_std": 1.0587911840678754e-22, "V": 0.054493865898247715, "V_std": 0.005172421648401905, "Asquare": 2.45420054199164, "Asquare_std": 0.5783549587477639, "Kappa": 0.9921044006746064, "Kappa_std": 0.0012524068719283645}