{"alpha": 0.5446520088763734, "alpha_std": 0.005465753820431595, "Lambda": 98.57454111771347, "Lambda_std": 2.000518392013968, "D": 0.06958935761303506, "D_std": 0.006320819443967519, "xmin": 1.0000000000000002e-06, "xmin_std": 2.117582368135751e-22, "V": 0.11492451183240371, "V_std": 0.00804549943064616, "Asquare": 14.741323883793694, "Asquare_std": 2.069990782206737, "Kappa": 0.991193467865485, "Kappa_std": 0.0015643321374463701}