{"alpha": 0.8123493945381165, "alpha_std": 0.011051270072299902, "Lambda": 1577.7460789120673, "Lambda_std": 76.17506901502375, "D": 0.02931771474475527, "D_std": 0.0030936259653558708, "xmin": 5.000000000000001e-07, "xmin_std": 1.0587911840678754e-22, "V": 0.054335408354534744, "V_std": 0.005158348851611009, "Asquare": 1.7007981938321273, "Asquare_std": 0.3030256064509217, "Kappa": 0.99304331427594, "Kappa_std": 0.000817877208558696}