{"lognormal": {"D": 0.034928168673307405, "D_std": 0.0033472660295173454, "xmin": 1e-07, "xmin_std": 0.0, "V": 0.0543221645758805, "V_std": 0.004037541223291217, "Asquare": 3.712735575925868, "Asquare_std": 0.6601267030006698, "Kappa": 1.0117586367083242, "Kappa_std": 0.0008742297331294585, "mu": -10.461129215965029, "mu_std": 0.023241831858976405, "sigma": 2.1946017504661617, "sigma_std": 0.02434084811057824}, "exponential": {"D": 0.3309179958530454, "D_std": 0.00779677952532353, "xmin": 1e-07, "xmin_std": 0.0, "V": 0.3778575785464757, "V_std": 0.007299783481782674, "Asquare": 498717.3930778968, "Asquare_std": 434527.13659476064, "Kappa": 0.827567413076707, "Kappa_std": 0.005735923040182092, "Lambda": 5805.727733168114, "Lambda_std": 234.31574511958172}, "truncated_power_law": {"D": 0.05686204749224459, "D_std": 0.0057321981739859515, "xmin": 1e-07, "xmin_std": 0.0, "V": 0.10236142949950033, "V_std": 0.007374562166356941, "Asquare": 9.406562617528419, "Asquare_std": 1.3185488778852106, "Kappa": 0.9782202567341672, "Kappa_std": 0.0015226113065483025, "alpha": 0.7505488110612911, "alpha_std": 0.007988274273267407, "Lambda": 1656.844117427728, "Lambda_std": 100.50664194287529}, "power_law": {"D": 0.2942632879659274, "D_std": 0.0041827536035147035, "xmin": 1e-07, "xmin_std": 0.0, "V": 0.46153167446722143, "V_std": 0.005335118588748305, "Asquare": 164.6512217270943, "Asquare_std": 4.144003576765644, "Kappa": 1.0492261916180725, "Kappa_std": 0.0012632417972255495, "alpha": 1.1757867127162025, "alpha_std": 0.0006888919303969703}, "stretched_exponential": {"D": 0.025611260301863913, "D_std": 0.002994628567876827, "xmin": 1e-07, "xmin_std": 0.0, "V": 0.0476016082618321, "V_std": 0.0045278377025745695, "Asquare": 1.3198095767993805, "Asquare_std": 0.30385187616537057, "Kappa": 0.9955163450002799, "Kappa_std": 0.0009158848994789256, "Lambda": 14289.067865826044, "Lambda_std": 360.7461852296295, "beta": 0.4635528526742709, "beta_std": 0.006479154635373297}}