{"lognormal": {"D": 0.03156434764436965, "D_std": 0.004877267029386941, "xmin": 0.0005000000000000001, "xmin_std": 1.0842021724855044e-19, "V": 0.05081810795420823, "V_std": 0.008128527858982087, "Asquare": 1.574853908803031, "Asquare_std": 0.28846153567881455, "Kappa": 1.0091082495353345, "Kappa_std": 0.00129108435298718, "mu": -6.800758615680993, "mu_std": 0.12293469120802732, "sigma": 2.109134069168079, "sigma_std": 0.04099241808663735}, "exponential": {"D": 0.32011313491539234, "D_std": 0.008341814352762433, "xmin": 0.0005000000000000001, "xmin_std": 1.0842021724855044e-19, "V": 0.3727927438587646, "V_std": 0.007169087948396762, "Asquare": 960.4459027153043, "Asquare_std": 449.35003052048637, "Kappa": 0.828912290552881, "Kappa_std": 0.004544109539837034, "Lambda": 88.30412645223514, "Lambda_std": 4.071770440222283}, "truncated_power_law": {"D": 0.022774076903410923, "D_std": 0.0030721921359233633, "xmin": 0.0005000000000000001, "xmin_std": 1.0842021724855044e-19, "V": 0.04199648321849413, "V_std": 0.005838738089510492, "Asquare": 0.6144170592523448, "Asquare_std": 0.1404011982470234, "Kappa": 1.0018218471364264, "Kappa_std": 0.0003966144597911422, "alpha": 1.1981947555855725, "alpha_std": 0.020547084770198714, "Lambda": 11.952552175808956, "Lambda_std": 0.691345728443486}, "power_law": {"D": 0.13042244373676196, "D_std": 0.004828355666356802, "xmin": 0.0005000000000000001, "xmin_std": 1.0842021724855044e-19, "V": 0.1344399092145439, "V_std": 0.005227224080369875, "Asquare": 24.09978299477834, "Asquare_std": 2.524581042896302, "Kappa": 1.0726877714104874, "Kappa_std": 0.0037023644242489507, "alpha": 1.4976931485354048, "alpha_std": 0.00932588988941743}, "stretched_exponential": {"D": 0.023969698398541003, "D_std": 0.0034742499572060796, "xmin": 0.0005000000000000001, "xmin_std": 1.0842021724855044e-19, "V": 0.04149018996216865, "V_std": 0.00652853000946937, "Asquare": 0.8989137822340411, "Asquare_std": 0.1509156753146658, "Kappa": 1.0035969002779028, "Kappa_std": 0.0006546965537564866, "Lambda": 1758.2997880499963, "Lambda_std": 417.41877381724413, "beta": 0.30648998819285717, "beta_std": 0.010376233348501022}}