{"alpha": 0.548975258692319, "alpha_std": 0.009438562039909983, "Lambda": 100.04032732767868, "Lambda_std": 3.563161473310437, "D": 0.06789274971142314, "D_std": 0.004560153249803435, "xmin": 1.0000000000000002e-06, "xmin_std": 2.117582368135751e-22, "V": 0.10985247259540772, "V_std": 0.005639515999394592, "Asquare": 13.190421094713983, "Asquare_std": 1.5657891556392982, "Kappa": 0.9877288052709732, "Kappa_std": 0.0013108841713036336}