{"lognormal": {"D": 0.037518351199995484, "D_std": 0.0036167500401272446, "xmin": 1e-07, "xmin_std": 0.0, "V": 0.059694305370831105, "V_std": 0.004433629852523165, "Asquare": 4.172579155661628, "Asquare_std": 0.7263442300887581, "Kappa": 1.0115366301453999, "Kappa_std": 0.001289020236505373, "mu": -10.172168990512883, "mu_std": 0.04484260340819501, "sigma": 2.292197853024958, "sigma_std": 0.029706421006648845}, "exponential": {"D": 0.3664269352417335, "D_std": 0.010684684928366203, "xmin": 1e-07, "xmin_std": 0.0, "V": 0.3997222729460632, "V_std": 0.010268818528945027, "Asquare": 54432393.09396318, "Asquare_std": 23277110.639719725, "Kappa": 0.7893860371555335, "Kappa_std": 0.006358922549800747, "Lambda": 3389.1280751421, "Lambda_std": 146.8108007516191}, "truncated_power_law": {"D": 0.06264217551769997, "D_std": 0.004151479572474137, "xmin": 1e-07, "xmin_std": 0.0, "V": 0.11615145028510838, "V_std": 0.007761209109998738, "Asquare": 60.65179840728065, "Asquare_std": 53.7679782841397, "Kappa": 0.9738500055269679, "Kappa_std": 0.0017421591125773767, "alpha": 0.7911076516113559, "alpha_std": 0.010005170439874504, "Lambda": 836.7777348416269, "Lambda_std": 53.8033455955652}, "power_law": {"D": 0.296490453013991, "D_std": 0.004905026084824055, "xmin": 1e-07, "xmin_std": 0.0, "V": 0.46328397211953354, "V_std": 0.007068164645298956, "Asquare": 170.46219026559706, "Asquare_std": 6.282337030278043, "Kappa": 1.0573904743521125, "Kappa_std": 0.0026877253300176544, "alpha": 1.1672920439112264, "alpha_std": 0.0011788667544428792}, "stretched_exponential": {"D": 0.0251074732735967, "D_std": 0.0033738491827408875, "xmin": 1e-07, "xmin_std": 0.0, "V": 0.045535985208110016, "V_std": 0.005835161918748494, "Asquare": 1.2629018723014647, "Asquare_std": 0.352269239446946, "Kappa": 0.9956583421734819, "Kappa_std": 0.0008997892559260143, "Lambda": 10400.064837401294, "Lambda_std": 510.3596786589863, "beta": 0.43485502142358967, "beta_std": 0.007501219114682094}}