{"alpha": 0.9026821955307909, "alpha_std": 0.007320917745352717, "Lambda": 586.6669619294981, "Lambda_std": 20.919263638436806, "D": 0.04602157265409404, "D_std": 0.004105638971067645, "xmin": 1.0000000000000002e-06, "xmin_std": 2.117582368135751e-22, "V": 0.08569981095115822, "V_std": 0.007265801105871436, "Asquare": 14.170540707511492, "Asquare_std": 12.545672890363926, "Kappa": 0.9904842220653917, "Kappa_std": 0.0008355685208104817}