{"lognormal": {"D": 0.04206398230748018, "D_std": 0.0038994279393944867, "xmin": 1e-07, "xmin_std": 0.0, "V": 0.06544950527428503, "V_std": 0.004154370323618403, "Asquare": 4.595073615030444, "Asquare_std": 0.40180863229185687, "Kappa": 1.0133053246389956, "Kappa_std": 0.0005666306411414484, "mu": -10.39932211849043, "mu_std": 0.035604943590902785, "sigma": 2.1833688785382543, "sigma_std": 0.014429203202273547}, "exponential": {"D": 0.3117538052712785, "D_std": 0.005421468872444353, "xmin": 1e-07, "xmin_std": 0.0, "V": 0.3626849206803537, "V_std": 0.006770508523977875, "Asquare": 30032.828585549538, "Asquare_std": 38018.81617635632, "Kappa": 0.8405708355919412, "Kappa_std": 0.0012512095213286082, "Lambda": 5820.981133895654, "Lambda_std": 141.21127637589635}, "truncated_power_law": {"D": 0.05058159413233174, "D_std": 0.003728341630027472, "xmin": 1e-07, "xmin_std": 0.0, "V": 0.09387359876476642, "V_std": 0.0049388267055816585, "Asquare": 6.499678407831287, "Asquare_std": 0.4036855340860583, "Kappa": 0.9814345257974354, "Kappa_std": 0.0005461070875203612, "alpha": 0.7318632998449668, "alpha_std": 0.006193234494713416, "Lambda": 1750.3427226062627, "Lambda_std": 42.25099263648529}, "power_law": {"D": 0.2968813656180801, "D_std": 0.0033789902999144007, "xmin": 1e-07, "xmin_std": 0.0, "V": 0.47016024489148156, "V_std": 0.004511197139861415, "Asquare": 157.3775614690885, "Asquare_std": 5.614181287338774, "Kappa": 1.053386706775091, "Kappa_std": 0.0027248984416421, "alpha": 1.174003977590255, "alpha_std": 0.0010132021005902119}, "stretched_exponential": {"D": 0.024514841003390332, "D_std": 0.002734803659521766, "xmin": 1e-07, "xmin_std": 0.0, "V": 0.045055201474515985, "V_std": 0.004352906740558557, "Asquare": 1.1211223933717513, "Asquare_std": 0.31250187538222884, "Kappa": 0.9969628144761964, "Kappa_std": 0.0003800657842262413, "Lambda": 13309.092003296024, "Lambda_std": 491.50262423685984, "beta": 0.47525976116616375, "beta_std": 0.004819564150907613}}