{"lognormal": {"D": 0.21275656341524085, "D_std": 0.0008001197498555214, "xmin": 1.0000000000000002e-06, "xmin_std": 2.117582368135751e-22, "V": 0.2886137888000156, "V_std": 0.001980572243098593, "Asquare": 358155131.56416225, "Asquare_std": 22912586.953868166, "Kappa": 1.003607838039743, "Kappa_std": 4.848191445826344e-05, "mu": -10.840151185997184, "mu_std": 0.0012252314563066381, "sigma": 0.8448717127674288, "sigma_std": 0.0036470706413792523}, "exponential": {"D": 0.41348305290851817, "D_std": 0.005062736092381952, "xmin": 1.0000000000000002e-06, "xmin_std": 2.117582368135751e-22, "V": 0.5408022786436197, "V_std": 0.0030687561709150666, "Asquare": 2635983781.30153, "Asquare_std": 196865677.84172642, "Kappa": 0.9931842124833441, "Kappa_std": 0.0002823093769112116, "Lambda": 15132.015958891436, "Lambda_std": 257.7141488326879}, "truncated_power_law": {"D": 0.4159837537172037, "D_std": 0.0038509984110436405, "xmin": 1.0000000000000002e-06, "xmin_std": 2.117582368135751e-22, "V": 0.6510711169153466, "V_std": 0.0035193850041284214, "Asquare": 64332286.05631606, "Asquare_std": 11626930.871827392, "Kappa": 0.9848298590477281, "Kappa_std": 0.0009016567583918168, "alpha": 1.0466323351736695, "alpha_std": 0.013790940620870107, "Lambda": 1366.7355720159753, "Lambda_std": 159.93066033543428}, "power_law": {"D": 0.5386992620366897, "D_std": 0.00014999056695512973, "xmin": 1.0000000000000002e-06, "xmin_std": 2.117582368135751e-22, "V": 0.7243807734899507, "V_std": 0.00036301354722521726, "Asquare": 54.107698633000645, "Asquare_std": 0.7969556578549635, "Kappa": 0.9327543492489531, "Kappa_std": 0.00036418310270832255, "alpha": 1.3360158735962089, "alpha_std": 0.00014122235447429146}, "stretched_exponential": {"D": 0.38966419615033454, "D_std": 0.0013266475044452731, "xmin": 1.0000000000000002e-06, "xmin_std": 2.117582368135751e-22, "V": 0.5370397210543896, "V_std": 0.001998402844288694, "Asquare": 169757692.2479871, "Asquare_std": 7863449.745863348, "Kappa": 0.9994084456745427, "Kappa_std": 8.277917487222337e-05, "Lambda": 51147.990044916245, "Lambda_std": 587.4876487229217, "beta": 0.5282462719110832, "beta_std": 0.005792438664796447}}