{"lognormal": {"D": 0.05488832215379241, "D_std": 0.006315370847617725, "xmin": 0.0005000000000000001, "xmin_std": 1.0842021724855044e-19, "V": 0.10694546178281905, "V_std": 0.012063685635236576, "Asquare": 3.6683269669442, "Asquare_std": 0.6138100731300593, "Kappa": 1.013875442654045, "Kappa_std": 0.0010398227517883932, "mu": -7.405829351793142, "mu_std": 0.1696189641244584, "sigma": 2.2418498722818483, "sigma_std": 0.061448915428103316}, "exponential": {"D": 0.29073334331681505, "D_std": 0.011902280243858207, "xmin": 0.0005000000000000001, "xmin_std": 1.0842021724855044e-19, "V": 0.34448500784385433, "V_std": 0.014372534785658371, "Asquare": 5389.866231097282, "Asquare_std": 6341.507278497691, "Kappa": 0.849071504274424, "Kappa_std": 0.0073191724107824095, "Lambda": 114.63848609747019, "Lambda_std": 4.524461471392281}, "truncated_power_law": {"D": 0.044700622002059355, "D_std": 0.0071180631433084155, "xmin": 0.0005000000000000001, "xmin_std": 1.0842021724855044e-19, "V": 0.07406313388944638, "V_std": 0.011953932095111692, "Asquare": 1.1121465943009552, "Asquare_std": 0.3410026169009513, "Kappa": 1.0033418320743013, "Kappa_std": 0.0006550205569991204, "alpha": 1.2305754663071542, "alpha_std": 0.0237451852848198, "Lambda": 15.699573263224803, "Lambda_std": 1.5318581045706647}, "power_law": {"D": 0.11712486752933533, "D_std": 0.00673112993501404, "xmin": 0.0005000000000000001, "xmin_std": 1.0842021724855044e-19, "V": 0.13079369585665757, "V_std": 0.008150293011266367, "Asquare": 19.41044027218621, "Asquare_std": 2.31991050581677, "Kappa": 1.0629080238619517, "Kappa_std": 0.0028979087431539835, "alpha": 1.536866025324364, "alpha_std": 0.007554831140467198}, "stretched_exponential": {"D": 0.057256752093853704, "D_std": 0.007210530272440162, "xmin": 0.0005000000000000001, "xmin_std": 1.0842021724855044e-19, "V": 0.09547755888397044, "V_std": 0.012034960412706837, "Asquare": 2.5934767889452695, "Asquare_std": 0.4963765599212511, "Kappa": 1.005795691552267, "Kappa_std": 0.0005777600510121331, "Lambda": 3357.979563554727, "Lambda_std": 1135.9097470472277, "beta": 0.2917534550544107, "beta_std": 0.014859884418369808}}