{"lognormal": {"D": 0.051941777630160356, "D_std": 0.004383470172059884, "xmin": 0.0005000000000000001, "xmin_std": 1.0842021724855044e-19, "V": 0.09289984758686551, "V_std": 0.009268739448502263, "Asquare": 4.488097020233025, "Asquare_std": 0.737762806465163, "Kappa": 1.0154426339720184, "Kappa_std": 0.0013460677408300005, "mu": -7.73621640364594, "mu_std": 0.3031739439057848, "sigma": 2.468151700406312, "sigma_std": 0.10490928032323757}, "exponential": {"D": 0.32942081754748115, "D_std": 0.010812438528176557, "xmin": 0.0005000000000000001, "xmin_std": 1.0842021724855044e-19, "V": 0.37675310230643994, "V_std": 0.013007664616711156, "Asquare": 2849.028615058954, "Asquare_std": 2820.279190005944, "Kappa": 0.8309905378422417, "Kappa_std": 0.006916153261486959, "Lambda": 93.25041099642854, "Lambda_std": 4.661404469600925}, "truncated_power_law": {"D": 0.03323218032813928, "D_std": 0.006184431912632198, "xmin": 0.0005000000000000001, "xmin_std": 1.0842021724855044e-19, "V": 0.059436421929686324, "V_std": 0.009439331464142168, "Asquare": 1.1956872752361478, "Asquare_std": 0.3561182162652349, "Kappa": 1.0036933683666232, "Kappa_std": 0.0005142688173095661, "alpha": 1.2592954350706882, "alpha_std": 0.024455794480638473, "Lambda": 10.471369422779217, "Lambda_std": 0.9896183162279028}, "power_law": {"D": 0.10964775803369195, "D_std": 0.0057927176817501366, "xmin": 0.0005000000000000001, "xmin_std": 1.0842021724855044e-19, "V": 0.11526271250742484, "V_std": 0.005963611758100006, "Asquare": 19.957687405458334, "Asquare_std": 2.4677999165814706, "Kappa": 1.0622943532457216, "Kappa_std": 0.0035532158806031323, "alpha": 1.519771689965855, "alpha_std": 0.01003228988843421}, "stretched_exponential": {"D": 0.045437864528800005, "D_std": 0.005645171995388541, "xmin": 0.0005000000000000001, "xmin_std": 1.0842021724855044e-19, "V": 0.0860463805975816, "V_std": 0.00909164204619636, "Asquare": 3.2588036526536706, "Asquare_std": 0.6328339633047905, "Kappa": 1.0075237721147052, "Kappa_std": 0.000969020659446449, "Lambda": 7164.040464205606, "Lambda_std": 4994.313984438662, "beta": 0.25534714050042673, "beta_std": 0.0165891957091833}}