{"alpha": 0.6564307783572466, "alpha_std": 0.009858511339088433, "Lambda": 84.49571663544982, "Lambda_std": 3.942859943830127, "D": 0.0889987246400342, "D_std": 0.0028255560815086747, "xmin": 1.0000000000000002e-06, "xmin_std": 2.117582368135751e-22, "V": 0.15538094793482532, "V_std": 0.003994481693715117, "Asquare": 36.68673251992591, "Asquare_std": 2.141533728580432, "Kappa": 0.9705375447650925, "Kappa_std": 0.0008165835231405611}