{"lognormal": {"D": 0.04145144381260796, "D_std": 0.0051213342598384285, "xmin": 0.0005000000000000001, "xmin_std": 1.0842021724855044e-19, "V": 0.06378970052613667, "V_std": 0.006322639623493839, "Asquare": 2.69310747949418, "Asquare_std": 0.5197782206282586, "Kappa": 1.010601076171654, "Kappa_std": 0.0011263585118343902, "mu": -6.506036855487326, "mu_std": 0.11171422189998229, "sigma": 2.0693159711354703, "sigma_std": 0.049791629599677575}, "exponential": {"D": 0.31935836559006736, "D_std": 0.007070569310511859, "xmin": 0.0005000000000000001, "xmin_std": 1.0842021724855044e-19, "V": 0.3718717426070265, "V_std": 0.008692147698421695, "Asquare": 507.67680351087813, "Asquare_std": 104.08550648075135, "Kappa": 0.8413179541889837, "Kappa_std": 0.005304329413605829, "Lambda": 79.16813814213421, "Lambda_std": 3.648815563589823}, "truncated_power_law": {"D": 0.026774837484423053, "D_std": 0.005335833503381094, "xmin": 0.0005000000000000001, "xmin_std": 1.0842021724855044e-19, "V": 0.04823443401145011, "V_std": 0.009601431313074529, "Asquare": 0.7433526486067178, "Asquare_std": 0.25459719187126234, "Kappa": 1.0011634513277303, "Kappa_std": 0.000417674184915596, "alpha": 1.1405655302928583, "alpha_std": 0.019350092228102213, "Lambda": 12.376242248401278, "Lambda_std": 0.8812116557137039}, "power_law": {"D": 0.14330184580042307, "D_std": 0.005725667303111458, "xmin": 0.0005000000000000001, "xmin_std": 1.0842021724855044e-19, "V": 0.14836757429383782, "V_std": 0.005879311961529984, "Asquare": 31.879557817607747, "Asquare_std": 2.6918131898228337, "Kappa": 1.0803478680858087, "Kappa_std": 0.0029706471661936403, "alpha": 1.4720590802049558, "alpha_std": 0.007677260141435772}, "stretched_exponential": {"D": 0.0310219072334705, "D_std": 0.004667241710969382, "xmin": 0.0005000000000000001, "xmin_std": 1.0842021724855044e-19, "V": 0.05724959469617167, "V_std": 0.009104368126608212, "Asquare": 1.6021930460103335, "Asquare_std": 0.3639085849531156, "Kappa": 1.003697890353018, "Kappa_std": 0.0005673843971943945, "Lambda": 981.6271180333135, "Lambda_std": 201.08142753116272, "beta": 0.32981482186339356, "beta_std": 0.011596584338389074}}