{"alpha": 0.6834756499300813, "alpha_std": 0.00603668383775096, "Lambda": 148.85005518336385, "Lambda_std": 4.24654429779025, "D": 0.08419245953422597, "D_std": 0.004041987261429608, "xmin": 1.0000000000000002e-06, "xmin_std": 2.117582368135751e-22, "V": 0.14862488784895894, "V_std": 0.006179942039743447, "Asquare": 29.12582560011317, "Asquare_std": 2.453887375934221, "Kappa": 0.9745630301692622, "Kappa_std": 0.0012913191971290069}