{"alpha": 0.8464514479050731, "alpha_std": 0.01362969798954502, "Lambda": 598.117632419875, "Lambda_std": 48.663018635208026, "D": 0.06051345630356249, "D_std": 0.0054405762518947905, "xmin": 5.000000000000001e-07, "xmin_std": 1.0587911840678754e-22, "V": 0.1024122491991188, "V_std": 0.008316798554534526, "Asquare": 13.477177017628936, "Asquare_std": 2.089725489113113, "Kappa": 0.9876411787086237, "Kappa_std": 0.0012659883116844816}