{"alpha": 0.7508127688463062, "alpha_std": 0.010449409999353705, "Lambda": 3728.5190004218325, "Lambda_std": 136.38836089718393, "D": 0.03540440912075169, "D_std": 0.00509683919453477, "xmin": 5.000000000000001e-07, "xmin_std": 1.0587911840678754e-22, "V": 0.06021736175541581, "V_std": 0.008121896051830627, "Asquare": 3.2888077227833805, "Asquare_std": 0.8942499177306403, "Kappa": 1.0037717887886561, "Kappa_std": 0.0007480152188891054}