{"lognormal": {"D": 0.04992249619050855, "D_std": 0.004482096213027652, "xmin": 0.0005000000000000001, "xmin_std": 1.0842021724855044e-19, "V": 0.09314098148806481, "V_std": 0.010126817378775204, "Asquare": 3.5190534287644164, "Asquare_std": 0.7278495262064161, "Kappa": 1.013532979055615, "Kappa_std": 0.0013216097142179247, "mu": -7.375083921897283, "mu_std": 0.23511191701837864, "sigma": 2.269313851730617, "sigma_std": 0.08801516326678827}, "exponential": {"D": 0.30669038022390716, "D_std": 0.01187340832511999, "xmin": 0.0005000000000000001, "xmin_std": 1.0842021724855044e-19, "V": 0.3521433356820458, "V_std": 0.013194632082048885, "Asquare": 10145.192827671064, "Asquare_std": 12726.564214661328, "Kappa": 0.8460549936515813, "Kappa_std": 0.00835566096931995, "Lambda": 106.07069558321663, "Lambda_std": 2.6574730156344604}, "truncated_power_law": {"D": 0.034737465115721886, "D_std": 0.0069784136510448545, "xmin": 0.0005000000000000001, "xmin_std": 1.0842021724855044e-19, "V": 0.05993356514275531, "V_std": 0.010107733585373953, "Asquare": 0.893688492360714, "Asquare_std": 0.3361980646744389, "Kappa": 1.0029940476593633, "Kappa_std": 0.000503236389565442, "alpha": 1.2288797026133946, "alpha_std": 0.03100443023678048, "Lambda": 14.108633539267808, "Lambda_std": 1.6626335662541891}, "power_law": {"D": 0.11976509684768129, "D_std": 0.007328078596153819, "xmin": 0.0005000000000000001, "xmin_std": 1.0842021724855044e-19, "V": 0.1294580035429785, "V_std": 0.00911585039397654, "Asquare": 19.32216822396733, "Asquare_std": 2.4614221649294183, "Kappa": 1.0636782102989855, "Kappa_std": 0.003536025353037406, "alpha": 1.526913367496311, "alpha_std": 0.007722698211840534}, "stretched_exponential": {"D": 0.047635740863253645, "D_std": 0.006869216459923527, "xmin": 0.0005000000000000001, "xmin_std": 1.0842021724855044e-19, "V": 0.08461286408395248, "V_std": 0.009199674671748117, "Asquare": 2.4401904702398096, "Asquare_std": 0.5771665373548616, "Kappa": 1.0056137056231524, "Kappa_std": 0.000712369803840049, "Lambda": 3525.857875666044, "Lambda_std": 1645.5860538203121, "beta": 0.2877272030104959, "beta_std": 0.020124647442255745}}