{"alpha": 0.8715833554519087, "alpha_std": 0.0110583210230922, "Lambda": 620.6982314580039, "Lambda_std": 57.72076304484661, "D": 0.04687576763217443, "D_std": 0.002650835709889044, "xmin": 5.000000000000001e-07, "xmin_std": 1.0587911840678754e-22, "V": 0.09055976975789924, "V_std": 0.005236906662770138, "Asquare": 11.111826702813142, "Asquare_std": 2.1769580088797547, "Kappa": 0.9868353695972404, "Kappa_std": 0.001275363325696318}