{"alpha": 0.8812039494485544, "alpha_std": 0.01539716825024649, "Lambda": 603.1083900290663, "Lambda_std": 49.84488983361859, "D": 0.049707052340992375, "D_std": 0.004832910936497336, "xmin": 1.0000000000000002e-06, "xmin_std": 2.117582368135751e-22, "V": 0.08826382515522185, "V_std": 0.00876081580388076, "Asquare": 13.881023870420947, "Asquare_std": 7.2147493047609235, "Kappa": 0.9907363355153274, "Kappa_std": 0.0010839072440902017}