{"alpha": 0.8346630160649143, "alpha_std": 0.007537149963449234, "Lambda": 724.9033593867669, "Lambda_std": 39.18988508608529, "D": 0.048936377307499036, "D_std": 0.004782262960925082, "xmin": 5.000000000000001e-07, "xmin_std": 1.0587911840678754e-22, "V": 0.08910903322179602, "V_std": 0.007876774997391199, "Asquare": 10.286912733663389, "Asquare_std": 2.752449361555947, "Kappa": 0.9864353525843672, "Kappa_std": 0.0016494720442582534}