{"alpha": 0.6956685766471506, "alpha_std": 0.016688958479739665, "Lambda": 2798.494649068539, "Lambda_std": 124.70114413541468, "D": 0.05290623550137077, "D_std": 0.005709553540815197, "xmin": 5.000000000000001e-07, "xmin_std": 1.0587911840678754e-22, "V": 0.08920493749215753, "V_std": 0.008213453443251624, "Asquare": 5.80695485961568, "Asquare_std": 1.331494701790661, "Kappa": 1.0088869245721261, "Kappa_std": 0.0013093903595132864}