{"alpha": 0.8262861899023894, "alpha_std": 0.009621900744846756, "Lambda": 1401.0861423338715, "Lambda_std": 71.84169375051844, "D": 0.032208616308330815, "D_std": 0.00469950738877031, "xmin": 5.000000000000001e-07, "xmin_std": 1.0587911840678754e-22, "V": 0.05656769712634259, "V_std": 0.008876569153077309, "Asquare": 1.8207648754521721, "Asquare_std": 0.5930502867714902, "Kappa": 0.992708214408465, "Kappa_std": 0.0014789848278874166}