{"alpha": 0.6830505589765287, "alpha_std": 0.0060137423080483315, "Lambda": 144.4093225289847, "Lambda_std": 5.213744046654254, "D": 0.08703269535687286, "D_std": 0.005390103887179779, "xmin": 1.0000000000000002e-06, "xmin_std": 2.117582368135751e-22, "V": 0.15159311717298746, "V_std": 0.006672770423967944, "Asquare": 31.455067717998485, "Asquare_std": 2.5058038692250872, "Kappa": 0.9734922697558346, "Kappa_std": 0.0012402300275691782}