{"alpha": 0.6753374353690479, "alpha_std": 0.012940093896854646, "Lambda": 2274.870600364679, "Lambda_std": 142.28358953734127, "D": 0.04632195823646272, "D_std": 0.004324795425131479, "xmin": 5.000000000000001e-07, "xmin_std": 1.0587911840678754e-22, "V": 0.07433652801974977, "V_std": 0.007063075614743875, "Asquare": 218553.50218310178, "Asquare_std": 211430.2927895581, "Kappa": 1.0069690147651784, "Kappa_std": 0.0013114193670026011}