{"alpha": 0.6480664916891625, "alpha_std": 0.006879324399353612, "Lambda": 89.94595191727697, "Lambda_std": 1.7282524739434673, "D": 0.042932532284519195, "D_std": 0.0027723665748195674, "xmin": 1.0000000000000002e-06, "xmin_std": 2.117582368135751e-22, "V": 0.07873697817120026, "V_std": 0.003377168749645783, "Asquare": 7.258773402708482, "Asquare_std": 0.5047915672016412, "Kappa": 1.0071011791971045, "Kappa_std": 0.000777869876802381}