{"alpha": 0.6746638033530872, "alpha_std": 0.005441549801520294, "Lambda": 85.21560958792244, "Lambda_std": 5.4510070040095275, "D": 0.10052008227423928, "D_std": 0.005280012697953013, "xmin": 1.0000000000000002e-06, "xmin_std": 2.117582368135751e-22, "V": 0.16933385791723818, "V_std": 0.0076019731045820545, "Asquare": 2849214.5342721655, "Asquare_std": 2992390.2221547086, "Kappa": 0.969706238018684, "Kappa_std": 0.0013814207980750162}