{"lognormal": {"D": 0.09556012045347112, "D_std": 0.0030478332766826132, "xmin": 1e-07, "xmin_std": 0.0, "V": 0.15113606854530132, "V_std": 0.0046022673221322976, "Asquare": 23.415215413851094, "Asquare_std": 1.4561467481311594, "Kappa": 1.0202133722792972, "Kappa_std": 0.000606936905266482, "mu": -10.542170950325424, "mu_std": 0.03406534392028386, "sigma": 2.1624211225548065, "sigma_std": 0.028535165933171815}, "exponential": {"D": 0.26731372758609573, "D_std": 0.00826936170955882, "xmin": 1e-07, "xmin_std": 0.0, "V": 0.31588458236660133, "V_std": 0.010907217922493332, "Asquare": 499.9392711619229, "Asquare_std": 40.339339044871785, "Kappa": 0.9048219904753685, "Kappa_std": 0.003584628579646541, "Lambda": 8754.147564017474, "Lambda_std": 246.69736880626962}, "truncated_power_law": {"D": 0.04848639266707266, "D_std": 0.0048738133109681395, "xmin": 1e-07, "xmin_std": 0.0, "V": 0.09313678889503632, "V_std": 0.009763859201723577, "Asquare": 5.601136553975861, "Asquare_std": 1.228821389890978, "Kappa": 1.003151884871968, "Kappa_std": 0.0006891604679022649, "alpha": 0.6570862189337469, "alpha_std": 0.01143590553595515, "Lambda": 3230.3463134597673, "Lambda_std": 146.82561498829295}, "power_law": {"D": 0.2812372973052609, "D_std": 0.005878984827803717, "xmin": 1e-07, "xmin_std": 0.0, "V": 0.4763861699974332, "V_std": 0.007809241625374792, "Asquare": 206.99758349805023, "Asquare_std": 5.4472312263113425, "Kappa": 1.0848659142797619, "Kappa_std": 0.0016069699486931709, "alpha": 1.1783443180400768, "alpha_std": 0.000990350144108821}, "stretched_exponential": {"D": 0.064622161814401, "D_std": 0.005818126952374024, "xmin": 1e-07, "xmin_std": 0.0, "V": 0.11706762877127459, "V_std": 0.009176659473729297, "Asquare": 12.005951520908948, "Asquare_std": 1.7424631782681446, "Kappa": 1.0057169139230417, "Kappa_std": 0.00037280855764202243, "Lambda": 15091.390679869477, "Lambda_std": 491.62552597778966, "beta": 0.5313157498876321, "beta_std": 0.009518173973742522}}