{"lognormal": {"D": 0.03398201547325168, "D_std": 0.005140024198510813, "xmin": 0.0005000000000000001, "xmin_std": 1.0842021724855044e-19, "V": 0.057985736118998064, "V_std": 0.00911118000839311, "Asquare": 1.1603498620552077, "Asquare_std": 0.3162495269381004, "Kappa": 1.007804863635554, "Kappa_std": 0.0012243201355308239, "mu": -6.221695841391122, "mu_std": 0.08579630934911017, "sigma": 1.7294505160000586, "sigma_std": 0.05721624365667184}, "exponential": {"D": 0.24287205184760383, "D_std": 0.006616025093680585, "xmin": 0.0005000000000000001, "xmin_std": 1.0842021724855044e-19, "V": 0.29011802824500127, "V_std": 0.007533528481280699, "Asquare": 209.4083455891, "Asquare_std": 11.144604435690036, "Kappa": 0.8768451094182135, "Kappa_std": 0.0048546093073758905, "Lambda": 112.3156811105699, "Lambda_std": 2.778023359666505}, "truncated_power_law": {"D": 0.02698467231869912, "D_std": 0.005007947323679574, "xmin": 0.0005000000000000001, "xmin_std": 1.0842021724855044e-19, "V": 0.04906757158926585, "V_std": 0.008890546783766391, "Asquare": 0.5727495188422375, "Asquare_std": 0.21740319979469538, "Kappa": 1.0001539043984997, "Kappa_std": 0.0006559114750629796, "alpha": 1.0455091109894439, "alpha_std": 0.024082490829866503, "Lambda": 25.575348565947, "Lambda_std": 2.12138566226493}, "power_law": {"D": 0.16536184071853116, "D_std": 0.008085184396850699, "xmin": 0.0005000000000000001, "xmin_std": 1.0842021724855044e-19, "V": 0.1862545409702627, "V_std": 0.010175249438530121, "Asquare": 34.29740256774803, "Asquare_std": 1.785397129920663, "Kappa": 1.0821225703288864, "Kappa_std": 0.0020072814352792554, "alpha": 1.495510591463081, "alpha_std": 0.0034882730816933687}, "stretched_exponential": {"D": 0.022113074301823687, "D_std": 0.0035629941405418966, "xmin": 0.0005000000000000001, "xmin_std": 1.0842021724855044e-19, "V": 0.040179340453953695, "V_std": 0.005578998624077876, "Asquare": 0.4239256707288451, "Asquare_std": 0.12482637038411694, "Kappa": 1.0015115762065894, "Kappa_std": 0.0005988494703817401, "Lambda": 549.2835176395928, "Lambda_std": 63.85666660771519, "beta": 0.4184492119155899, "beta_std": 0.016745031604682954}}