{"lognormal": {"D": 0.04714781689750555, "D_std": 0.004481056579658265, "xmin": 0.0005000000000000001, "xmin_std": 1.0842021724855044e-19, "V": 0.09020328233959445, "V_std": 0.009808785725660336, "Asquare": 3.3901825194653137, "Asquare_std": 0.7281643044057556, "Kappa": 1.0138284562107438, "Kappa_std": 0.0011819945028569852, "mu": -7.269471213895843, "mu_std": 0.2072279354551305, "sigma": 2.2527010554847897, "sigma_std": 0.08014616023227651}, "exponential": {"D": 0.3043449367307175, "D_std": 0.0088670980284051, "xmin": 0.0005000000000000001, "xmin_std": 1.0842021724855044e-19, "V": 0.3573299894821812, "V_std": 0.009858065026135475, "Asquare": 2344.8172321597876, "Asquare_std": 2056.086657945451, "Kappa": 0.8446490123478831, "Kappa_std": 0.00728926394204635, "Lambda": 101.9695950780014, "Lambda_std": 3.3218443636269432}, "truncated_power_law": {"D": 0.034379045306606876, "D_std": 0.005339900162506723, "xmin": 0.0005000000000000001, "xmin_std": 1.0842021724855044e-19, "V": 0.056520873630206726, "V_std": 0.00848716044506972, "Asquare": 0.7579181892872181, "Asquare_std": 0.3389081829267887, "Kappa": 1.0029961767507671, "Kappa_std": 0.0004868685654461794, "alpha": 1.2181471654608127, "alpha_std": 0.024476787960714053, "Lambda": 13.78188032668242, "Lambda_std": 1.2555208693203181}, "power_law": {"D": 0.11908949568381103, "D_std": 0.007594960914268275, "xmin": 0.0005000000000000001, "xmin_std": 1.0842021724855044e-19, "V": 0.13053423730458208, "V_std": 0.008427682385989002, "Asquare": 20.516574561497066, "Asquare_std": 1.91008423849118, "Kappa": 1.0659287710684093, "Kappa_std": 0.0031604391027062143, "alpha": 1.5193705435358766, "alpha_std": 0.007272212039065975}, "stretched_exponential": {"D": 0.04684966704825957, "D_std": 0.005089981434751291, "xmin": 0.0005000000000000001, "xmin_std": 1.0842021724855044e-19, "V": 0.08068871808263793, "V_std": 0.009500893761525214, "Asquare": 2.2823196355562105, "Asquare_std": 0.6374341459582479, "Kappa": 1.0057886885393441, "Kappa_std": 0.0007968672263477526, "Lambda": 2886.2347949846708, "Lambda_std": 1049.0022937589183, "beta": 0.29174242736385564, "beta_std": 0.01623443082473031}}