{"lognormal": {"D": 0.05061848837524559, "D_std": 0.004352266571204948, "xmin": 1e-07, "xmin_std": 0.0, "V": 0.07727642679368125, "V_std": 0.007374818670663689, "Asquare": 6.007634572926616, "Asquare_std": 1.31904996635262, "Kappa": 1.0131755716402904, "Kappa_std": 0.0013178869284770308, "mu": -9.962839793122523, "mu_std": 0.04133554656454432, "sigma": 2.218932701657163, "sigma_std": 0.018577361132781987}, "exponential": {"D": 0.33748639150825055, "D_std": 0.008198641335353984, "xmin": 1e-07, "xmin_std": 0.0, "V": 0.3700446658481377, "V_std": 0.008739212713390659, "Asquare": 25752467.1695875, "Asquare_std": 15231726.55021625, "Kappa": 0.8034765549919696, "Kappa_std": 0.0052320645949547615, "Lambda": 3156.371663954648, "Lambda_std": 48.75125708548537}, "truncated_power_law": {"D": 0.06127764701696307, "D_std": 0.0032603347210712675, "xmin": 1e-07, "xmin_std": 0.0, "V": 0.11559694161569785, "V_std": 0.005708025069309171, "Asquare": 20.031648675358213, "Asquare_std": 2.4909348756453076, "Kappa": 0.9742596703180079, "Kappa_std": 0.0016108745994370451, "alpha": 0.7560970138710446, "alpha_std": 0.008549182925661696, "Lambda": 867.1636400706526, "Lambda_std": 21.276609136842808}, "power_law": {"D": 0.306880350854816, "D_std": 0.005441020489654817, "xmin": 1e-07, "xmin_std": 0.0, "V": 0.47978812853954056, "V_std": 0.0067649509778049425, "Asquare": 188.55716321695178, "Asquare_std": 6.536630657243379, "Kappa": 1.0655932947778557, "Kappa_std": 0.0026537498722316462, "alpha": 1.1619683297940377, "alpha_std": 0.0010292513997884449}, "stretched_exponential": {"D": 0.027531270217102582, "D_std": 0.003370335691677781, "xmin": 1e-07, "xmin_std": 0.0, "V": 0.04873574823331857, "V_std": 0.0047465138196975, "Asquare": 1.6722218465685175, "Asquare_std": 0.3188090064877043, "Kappa": 0.9963972821951292, "Kappa_std": 0.001055278350589875, "Lambda": 8395.170065090166, "Lambda_std": 353.45525460828856, "beta": 0.46022161854715826, "beta_std": 0.005733077942002333}}