{"alpha": 0.2070762392397266, "alpha_std": 0.016423284216264926, "Lambda": 14726.781014764327, "Lambda_std": 300.4527972069508, "D": 0.01701430891814426, "D_std": 0.0035281365064982755, "xmin": 1.0000000000000002e-06, "xmin_std": 2.117582368135751e-22, "V": 0.028927903293032537, "V_std": 0.004641309616308582, "Asquare": 1.0473781705716212, "Asquare_std": 0.5028429500967303, "Kappa": 1.0031897570776531, "Kappa_std": 0.0009979451136084229}