{"lognormal": {"D": 0.08488706969513712, "D_std": 0.0030257737836042746, "xmin": 1e-07, "xmin_std": 0.0, "V": 0.14906671162845536, "V_std": 0.003995030599404497, "Asquare": 687195734.2809739, "Asquare_std": 256878634.09641734, "Kappa": 1.0266765199060477, "Kappa_std": 0.0010839464335517714, "mu": -11.663304239017247, "mu_std": 0.05728296501711302, "sigma": 2.743345128139409, "sigma_std": 0.03161480673826437}, "exponential": {"D": 0.3256310945042914, "D_std": 0.00704731296016464, "xmin": 1e-07, "xmin_std": 0.0, "V": 0.38357835894904146, "V_std": 0.007143310081733374, "Asquare": 999101862.3805561, "Asquare_std": 377466255.4561907, "Kappa": 0.8584535621208639, "Kappa_std": 0.004333094364294459, "Lambda": 13482.349617767415, "Lambda_std": 314.3187461727302}, "truncated_power_law": {"D": 0.05783981871404052, "D_std": 0.0025526950280544344, "xmin": 1e-07, "xmin_std": 0.0, "V": 0.10618105329650404, "V_std": 0.003071957194926329, "Asquare": 580157542.7986281, "Asquare_std": 217519996.73446897, "Kappa": 1.012433922875363, "Kappa_std": 0.0008506450204396401, "alpha": 0.8324047634525428, "alpha_std": 0.00976562700015576, "Lambda": 3129.1057816866796, "Lambda_std": 115.13049460959354}, "power_law": {"D": 0.21407665802966536, "D_std": 0.004216345961173595, "xmin": 1e-07, "xmin_std": 0.0, "V": 0.369736100714089, "V_std": 0.006396426316455664, "Asquare": 298321787.96398574, "Asquare_std": 112449056.75734238, "Kappa": 1.0758148150378948, "Kappa_std": 0.0018640029724994714, "alpha": 1.2099115371831481, "alpha_std": 0.0016142744083112526}, "stretched_exponential": {"D": 0.0644458112060638, "D_std": 0.0018802405281861776, "xmin": 1e-07, "xmin_std": 0.0, "V": 0.1253968974240847, "V_std": 0.0025996567306323234, "Asquare": 664687502.9664917, "Asquare_std": 249400539.53261527, "Kappa": 1.0117637040771066, "Kappa_std": 0.0007753442572827418, "Lambda": 41668.1503479215, "Lambda_std": 2455.7574808261215, "beta": 0.3937048110971226, "beta_std": 0.007787787507505096}}