{"alpha": 0.5258247781010568, "alpha_std": 0.007267623930878208, "Lambda": 106.44466078316869, "Lambda_std": 2.740065067183808, "D": 0.06372060794255077, "D_std": 0.003513326275048145, "xmin": 1.0000000000000002e-06, "xmin_std": 2.117582368135751e-22, "V": 0.1021190597788402, "V_std": 0.004894037895952482, "Asquare": 13.010999722795162, "Asquare_std": 1.3295475920927498, "Kappa": 0.9885579629629528, "Kappa_std": 0.0009225229911166752}