{"alpha": 0.5721497276643382, "alpha_std": 0.009818917218460847, "Lambda": 93.7479076131426, "Lambda_std": 2.8479577879222746, "D": 0.0444984398402024, "D_std": 0.004716061373977397, "xmin": 1.0000000000000002e-06, "xmin_std": 2.117582368135751e-22, "V": 0.08337489582140352, "V_std": 0.007606345234499578, "Asquare": 7.7451779776959, "Asquare_std": 0.9990012404917253, "Kappa": 0.9970290919047899, "Kappa_std": 0.0012600967804513186}