{"lognormal": {"D": 0.08632679604692345, "D_std": 0.006762848116963565, "xmin": 1e-07, "xmin_std": 0.0, "V": 0.13598176527844094, "V_std": 0.008558297978116023, "Asquare": 250820.05931518762, "Asquare_std": 479032.36949487886, "Kappa": 1.0208943937415165, "Kappa_std": 0.0011261041929893074, "mu": -10.557392557363533, "mu_std": 0.054216481687475136, "sigma": 2.209740920055463, "sigma_std": 0.019375357361025667}, "exponential": {"D": 0.27519188273897033, "D_std": 0.008968589507484725, "xmin": 1e-07, "xmin_std": 0.0, "V": 0.3284305409697359, "V_std": 0.010602052660639117, "Asquare": 297462.77957022475, "Asquare_std": 564950.3111316697, "Kappa": 0.8924283029037214, "Kappa_std": 0.005271463451775137, "Lambda": 8154.937850010154, "Lambda_std": 320.8653527875101}, "truncated_power_law": {"D": 0.03610911636021037, "D_std": 0.0028902167208351474, "xmin": 1e-07, "xmin_std": 0.0, "V": 0.06649410965177475, "V_std": 0.0057618058557293034, "Asquare": 166439.26138201295, "Asquare_std": 316986.2259174264, "Kappa": 1.0009465334584504, "Kappa_std": 0.0014653631889664461, "alpha": 0.6847098044575834, "alpha_std": 0.011799925208080805, "Lambda": 2806.5756087532154, "Lambda_std": 122.88763377084659}, "power_law": {"D": 0.27189364694594254, "D_std": 0.0041649013253977855, "xmin": 1e-07, "xmin_std": 0.0, "V": 0.4626180117105, "V_std": 0.006267039813299783, "Asquare": 49935.74788252844, "Asquare_std": 94815.02577683365, "Kappa": 1.0748973406950681, "Kappa_std": 0.003013476605848363, "alpha": 1.1786425689158562, "alpha_std": 0.001636182694980386}, "stretched_exponential": {"D": 0.051176835025507204, "D_std": 0.004428004338030245, "xmin": 1e-07, "xmin_std": 0.0, "V": 0.09698937894055087, "V_std": 0.006113558004455036, "Asquare": 198641.43254925022, "Asquare_std": 378317.8588792023, "Kappa": 1.0057692656006858, "Kappa_std": 0.000863640666551764, "Lambda": 15197.456031685095, "Lambda_std": 872.84930172358, "beta": 0.5083513851455513, "beta_std": 0.00933027172955224}}