{"alpha": 1.026488683959029, "alpha_std": 0.02013703675758608, "Lambda": 469.98464055953883, "Lambda_std": 47.7842476516417, "D": 0.04189069012721079, "D_std": 0.004658837060211227, "xmin": 1.0000000000000003e-05, "xmin_std": 1.6940658945086007e-21, "V": 0.07432854570255429, "V_std": 0.007913234589988508, "Asquare": 4.518642739733695, "Asquare_std": 0.9934947977146737, "Kappa": 1.0006023497578278, "Kappa_std": 0.00046728297488266897}