{"alpha": 0.87311316263016, "alpha_std": 0.009622945598956338, "Lambda": 640.9774932972716, "Lambda_std": 61.709296462667375, "D": 0.05085393935408998, "D_std": 0.004402191368546592, "xmin": 5.000000000000001e-07, "xmin_std": 1.0587911840678754e-22, "V": 0.09448594574145994, "V_std": 0.007481399834634148, "Asquare": 17.45304554429079, "Asquare_std": 9.977020766985436, "Kappa": 0.9861261962385612, "Kappa_std": 0.001216749285410639}