{"alpha": 0.8594450918076799, "alpha_std": 0.011448301748579715, "Lambda": 1036.260673574866, "Lambda_std": 79.14300386368625, "D": 0.03227593055082544, "D_std": 0.004435618889313021, "xmin": 1.0000000000000002e-06, "xmin_std": 2.117582368135751e-22, "V": 0.0593395973803192, "V_std": 0.008230405629351331, "Asquare": 50281.40867144392, "Asquare_std": 75138.26212359472, "Kappa": 0.9932479307639955, "Kappa_std": 0.0011865383954434026}