{"lognormal": {"D": 0.044031114820237825, "D_std": 0.005272202455087991, "xmin": 0.0005000000000000001, "xmin_std": 1.0842021724855044e-19, "V": 0.07262183177493838, "V_std": 0.008144000728583744, "Asquare": 3.084574389948259, "Asquare_std": 0.6208851286355812, "Kappa": 1.0130722312203515, "Kappa_std": 0.0015666680019804132, "mu": -6.662573272877841, "mu_std": 0.14479950326524346, "sigma": 2.166366970725279, "sigma_std": 0.06328695315972924}, "exponential": {"D": 0.31890259922443004, "D_std": 0.010731094697420219, "xmin": 0.0005000000000000001, "xmin_std": 1.0842021724855044e-19, "V": 0.3728257920791072, "V_std": 0.011053938649788436, "Asquare": 437.5215869621343, "Asquare_std": 73.91472821394063, "Kappa": 0.8354448342697678, "Kappa_std": 0.0055500704003986, "Lambda": 76.44539304506984, "Lambda_std": 2.927469844937387}, "truncated_power_law": {"D": 0.020531227461348577, "D_std": 0.002958941215411964, "xmin": 0.0005000000000000001, "xmin_std": 1.0842021724855044e-19, "V": 0.03823212838018652, "V_std": 0.005141952732352326, "Asquare": 0.6398756705519997, "Asquare_std": 0.10141016304710285, "Kappa": 1.0024652240846958, "Kappa_std": 0.0005643141616006606, "alpha": 1.1567233327375983, "alpha_std": 0.022577694268458792, "Lambda": 11.206326978551427, "Lambda_std": 0.7577696723299232}, "power_law": {"D": 0.14323363340947473, "D_std": 0.006629556326830628, "xmin": 0.0005000000000000001, "xmin_std": 1.0842021724855044e-19, "V": 0.1475934813569001, "V_std": 0.007600876157402703, "Asquare": 30.528166547653946, "Asquare_std": 3.040224053751416, "Kappa": 1.0801419292443275, "Kappa_std": 0.003926681294126192, "alpha": 1.472084866822523, "alpha_std": 0.00812233012780501}, "stretched_exponential": {"D": 0.03343335496169347, "D_std": 0.004167990450043575, "xmin": 0.0005000000000000001, "xmin_std": 1.0842021724855044e-19, "V": 0.060220966268339136, "V_std": 0.008162466163014956, "Asquare": 1.8334729350584316, "Asquare_std": 0.3962832074291805, "Kappa": 1.005252992538836, "Kappa_std": 0.0007284047707333437, "Lambda": 1218.4259961095984, "Lambda_std": 289.631999818247, "beta": 0.3140690409992785, "beta_std": 0.014033838260986293}}