{"lognormal": {"D": 0.058219725202535696, "D_std": 0.004663483939635779, "xmin": 1e-07, "xmin_std": 0.0, "V": 0.09270062665883096, "V_std": 0.007058489279832935, "Asquare": 727394.172194679, "Asquare_std": 652828.0591111653, "Kappa": 1.0161263121894715, "Kappa_std": 0.001078771139334378, "mu": -9.932206623455619, "mu_std": 0.04340245476787725, "sigma": 2.2434128967209017, "sigma_std": 0.0342148374991462}, "exponential": {"D": 0.3259790833697115, "D_std": 0.014631513994192458, "xmin": 1e-07, "xmin_std": 0.0, "V": 0.35365614079687907, "V_std": 0.014047716328686422, "Asquare": 92558921.35767299, "Asquare_std": 46429239.86019374, "Kappa": 0.808599698782487, "Kappa_std": 0.009498457652722631, "Lambda": 3082.0188301463945, "Lambda_std": 205.04836394549778}, "truncated_power_law": {"D": 0.06037482013661384, "D_std": 0.0060171766873959864, "xmin": 1e-07, "xmin_std": 0.0, "V": 0.10495274738065578, "V_std": 0.00809685346991657, "Asquare": 433841.62158886634, "Asquare_std": 386667.38685675774, "Kappa": 0.9778683568945856, "Kappa_std": 0.0017489859906227657, "alpha": 0.7531334088594537, "alpha_std": 0.014511230001662026, "Lambda": 855.9011821210233, "Lambda_std": 92.9417295643175}, "power_law": {"D": 0.3006774147031219, "D_std": 0.0049645165905012854, "xmin": 1e-07, "xmin_std": 0.0, "V": 0.478951958096031, "V_std": 0.00583776060684256, "Asquare": 144748.85375820845, "Asquare_std": 130610.87216330579, "Kappa": 1.0709334742897785, "Kappa_std": 0.002432653612131231, "alpha": 1.1611383502387773, "alpha_std": 0.0010700557959199466}, "stretched_exponential": {"D": 0.025754920500765204, "D_std": 0.004016155874146265, "xmin": 1e-07, "xmin_std": 0.0, "V": 0.045609210465649405, "V_std": 0.005453877044959888, "Asquare": 545176.6426808939, "Asquare_std": 487892.21502279205, "Kappa": 0.9993708172198961, "Kappa_std": 0.000980565613557062, "Lambda": 8059.402496374222, "Lambda_std": 348.7962253222602, "beta": 0.4642490162742539, "beta_std": 0.010930580626773666}}