{"alpha": 0.7930229251957991, "alpha_std": 0.012178821799044585, "Lambda": 3458.2448132903905, "Lambda_std": 158.95477886053897, "D": 0.04534240807641917, "D_std": 0.004318949033390866, "xmin": 5.000000000000001e-07, "xmin_std": 1.0587911840678754e-22, "V": 0.07608322738846127, "V_std": 0.006819309725841141, "Asquare": 5.834838712808105, "Asquare_std": 1.1511384700821, "Kappa": 1.0049205178348366, "Kappa_std": 0.000821427758056566}