{"lognormal": {"D": 0.20365642730147243, "D_std": 0.00080477444576165, "xmin": 1.0000000000000002e-06, "xmin_std": 2.117582368135751e-22, "V": 0.2624977364882739, "V_std": 0.0016673206843487642, "Asquare": 378122441.43735063, "Asquare_std": 22223766.631335825, "Kappa": 1.0032405474580715, "Kappa_std": 5.6269613956097665e-05, "mu": -10.823109282901967, "mu_std": 0.0019740876759807378, "sigma": 0.8329471563728067, "sigma_std": 0.003908540635455892}, "exponential": {"D": 0.37033423839983104, "D_std": 0.012516202047586049, "xmin": 1.0000000000000002e-06, "xmin_std": 2.117582368135751e-22, "V": 0.5068177914502239, "V_std": 0.006828381823143763, "Asquare": 3107302718.080173, "Asquare_std": 219990520.10298154, "Kappa": 0.9950866520766415, "Kappa_std": 0.0004788645614907318, "Lambda": 16307.128456856768, "Lambda_std": 734.245216640204}, "truncated_power_law": {"D": 0.3944476802334105, "D_std": 0.003162034723245209, "xmin": 1.0000000000000002e-06, "xmin_std": 2.117582368135751e-22, "V": 0.623818995911713, "V_std": 0.0035004169771152157, "Asquare": 134630139.02167702, "Asquare_std": 18051231.52733107, "Kappa": 0.990139098569671, "Kappa_std": 0.00046284072699189296, "alpha": 0.9748567580336838, "alpha_std": 0.012937872756708515, "Lambda": 2232.322146110827, "Lambda_std": 191.99152158765463}, "power_law": {"D": 0.5366828595056541, "D_std": 0.00023762632407248416, "xmin": 1.0000000000000002e-06, "xmin_std": 2.117582368135751e-22, "V": 0.7230948194695191, "V_std": 0.00031093123419927816, "Asquare": 60.88559642207607, "Asquare_std": 0.5778782543605527, "Kappa": 0.9325417822880194, "Kappa_std": 0.00042636411187413787, "alpha": 1.3341216898404469, "alpha_std": 0.00022277567274429116}, "stretched_exponential": {"D": 0.37977133576984634, "D_std": 0.0011398371871211138, "xmin": 1.0000000000000002e-06, "xmin_std": 2.117582368135751e-22, "V": 0.5180636412726324, "V_std": 0.0020530180912950286, "Asquare": 240655828.78361621, "Asquare_std": 12750957.182392124, "Kappa": 0.9998676715988667, "Kappa_std": 4.48122228734339e-05, "Lambda": 47571.953862179595, "Lambda_std": 386.60978278616534, "beta": 0.556126114315335, "beta_std": 0.005617655001441481}}