{"lognormal": {"D": 0.22892728198383422, "D_std": 0.0005626044151120123, "xmin": 1.0000000000000002e-06, "xmin_std": 2.117582368135751e-22, "V": 0.31478771206959666, "V_std": 0.0012643245409148913, "Asquare": 514449028.9117109, "Asquare_std": 39321265.327987924, "Kappa": 1.0036218769336382, "Kappa_std": 3.7717423181484516e-05, "mu": -10.881641715297109, "mu_std": 0.00102676061608561, "sigma": 0.8511798407563471, "sigma_std": 0.002968909973233413}, "exponential": {"D": 0.4549113039440426, "D_std": 0.005908974306751946, "xmin": 1.0000000000000002e-06, "xmin_std": 2.117582368135751e-22, "V": 0.5756476566100117, "V_std": 0.00335970226671747, "Asquare": 3037513813.399357, "Asquare_std": 180628681.11575142, "Kappa": 0.9925328870320044, "Kappa_std": 0.0004143521131074029, "Lambda": 14297.194971320514, "Lambda_std": 324.76357328765704}, "truncated_power_law": {"D": 0.4411206289318789, "D_std": 0.003420826757227827, "xmin": 1.0000000000000002e-06, "xmin_std": 2.117582368135751e-22, "V": 0.6627497674048224, "V_std": 0.0030570811242543305, "Asquare": 38986220.57165451, "Asquare_std": 7376777.353423706, "Kappa": 0.9817925565317441, "Kappa_std": 0.0010162740357849247, "alpha": 1.113042026084133, "alpha_std": 0.010736596915686892, "Lambda": 803.4310471720859, "Lambda_std": 93.31948087645738}, "power_law": {"D": 0.5436930537310982, "D_std": 0.0001293774749271409, "xmin": 1.0000000000000002e-06, "xmin_std": 2.117582368135751e-22, "V": 0.7232360759888594, "V_std": 0.0005268636456576786, "Asquare": 52.45693535531295, "Asquare_std": 0.6520478866542061, "Kappa": 0.937488106924923, "Kappa_std": 0.0003552946576002061, "alpha": 1.3407429374620101, "alpha_std": 0.00012313867202470052}, "stretched_exponential": {"D": 0.4051833811264907, "D_std": 0.0011591337318811216, "xmin": 1.0000000000000002e-06, "xmin_std": 2.117582368135751e-22, "V": 0.543445376848237, "V_std": 0.0018650457695652254, "Asquare": 190952050.1825496, "Asquare_std": 12945482.88990396, "Kappa": 0.9993335450962709, "Kappa_std": 7.68910247947609e-05, "Lambda": 57762.03745302226, "Lambda_std": 679.699061846396, "beta": 0.4995755829836847, "beta_std": 0.004378805106231955}}