{"alpha": 0.5832083070716824, "alpha_std": 0.005134257237636973, "Lambda": 98.78633445423824, "Lambda_std": 1.513983898259654, "D": 0.04085503937468181, "D_std": 0.0031366687406443896, "xmin": 1.0000000000000002e-06, "xmin_std": 2.117582368135751e-22, "V": 0.0788147892656512, "V_std": 0.005236928881333014, "Asquare": 7.427160320799439, "Asquare_std": 0.8415285924086074, "Kappa": 0.9986150506449647, "Kappa_std": 0.0009012953360402152}