{"lognormal": {"D": 0.08866459213156958, "D_std": 0.004168273483991774, "xmin": 1e-07, "xmin_std": 0.0, "V": 0.13659903035983215, "V_std": 0.006472426625056275, "Asquare": 538406.3430014972, "Asquare_std": 862820.0724157119, "Kappa": 1.018716756550883, "Kappa_std": 0.0009514094459764843, "mu": -10.684605896097132, "mu_std": 0.04426575067643942, "sigma": 2.2140320709585017, "sigma_std": 0.022622470749125937}, "exponential": {"D": 0.28012350481721937, "D_std": 0.009395332818784873, "xmin": 1e-07, "xmin_std": 0.0, "V": 0.3319763436458643, "V_std": 0.011202588261633282, "Asquare": 650534.3726542091, "Asquare_std": 1036192.1499471123, "Kappa": 0.8918223427933007, "Kappa_std": 0.00456187730002031, "Lambda": 9103.749916983139, "Lambda_std": 178.97818229979552}, "truncated_power_law": {"D": 0.04405606402326064, "D_std": 0.003964658252515912, "xmin": 1e-07, "xmin_std": 0.0, "V": 0.07989159205617405, "V_std": 0.007148923335592128, "Asquare": 366036.1622540861, "Asquare_std": 590164.2954413303, "Kappa": 1.0010849274948694, "Kappa_std": 0.001109720506953986, "alpha": 0.6944261060209937, "alpha_std": 0.012644402749279787, "Lambda": 3068.303716738129, "Lambda_std": 106.51017513437284}, "power_law": {"D": 0.2685034905928273, "D_std": 0.004868446864880131, "xmin": 1e-07, "xmin_std": 0.0, "V": 0.4548207051904195, "V_std": 0.006941551728727116, "Asquare": 121073.7915272336, "Asquare_std": 197691.64019734756, "Kappa": 1.0782623426043008, "Kappa_std": 0.002209110937849097, "alpha": 1.1825756299979655, "alpha_std": 0.00133564015900174}, "stretched_exponential": {"D": 0.05659227489716041, "D_std": 0.0033199355135957926, "xmin": 1e-07, "xmin_std": 0.0, "V": 0.11013970060532215, "V_std": 0.007188328366346856, "Asquare": 433044.10843940947, "Asquare_std": 696075.8613200472, "Kappa": 1.0048110487531148, "Kappa_std": 0.000583291563599029, "Lambda": 17357.578918673484, "Lambda_std": 789.9390589899579, "beta": 0.5017470324530212, "beta_std": 0.0101538373141188}}