{"alpha": 0.7157422538166327, "alpha_std": 0.0064567387395097296, "Lambda": 85.42263382679764, "Lambda_std": 2.4900311598909783, "D": 0.05380583742000968, "D_std": 0.002341051092138821, "xmin": 1.0000000000000002e-06, "xmin_std": 2.117582368135751e-22, "V": 0.10327143420445958, "V_std": 0.003838486621895057, "Asquare": 15.066960028950296, "Asquare_std": 1.524446800999209, "Kappa": 1.011089043079981, "Kappa_std": 0.0008912847279394501}