{"alpha": 0.7314399611023366, "alpha_std": 0.016071762801183238, "Lambda": 2966.0509234006527, "Lambda_std": 96.02647254436884, "D": 0.04897933094355711, "D_std": 0.0038608445303643883, "xmin": 1.0000000000000002e-06, "xmin_std": 2.117582368135751e-22, "V": 0.08401419756370537, "V_std": 0.00503787018100501, "Asquare": 5.681870889083398, "Asquare_std": 0.8312046688551592, "Kappa": 1.0064216733185858, "Kappa_std": 0.0005298657670527391}