{"lognormal": {"D": 0.029942779455973772, "D_std": 0.003305929260968234, "xmin": 1e-07, "xmin_std": 0.0, "V": 0.047105294178520135, "V_std": 0.004379264032229349, "Asquare": 2.770078113456774, "Asquare_std": 0.6409800227786643, "Kappa": 1.0098407226078367, "Kappa_std": 0.0011113734388821814, "mu": -10.237097188321524, "mu_std": 0.03044467518171082, "sigma": 2.3440028754698763, "sigma_std": 0.03326998202758993}, "exponential": {"D": 0.3867244305987685, "D_std": 0.009609005139727593, "xmin": 1e-07, "xmin_std": 0.0, "V": 0.42908052139000324, "V_std": 0.010047303032674761, "Asquare": 18023585.486082274, "Asquare_std": 8289462.5641701445, "Kappa": 0.7774723501728416, "Kappa_std": 0.006569053574114512, "Lambda": 3305.6888246284557, "Lambda_std": 115.56573177443222}, "truncated_power_law": {"D": 0.06673531887746356, "D_std": 0.005325249653285475, "xmin": 1e-07, "xmin_std": 0.0, "V": 0.1257055974305778, "V_std": 0.008109943153715068, "Asquare": 307.2674419822489, "Asquare_std": 314.0834593543684, "Kappa": 0.9720855846250858, "Kappa_std": 0.0018115556527115732, "alpha": 0.8092874550460749, "alpha_std": 0.008454342561788928, "Lambda": 767.5627563893354, "Lambda_std": 45.2128188749824}, "power_law": {"D": 0.294070072841285, "D_std": 0.0045828142067396134, "xmin": 1e-07, "xmin_std": 0.0, "V": 0.4537478105359125, "V_std": 0.005807713943286732, "Asquare": 169.65755239820243, "Asquare_std": 6.853962911410155, "Kappa": 1.050602993354746, "Kappa_std": 0.0020368190889949295, "alpha": 1.1688764690348716, "alpha_std": 0.0007971393850464217}, "stretched_exponential": {"D": 0.027780112838543924, "D_std": 0.0023435906018542756, "xmin": 1e-07, "xmin_std": 0.0, "V": 0.05243010041851659, "V_std": 0.004858562489412255, "Asquare": 1.5854080076930328, "Asquare_std": 0.40764150430215934, "Kappa": 0.993999561828352, "Kappa_std": 0.0009412252428815906, "Lambda": 11099.408880693054, "Lambda_std": 387.527979750108, "beta": 0.4189364645131789, "beta_std": 0.0072596235701963205}}