{"lognormal": {"D": 0.043497594266905346, "D_std": 0.004489772260192455, "xmin": 1e-07, "xmin_std": 0.0, "V": 0.06737896770578573, "V_std": 0.006305484228764955, "Asquare": 4.707094907310335, "Asquare_std": 0.8715973683509186, "Kappa": 1.013518045142806, "Kappa_std": 0.0013481502524589812, "mu": -10.434712477049406, "mu_std": 0.03275927784775437, "sigma": 2.196009929669778, "sigma_std": 0.028691138552538516}, "exponential": {"D": 0.3148248915622694, "D_std": 0.008866741984173218, "xmin": 1e-07, "xmin_std": 0.0, "V": 0.36636442482232906, "V_std": 0.008898077775184546, "Asquare": 83305.90884906714, "Asquare_std": 94986.80407317153, "Kappa": 0.8396162529218196, "Kappa_std": 0.0047345808572461226, "Lambda": 5906.748752563568, "Lambda_std": 103.5475947810101}, "truncated_power_law": {"D": 0.04879151805272363, "D_std": 0.003991880477884264, "xmin": 1e-07, "xmin_std": 0.0, "V": 0.09281678676288539, "V_std": 0.007919446872822642, "Asquare": 6.178053331784287, "Asquare_std": 1.0829942946075417, "Kappa": 0.9815024035247287, "Kappa_std": 0.001732321761793038, "alpha": 0.7381604584695303, "alpha_std": 0.009419443229906553, "Lambda": 1746.4594823146829, "Lambda_std": 62.25470420724339}, "power_law": {"D": 0.2944404799707023, "D_std": 0.004964295871181693, "xmin": 1e-07, "xmin_std": 0.0, "V": 0.46605603458856165, "V_std": 0.005753678212972713, "Asquare": 148.93931480857813, "Asquare_std": 5.823028473855441, "Kappa": 1.050580841121085, "Kappa_std": 0.00247892115567911, "alpha": 1.175000025487186, "alpha_std": 0.0009449676165784563}, "stretched_exponential": {"D": 0.025541159667158107, "D_std": 0.0032400285277100283, "xmin": 1e-07, "xmin_std": 0.0, "V": 0.04664538070983261, "V_std": 0.006349650333536109, "Asquare": 1.0451188515260579, "Asquare_std": 0.26859453865562527, "Kappa": 0.9973120095813964, "Kappa_std": 0.0011566309380078425, "Lambda": 13793.520127328049, "Lambda_std": 512.8277862362733, "beta": 0.47077164794704346, "beta_std": 0.007100776625426542}}