{"lognormal": {"D": 0.03950800508229848, "D_std": 0.004958108482271347, "xmin": 0.0005000000000000001, "xmin_std": 1.0842021724855044e-19, "V": 0.05939178981881278, "V_std": 0.008639671337751918, "Asquare": 1.7584320187976368, "Asquare_std": 0.246083698690635, "Kappa": 1.009481553192302, "Kappa_std": 0.0010120334847348205, "mu": -6.455375552178362, "mu_std": 0.0768954793126546, "sigma": 1.977194046497599, "sigma_std": 0.0476582288351273}, "exponential": {"D": 0.30172665971095514, "D_std": 0.012030468033299841, "xmin": 0.0005000000000000001, "xmin_std": 1.0842021724855044e-19, "V": 0.3456991376472971, "V_std": 0.013946102218209416, "Asquare": 3759.9355957738617, "Asquare_std": 4480.052956389115, "Kappa": 0.8442330074439413, "Kappa_std": 0.0074688722216531295, "Lambda": 86.81927777955487, "Lambda_std": 5.448071159239463}, "truncated_power_law": {"D": 0.0269613061395785, "D_std": 0.005131383376309355, "xmin": 0.0005000000000000001, "xmin_std": 1.0842021724855044e-19, "V": 0.04572416721218979, "V_std": 0.006876897521850719, "Asquare": 0.8808557715333153, "Asquare_std": 0.4617927210466343, "Kappa": 1.001507545907335, "Kappa_std": 0.0003933420384214169, "alpha": 1.1406541789712894, "alpha_std": 0.016083038501394253, "Lambda": 14.053311893917051, "Lambda_std": 1.5286816898014755}, "power_law": {"D": 0.148578287347607, "D_std": 0.005569722030067497, "xmin": 0.0005000000000000001, "xmin_std": 1.0842021724855044e-19, "V": 0.15405166133058823, "V_std": 0.005981204772088864, "Asquare": 30.9511330572784, "Asquare_std": 1.9157320206990924, "Kappa": 1.0798342956003624, "Kappa_std": 0.002593215519883234, "alpha": 1.482269580982345, "alpha_std": 0.00713972135478246}, "stretched_exponential": {"D": 0.025700589907729925, "D_std": 0.004907039092564337, "xmin": 0.0005000000000000001, "xmin_std": 1.0842021724855044e-19, "V": 0.043555900956374224, "V_std": 0.007360032215504212, "Asquare": 0.9313506837581388, "Asquare_std": 0.20010271078116595, "Kappa": 1.0034419053404828, "Kappa_std": 0.0004989407924786706, "Lambda": 914.7160451836065, "Lambda_std": 131.05108111070183, "beta": 0.343936649705002, "beta_std": 0.011880478154437022}}