{"alpha": 1.0218420194072606, "alpha_std": 0.020045738726716954, "Lambda": 433.2809299881419, "Lambda_std": 44.29180910470217, "D": 0.04018571601013067, "D_std": 0.004894733933560486, "xmin": 1.0000000000000003e-05, "xmin_std": 1.6940658945086007e-21, "V": 0.07045408778346253, "V_std": 0.00829247111747079, "Asquare": 3.628894071576095, "Asquare_std": 1.0736697602127174, "Kappa": 1.0004857578331248, "Kappa_std": 0.00047814835332547957}