{"lognormal": {"D": 0.03123586231610016, "D_std": 0.002572932764547614, "xmin": 1e-07, "xmin_std": 0.0, "V": 0.048895578700485144, "V_std": 0.0034873855422807272, "Asquare": 3.0273992539061054, "Asquare_std": 0.37012655625715474, "Kappa": 1.0100823004134916, "Kappa_std": 0.0006416830506706506, "mu": -10.354913148275283, "mu_std": 0.01900392471910615, "sigma": 2.2779096280730626, "sigma_std": 0.027187368683505662}, "exponential": {"D": 0.3695039936856245, "D_std": 0.006376760171366423, "xmin": 1e-07, "xmin_std": 0.0, "V": 0.4103126951712187, "V_std": 0.00659449869446231, "Asquare": 13435459.24519894, "Asquare_std": 7590170.67136642, "Kappa": 0.7967136427239275, "Kappa_std": 0.004964190532726941, "Lambda": 4211.59731747256, "Lambda_std": 180.9094565904909}, "truncated_power_law": {"D": 0.06379364143251313, "D_std": 0.0033578453009321793, "xmin": 1e-07, "xmin_std": 0.0, "V": 0.11891145117508276, "V_std": 0.005473038321839128, "Asquare": 36029.8961842883, "Asquare_std": 46910.9581878574, "Kappa": 0.9736280397473088, "Kappa_std": 0.0012179530472088067, "alpha": 0.7919891425708563, "alpha_std": 0.006310345657195981, "Lambda": 1046.0803730713244, "Lambda_std": 65.86298565235406}, "power_law": {"D": 0.29322630893456253, "D_std": 0.0033521416989923396, "xmin": 1e-07, "xmin_std": 0.0, "V": 0.45504338972369024, "V_std": 0.004224031964387986, "Asquare": 163.2547085702005, "Asquare_std": 4.54841987216245, "Kappa": 1.047965065670565, "Kappa_std": 0.0016092602752827928, "alpha": 1.1723995249790469, "alpha_std": 0.0005280709072602884}, "stretched_exponential": {"D": 0.028782065587152135, "D_std": 0.0023227108864083044, "xmin": 1e-07, "xmin_std": 0.0, "V": 0.05396205830930882, "V_std": 0.0037893863148296437, "Asquare": 1.4966845652341774, "Asquare_std": 0.2395633814102009, "Kappa": 0.9944223752411563, "Kappa_std": 0.000586382750911848, "Lambda": 12701.426618285253, "Lambda_std": 245.17062525040183, "beta": 0.4340280081806812, "beta_std": 0.0052330361078802776}}