{"alpha": 0.7337890893887207, "alpha_std": 0.008609422093515047, "Lambda": 3198.0328422001494, "Lambda_std": 82.06216328474125, "D": 0.04571942361341087, "D_std": 0.006461121686959388, "xmin": 5.000000000000001e-07, "xmin_std": 1.0587911840678754e-22, "V": 0.0788737010957349, "V_std": 0.009518924303934735, "Asquare": 5.141385763227797, "Asquare_std": 1.1822774410712684, "Kappa": 1.005403123097775, "Kappa_std": 0.0009555809147622733}