{"alpha": 0.6178055030032431, "alpha_std": 0.008746049186527513, "Lambda": 84.16250320942115, "Lambda_std": 3.8495968790030184, "D": 0.07921012047944936, "D_std": 0.005594217803359582, "xmin": 1.0000000000000002e-06, "xmin_std": 2.117582368135751e-22, "V": 0.13629462117104327, "V_std": 0.008648389846712552, "Asquare": 24.445276689188354, "Asquare_std": 3.0335602590614132, "Kappa": 0.9754895304736204, "Kappa_std": 0.0015543927395243854}