{"lognormal": {"D": 0.04489999261250961, "D_std": 0.005755842000426551, "xmin": 0.0005000000000000001, "xmin_std": 1.0842021724855044e-19, "V": 0.08567050833102038, "V_std": 0.010232365622808177, "Asquare": 2.8767413285716996, "Asquare_std": 0.5812003644743842, "Kappa": 1.0120382113185442, "Kappa_std": 0.0009089296025801829, "mu": -7.144070889903697, "mu_std": 0.2350617502073844, "sigma": 2.1670751242509985, "sigma_std": 0.08581699255238164}, "exponential": {"D": 0.29419063088593467, "D_std": 0.01063241267392451, "xmin": 0.0005000000000000001, "xmin_std": 1.0842021724855044e-19, "V": 0.3399925976554854, "V_std": 0.012206289486894497, "Asquare": 567.9322928717002, "Asquare_std": 233.54689506673463, "Kappa": 0.8481219292752694, "Kappa_std": 0.008954718387071329, "Lambda": 107.69835830760292, "Lambda_std": 5.666812504809759}, "truncated_power_law": {"D": 0.02876572057721009, "D_std": 0.006794941259225568, "xmin": 0.0005000000000000001, "xmin_std": 1.0842021724855044e-19, "V": 0.051904338841957706, "V_std": 0.010755033733429419, "Asquare": 0.5854697261258937, "Asquare_std": 0.22231262423892728, "Kappa": 1.002436795909545, "Kappa_std": 0.0004883241788842156, "alpha": 1.2096286596820967, "alpha_std": 0.03217582412173711, "Lambda": 15.323054690037953, "Lambda_std": 1.6008088044619178}, "power_law": {"D": 0.12241113402804023, "D_std": 0.007072807139955371, "xmin": 0.0005000000000000001, "xmin_std": 1.0842021724855044e-19, "V": 0.1336493116686567, "V_std": 0.008699878198882145, "Asquare": 21.245987726356855, "Asquare_std": 2.546870260914679, "Kappa": 1.0658265677285101, "Kappa_std": 0.003694275998793514, "alpha": 1.5239641415183152, "alpha_std": 0.011593920437896452}, "stretched_exponential": {"D": 0.0417630254284026, "D_std": 0.006573049467955935, "xmin": 0.0005000000000000001, "xmin_std": 1.0842021724855044e-19, "V": 0.07341817106087309, "V_std": 0.010600996574344584, "Asquare": 1.8277874380149197, "Asquare_std": 0.47813701328179364, "Kappa": 1.0045571024977877, "Kappa_std": 0.0006896552625486103, "Lambda": 2486.3680869587306, "Lambda_std": 1062.9610298588002, "beta": 0.30464020153314825, "beta_std": 0.019760758500172147}}