{"alpha": 0.7031739547305325, "alpha_std": 0.009028647406019963, "Lambda": 92.40448306856459, "Lambda_std": 2.356643601275696, "D": 0.05041211316151447, "D_std": 0.002823757577537727, "xmin": 1.0000000000000002e-06, "xmin_std": 2.117582368135751e-22, "V": 0.09331855014179619, "V_std": 0.004819939039843145, "Asquare": 12.349384971930732, "Asquare_std": 1.1995708431523633, "Kappa": 1.0097347157486443, "Kappa_std": 0.0007662443421588444}