{"lognormal": {"D": 0.029385335801714353, "D_std": 0.0033428843321532623, "xmin": 1e-07, "xmin_std": 0.0, "V": 0.045016916508423155, "V_std": 0.004479866164316513, "Asquare": 2.683966874424224, "Asquare_std": 0.540404084222156, "Kappa": 1.009409315250139, "Kappa_std": 0.001002650617055145, "mu": -10.31955431139762, "mu_std": 0.03654505880923284, "sigma": 2.3077602264809625, "sigma_std": 0.02077863494510196}, "exponential": {"D": 0.38325169555217153, "D_std": 0.0073662682753811385, "xmin": 1e-07, "xmin_std": 0.0, "V": 0.4224543007741241, "V_std": 0.0077451080051664095, "Asquare": 13126512.932198588, "Asquare_std": 6389625.473889923, "Kappa": 0.7847124277040891, "Kappa_std": 0.004122969298833593, "Lambda": 3770.169260801397, "Lambda_std": 93.42904227116783}, "truncated_power_law": {"D": 0.06616935347421024, "D_std": 0.003191686550138439, "xmin": 1e-07, "xmin_std": 0.0, "V": 0.12655233270346683, "V_std": 0.005338270846126753, "Asquare": 9443.510415880952, "Asquare_std": 16494.28108544963, "Kappa": 0.9716939220353954, "Kappa_std": 0.001329349964698065, "alpha": 0.8045098267256148, "alpha_std": 0.005932840201104792, "Lambda": 893.908725710288, "Lambda_std": 27.42081716720396}, "power_law": {"D": 0.29536474368554716, "D_std": 0.004074494701837807, "xmin": 1e-07, "xmin_std": 0.0, "V": 0.45401083430281386, "V_std": 0.0050592835090212136, "Asquare": 164.8781623784609, "Asquare_std": 5.368525573895227, "Kappa": 1.0469884781639691, "Kappa_std": 0.0017880410731406242, "alpha": 1.1712941752160686, "alpha_std": 0.0009765278780913944}, "stretched_exponential": {"D": 0.029768965558798877, "D_std": 0.002917884536654002, "xmin": 1e-07, "xmin_std": 0.0, "V": 0.056366528529925054, "V_std": 0.005613099889571748, "Asquare": 1.766814955073271, "Asquare_std": 0.4497782795016694, "Kappa": 0.9937513088826752, "Kappa_std": 0.0009806167161701383, "Lambda": 12227.3826357283, "Lambda_std": 473.85586547821293, "beta": 0.42495004925046215, "beta_std": 0.004663352413504144}}