{"alpha": 0.6062334677067518, "alpha_std": 0.006859292576739956, "Lambda": 85.67004411225153, "Lambda_std": 2.2446657856899805, "D": 0.08815586019761976, "D_std": 0.004324531349277591, "xmin": 1.0000000000000002e-06, "xmin_std": 2.117582368135751e-22, "V": 0.14379803260036123, "V_std": 0.006235018230629025, "Asquare": 9445697.306286108, "Asquare_std": 8630016.627170727, "Kappa": 0.9800674865009187, "Kappa_std": 0.0012782823263501966}