{"alpha": 0.7256053427623729, "alpha_std": 0.013735304189191638, "Lambda": 2864.570831961878, "Lambda_std": 75.25960156683902, "D": 0.051275845974510216, "D_std": 0.0042119410551301134, "xmin": 5.000000000000001e-07, "xmin_std": 1.0587911840678754e-22, "V": 0.08839675915044123, "V_std": 0.004393514697035967, "Asquare": 6.16640983730408, "Asquare_std": 0.7555053013836838, "Kappa": 1.007598288572959, "Kappa_std": 0.0008697244750059563}