{"alpha": 0.9628986251934308, "alpha_std": 0.024058066497313225, "Lambda": 867.709696475827, "Lambda_std": 77.82248533588508, "D": 0.0246687743539609, "D_std": 0.00407314835377943, "xmin": 1.0000000000000003e-05, "xmin_std": 1.6940658945086007e-21, "V": 0.04530469680534129, "V_std": 0.006907617675007577, "Asquare": 1.4272624709108017, "Asquare_std": 0.5035057191732856, "Kappa": 1.000542604782503, "Kappa_std": 0.00036991624229943234}