{"alpha": 0.6746332307051864, "alpha_std": 0.009648973425775548, "Lambda": 111.3997882815311, "Lambda_std": 5.824678041835687, "D": 0.09473799981613969, "D_std": 0.004048671480053678, "xmin": 1.0000000000000002e-06, "xmin_std": 2.117582368135751e-22, "V": 0.1631080978696808, "V_std": 0.0072031460092605885, "Asquare": 3191.9111598870204, "Asquare_std": 3293.076904532878, "Kappa": 0.9677147226530642, "Kappa_std": 0.0015951592703310668}