{"lognormal": {"D": 0.05146719308691787, "D_std": 0.0048227838012568245, "xmin": 0.0005000000000000001, "xmin_std": 1.0842021724855044e-19, "V": 0.09669064602253066, "V_std": 0.006649901318347454, "Asquare": 4.422397654096891, "Asquare_std": 0.6494520455212978, "Kappa": 1.0148037345213639, "Kappa_std": 0.001123255873150371, "mu": -7.931010740289368, "mu_std": 0.35850196194131057, "sigma": 2.4867423364577745, "sigma_std": 0.13069929427322238}, "exponential": {"D": 0.3243217297220383, "D_std": 0.012524459359222525, "xmin": 0.0005000000000000001, "xmin_std": 1.0842021724855044e-19, "V": 0.36865946936228733, "V_std": 0.01475758547236644, "Asquare": 6367.5519357765825, "Asquare_std": 5223.668863043893, "Kappa": 0.8315361588227258, "Kappa_std": 0.008750148372348603, "Lambda": 101.0828898915048, "Lambda_std": 5.196729891793896}, "truncated_power_law": {"D": 0.03889754713211582, "D_std": 0.004684875959421865, "xmin": 0.0005000000000000001, "xmin_std": 1.0842021724855044e-19, "V": 0.06746008689640362, "V_std": 0.008011302205313145, "Asquare": 1.3402996259931075, "Asquare_std": 0.36367145118411986, "Kappa": 1.0034308348328942, "Kappa_std": 0.0004344011343640089, "alpha": 1.277104298305583, "alpha_std": 0.02577309953490535, "Lambda": 11.107099275461307, "Lambda_std": 1.4989734954150002}, "power_law": {"D": 0.10734018811822144, "D_std": 0.0051239705172003765, "xmin": 0.0005000000000000001, "xmin_std": 1.0842021724855044e-19, "V": 0.11385302031506447, "V_std": 0.00649059048869864, "Asquare": 17.665502797075412, "Asquare_std": 2.018926901880468, "Kappa": 1.0591800430824108, "Kappa_std": 0.0034935494457181103, "alpha": 1.5338655401110017, "alpha_std": 0.008540281371945577}, "stretched_exponential": {"D": 0.05081550642729541, "D_std": 0.0037588616556104037, "xmin": 0.0005000000000000001, "xmin_std": 1.0842021724855044e-19, "V": 0.0928845638826113, "V_std": 0.007612837618435735, "Asquare": 3.3429941155144443, "Asquare_std": 0.6207210274915531, "Kappa": 1.0071298294914943, "Kappa_std": 0.0009423811749652734, "Lambda": 10094.293142418323, "Lambda_std": 6995.0457328330685, "beta": 0.2498931262764282, "beta_std": 0.02032389554505944}}