{"alpha": 0.20672204788818424, "alpha_std": 0.01532949946963881, "Lambda": 14627.320781119997, "Lambda_std": 419.70509203871126, "D": 0.015198389681131002, "D_std": 0.0022981304108647916, "xmin": 1.0000000000000002e-06, "xmin_std": 2.117582368135751e-22, "V": 0.02710834967843777, "V_std": 0.0031271702594215, "Asquare": 0.7984066448326514, "Asquare_std": 0.24546467397085192, "Kappa": 1.0026313096875303, "Kappa_std": 0.0007878594101638079}