{"alpha": 0.6744767698858942, "alpha_std": 0.009735884764529508, "Lambda": 90.36014983624065, "Lambda_std": 4.540570384966526, "D": 0.0942116099549947, "D_std": 0.0039291224641384934, "xmin": 1.0000000000000002e-06, "xmin_std": 2.117582368135751e-22, "V": 0.16490858205676334, "V_std": 0.0051464175307711565, "Asquare": 44.285121235426075, "Asquare_std": 4.0726387604360585, "Kappa": 0.9689105987937345, "Kappa_std": 0.0011248330276214175}