{"alpha": 0.5433646838040767, "alpha_std": 0.006048632321697288, "Lambda": 101.39925233874479, "Lambda_std": 3.2327255267886184, "D": 0.07608803711719095, "D_std": 0.005681463532838971, "xmin": 1.0000000000000002e-06, "xmin_std": 2.117582368135751e-22, "V": 0.12518734187709157, "V_std": 0.007666609008994355, "Asquare": 15.284830434641654, "Asquare_std": 2.0178366227246896, "Kappa": 0.9893184910231516, "Kappa_std": 0.0016000813028785221}