{"alpha": 0.6841132402246023, "alpha_std": 0.011450066970699842, "Lambda": 99.3119678133416, "Lambda_std": 6.896870914155469, "D": 0.0979933474998383, "D_std": 0.004302242382489273, "xmin": 1.0000000000000002e-06, "xmin_std": 2.117582368135751e-22, "V": 0.1771188193183701, "V_std": 0.008538759645919913, "Asquare": 69.05247878447798, "Asquare_std": 20.66434302886605, "Kappa": 0.9661663850100158, "Kappa_std": 0.0015209396948405666}