{"alpha": 0.9153142927009237, "alpha_std": 0.027066309600152896, "Lambda": 1208.8449209558232, "Lambda_std": 104.55465656207963, "D": 0.02002603201997546, "D_std": 0.0038163665334454196, "xmin": 1.0000000000000003e-05, "xmin_std": 1.6940658945086007e-21, "V": 0.03601319510275932, "V_std": 0.006071032398264895, "Asquare": 0.7373734497124372, "Asquare_std": 0.3009355379139885, "Kappa": 1.0006868943056013, "Kappa_std": 0.00042310830665889484}