{"alpha": 0.6871955357316851, "alpha_std": 0.013644747636823846, "Lambda": 2852.3766965947534, "Lambda_std": 84.64254021424131, "D": 0.05444202444768905, "D_std": 0.005849322349232939, "xmin": 1.0000000000000002e-06, "xmin_std": 2.117582368135751e-22, "V": 0.09262714702284128, "V_std": 0.005341328760319716, "Asquare": 6.307284636131453, "Asquare_std": 0.9532680175855945, "Kappa": 1.009184378200193, "Kappa_std": 0.0007232286597972062}