{"alpha": 0.6677832043838927, "alpha_std": 0.004565227337967728, "Lambda": 148.87828810401277, "Lambda_std": 4.462847371889761, "D": 0.09066448336733854, "D_std": 0.0035722830379206795, "xmin": 1.0000000000000002e-06, "xmin_std": 2.117582368135751e-22, "V": 0.15801391831466904, "V_std": 0.006736352639321638, "Asquare": 35.95181259203764, "Asquare_std": 2.2408691991403002, "Kappa": 0.9706913104793274, "Kappa_std": 0.0008607525395336997}