{"lognormal": {"D": 0.2108345840128873, "D_std": 0.0005477190783500956, "xmin": 1.0000000000000002e-06, "xmin_std": 2.117582368135751e-22, "V": 0.27737259662218205, "V_std": 0.0014515724182881838, "Asquare": 401773345.5100669, "Asquare_std": 30388945.746431544, "Kappa": 1.0032956174350418, "Kappa_std": 4.755287585399974e-05, "mu": -10.841043219513313, "mu_std": 0.0018975193760889237, "sigma": 0.8367051707165979, "sigma_std": 0.002966978666160152}, "exponential": {"D": 0.38654906191022054, "D_std": 0.011165372553329762, "xmin": 1.0000000000000002e-06, "xmin_std": 2.117582368135751e-22, "V": 0.522265677817772, "V_std": 0.006384661944261926, "Asquare": 3231683603.1073027, "Asquare_std": 186193550.29524878, "Kappa": 0.9951488315838093, "Kappa_std": 0.00044889287489471765, "Lambda": 16207.794793737983, "Lambda_std": 620.2424074814595}, "truncated_power_law": {"D": 0.4007113075789598, "D_std": 0.0028144758338576594, "xmin": 1.0000000000000002e-06, "xmin_std": 2.117582368135751e-22, "V": 0.627418515509252, "V_std": 0.003083963971809515, "Asquare": 124409109.21549225, "Asquare_std": 19980040.992192086, "Kappa": 0.9901927841076288, "Kappa_std": 0.0005583850607537537, "alpha": 0.9893602828113568, "alpha_std": 0.01139541888873906, "Lambda": 2102.1389372259073, "Lambda_std": 164.8533141713509}, "power_law": {"D": 0.538816389874367, "D_std": 0.00022974863886544484, "xmin": 1.0000000000000002e-06, "xmin_std": 2.117582368135751e-22, "V": 0.7216575458096065, "V_std": 0.0003705121317527817, "Asquare": 60.722955774700054, "Asquare_std": 0.6830203146653794, "Kappa": 0.9339171538784322, "Kappa_std": 0.00040381506877984973, "alpha": 1.3361261892689194, "alpha_std": 0.00021635491269223893}, "stretched_exponential": {"D": 0.38466617384796026, "D_std": 0.0008868249024030927, "xmin": 1.0000000000000002e-06, "xmin_std": 2.117582368135751e-22, "V": 0.5208274815905773, "V_std": 0.001497366420922643, "Asquare": 238767983.24397033, "Asquare_std": 18320085.424277574, "Kappa": 0.9999781505234621, "Kappa_std": 6.595634827764688e-05, "Lambda": 49096.0007925118, "Lambda_std": 327.71726085871956, "beta": 0.5499852403038623, "beta_std": 0.00420635649554343}}