{"alpha": 0.6354024096894217, "alpha_std": 0.010821436847749319, "Lambda": 87.35357147849757, "Lambda_std": 4.958642324423796, "D": 0.08310526831022298, "D_std": 0.005024022148423763, "xmin": 1.0000000000000002e-06, "xmin_std": 2.117582368135751e-22, "V": 0.14459831447911323, "V_std": 0.00913545085841804, "Asquare": 29.635301955491137, "Asquare_std": 3.632695719594224, "Kappa": 0.9728895710718973, "Kappa_std": 0.001874085484521964}