{"alpha": 0.5666648970703821, "alpha_std": 0.06274584599490508, "Lambda": 2643.368758408846, "Lambda_std": 324.62527910773184, "D": 0.04337065276774035, "D_std": 0.006068377311021845, "xmin": 1.0000000000000003e-05, "xmin_std": 1.6940658945086007e-21, "V": 0.07160295606183317, "V_std": 0.008836378011015562, "Asquare": 893138.6081746893, "Asquare_std": 1080483.1000502896, "Kappa": 1.0047490271367927, "Kappa_std": 0.0010223022417930566}