{"lognormal": {"D": 0.0733205668999536, "D_std": 0.004004230455907198, "xmin": 1e-07, "xmin_std": 0.0, "V": 0.1208081644176576, "V_std": 0.004569173088522264, "Asquare": 20.277294423711577, "Asquare_std": 1.522974876083199, "Kappa": 1.0174452141955328, "Kappa_std": 0.000613525325541892, "mu": -10.9945289077285, "mu_std": 0.03924603446911446, "sigma": 2.2113837030807213, "sigma_std": 0.02810510604012021}, "exponential": {"D": 0.2821265353095735, "D_std": 0.006200193024201892, "xmin": 1e-07, "xmin_std": 0.0, "V": 0.33562084872028236, "V_std": 0.005959744963093146, "Asquare": 809.1598794027163, "Asquare_std": 37.90915692811337, "Kappa": 0.8812530111170416, "Kappa_std": 0.002223903244643312, "Lambda": 12251.714414290334, "Lambda_std": 240.59286168810002}, "truncated_power_law": {"D": 0.03359159294376983, "D_std": 0.003679128396718868, "xmin": 1e-07, "xmin_std": 0.0, "V": 0.06081116137172913, "V_std": 0.006932427933339464, "Asquare": 3.184782917114301, "Asquare_std": 0.6192213828011005, "Kappa": 1.0002261152417247, "Kappa_std": 0.000963941600806353, "alpha": 0.7107564994934124, "alpha_std": 0.008625136925250642, "Lambda": 4001.872444289106, "Lambda_std": 86.0906616000368}, "power_law": {"D": 0.2570218037785848, "D_std": 0.005084242574263748, "xmin": 1e-07, "xmin_std": 0.0, "V": 0.4368213299689584, "V_std": 0.0063820761857032735, "Asquare": 233.21016810718325, "Asquare_std": 7.436341161344248, "Kappa": 1.0851697484951581, "Kappa_std": 0.001792192121291396, "alpha": 1.1928829827872027, "alpha_std": 0.0012412424170147665}, "stretched_exponential": {"D": 0.04782020859281453, "D_std": 0.00477849711754232, "xmin": 1e-07, "xmin_std": 0.0, "V": 0.08547451283779298, "V_std": 0.006648400537052749, "Asquare": 8.851683998374606, "Asquare_std": 1.2841337885149018, "Kappa": 1.0032085738169179, "Kappa_std": 0.00048212347265832523, "Lambda": 24220.861639026552, "Lambda_std": 912.3949623593531, "beta": 0.4948904020429829, "beta_std": 0.006912352309709128}}