{"alpha": 0.679822777092854, "alpha_std": 0.008028382050117544, "Lambda": 117.50831498291754, "Lambda_std": 4.293294356488996, "D": 0.09247527640192862, "D_std": 0.0031784295717696425, "xmin": 1.0000000000000002e-06, "xmin_std": 2.117582368135751e-22, "V": 0.1584614331118814, "V_std": 0.0050410367392351605, "Asquare": 38.280792561265585, "Asquare_std": 2.1605029074275133, "Kappa": 0.9709839048424124, "Kappa_std": 0.0009360062029760132}