{"alpha": 0.6794083285441574, "alpha_std": 0.008231557674854563, "Lambda": 101.18424210444945, "Lambda_std": 5.505967634266943, "D": 0.09349191515950786, "D_std": 0.004057788785918391, "xmin": 1.0000000000000002e-06, "xmin_std": 2.117582368135751e-22, "V": 0.16228394203650118, "V_std": 0.006671746264732366, "Asquare": 45.72917752940084, "Asquare_std": 3.5137173247210467, "Kappa": 0.9694793004829696, "Kappa_std": 0.001189584702406143}