{"alpha": 0.8997015840709233, "alpha_std": 0.014245228469576893, "Lambda": 560.6630151612865, "Lambda_std": 55.16101225191288, "D": 0.0462287799480293, "D_std": 0.003981208318836538, "xmin": 1.0000000000000002e-06, "xmin_std": 2.117582368135751e-22, "V": 0.08925154866293594, "V_std": 0.006635928287190931, "Asquare": 10.034736853656037, "Asquare_std": 5.164443976671742, "Kappa": 0.9895343403219459, "Kappa_std": 0.0009571917888164604}