{"lognormal": {"D": 0.0484937579918902, "D_std": 0.004528335299264994, "xmin": 1e-07, "xmin_std": 0.0, "V": 0.07189914651695799, "V_std": 0.004844532022157426, "Asquare": 5.278944567819897, "Asquare_std": 0.729211362246291, "Kappa": 1.01497134436612, "Kappa_std": 0.0008227260474497327, "mu": -10.465830433056125, "mu_std": 0.03509879849645168, "sigma": 2.215914438431818, "sigma_std": 0.014033830442829985}, "exponential": {"D": 0.30708036224667545, "D_std": 0.0073821865829276165, "xmin": 1e-07, "xmin_std": 0.0, "V": 0.35787757533145204, "V_std": 0.0076118690394126375, "Asquare": 890.1888975104512, "Asquare_std": 117.41189148580894, "Kappa": 0.8445463890524172, "Kappa_std": 0.004030950988466303, "Lambda": 6132.128497012323, "Lambda_std": 158.9193091737904}, "truncated_power_law": {"D": 0.044840955607942726, "D_std": 0.004437908171309781, "xmin": 1e-07, "xmin_std": 0.0, "V": 0.08398547903253063, "V_std": 0.007224903418311563, "Asquare": 5.014132261096987, "Asquare_std": 0.8203038764394777, "Kappa": 0.9833374906057907, "Kappa_std": 0.0012969895902118073, "alpha": 0.7371837720218442, "alpha_std": 0.006844388438550847, "Lambda": 1820.0766681459395, "Lambda_std": 56.7704448298353}, "power_law": {"D": 0.2906500070676383, "D_std": 0.004688058485009951, "xmin": 1e-07, "xmin_std": 0.0, "V": 0.46045217714097975, "V_std": 0.0063213025742463605, "Asquare": 144.19441707824726, "Asquare_std": 4.9894376609237785, "Kappa": 1.0485621921161514, "Kappa_std": 0.0026925158132022364, "alpha": 1.1758546943319363, "alpha_std": 0.0010075190624000794}, "stretched_exponential": {"D": 0.02088165468556318, "D_std": 0.00274665529971942, "xmin": 1e-07, "xmin_std": 0.0, "V": 0.03768561757151435, "V_std": 0.004661013090709841, "Asquare": 0.626395166261616, "Asquare_std": 0.15150227218947268, "Kappa": 0.9987634527775444, "Kappa_std": 0.0008093574432275246, "Lambda": 14149.974319053716, "Lambda_std": 510.3103840593201, "beta": 0.4718728562768719, "beta_std": 0.0050193636252267235}}