{"alpha": 0.7505646069709228, "alpha_std": 0.0220401490701292, "Lambda": 2697.2352317842374, "Lambda_std": 133.60435859829988, "D": 0.04386650740937559, "D_std": 0.0038854473738525624, "xmin": 5.000000000000001e-07, "xmin_std": 1.0587911840678754e-22, "V": 0.07784560331297179, "V_std": 0.005812259948118999, "Asquare": 4.933055017826308, "Asquare_std": 0.7907294022802598, "Kappa": 1.0066383855900523, "Kappa_std": 0.0008100084669073431}