{"lognormal": {"D": 0.028372554170076326, "D_std": 0.003687573137893533, "xmin": 0.0005000000000000001, "xmin_std": 1.0842021724855044e-19, "V": 0.05090601352786748, "V_std": 0.0059223445708665836, "Asquare": 1.0037431584727539, "Asquare_std": 0.23348094267088046, "Kappa": 1.0074523798277066, "Kappa_std": 0.0009939542529363704, "mu": -6.25944517473196, "mu_std": 0.06279992134119007, "sigma": 1.7622646549674008, "sigma_std": 0.03379082453877559}, "exponential": {"D": 0.24757159101494083, "D_std": 0.007666274964210266, "xmin": 0.0005000000000000001, "xmin_std": 1.0842021724855044e-19, "V": 0.2939842169733057, "V_std": 0.010289184658446918, "Asquare": 1532.902173206215, "Asquare_std": 1996.5223114429298, "Kappa": 0.8686211541030069, "Kappa_std": 0.0047459834132411935, "Lambda": 108.01052921150085, "Lambda_std": 5.404580372540831}, "truncated_power_law": {"D": 0.026543863862940432, "D_std": 0.004359889463176407, "xmin": 0.0005000000000000001, "xmin_std": 1.0842021724855044e-19, "V": 0.048776027305894296, "V_std": 0.008646074816938217, "Asquare": 0.7123068063695326, "Asquare_std": 0.27589685096122024, "Kappa": 0.9999705946619066, "Kappa_std": 0.0003718540287786685, "alpha": 1.0736835330776333, "alpha_std": 0.01817463082327529, "Lambda": 22.6296581905974, "Lambda_std": 1.5665160289598077}, "power_law": {"D": 0.16325458183149366, "D_std": 0.00792273439253022, "xmin": 0.0005000000000000001, "xmin_std": 1.0842021724855044e-19, "V": 0.18353533136757988, "V_std": 0.00757572886633102, "Asquare": 35.39063105887394, "Asquare_std": 2.599356851264674, "Kappa": 1.0807257618920187, "Kappa_std": 0.0029135051976388934, "alpha": 1.495330443161473, "alpha_std": 0.008246034546942196}, "stretched_exponential": {"D": 0.01920185826463449, "D_std": 0.002996096662914173, "xmin": 0.0005000000000000001, "xmin_std": 1.0842021724855044e-19, "V": 0.03528307806695853, "V_std": 0.004253921773796458, "Asquare": 0.35530705814611435, "Asquare_std": 0.10122587771332874, "Kappa": 1.0016163848306507, "Kappa_std": 0.00041099710128892795, "Lambda": 614.3611005312758, "Lambda_std": 68.81833535165934, "beta": 0.4012197806896318, "beta_std": 0.010275114240648805}}