{"alpha": 0.5094488355560401, "alpha_std": 0.036546151943216205, "Lambda": 3643.311727999853, "Lambda_std": 179.0587465906129, "D": 0.0313829183905397, "D_std": 0.004573334583227467, "xmin": 1.0000000000000003e-05, "xmin_std": 1.6940658945086007e-21, "V": 0.05573026172284247, "V_std": 0.007774498188238615, "Asquare": 2.0588400348025018, "Asquare_std": 0.6541258386453818, "Kappa": 1.0040352664912058, "Kappa_std": 0.0006899335887092372}