{"alpha": 0.5686836253958474, "alpha_std": 0.010021428766871796, "Lambda": 104.76225935934796, "Lambda_std": 3.065711110269286, "D": 0.04441996501310751, "D_std": 0.0020396353414531268, "xmin": 1.0000000000000002e-06, "xmin_std": 2.117582368135751e-22, "V": 0.08518701721187746, "V_std": 0.0036744144409182247, "Asquare": 8.60879396624265, "Asquare_std": 0.6033305392301748, "Kappa": 0.9970015239593046, "Kappa_std": 0.0008296641985341013}