{"lognormal": {"D": 0.21814451488044728, "D_std": 0.0005604755063225867, "xmin": 1.0000000000000002e-06, "xmin_std": 2.117582368135751e-22, "V": 0.2854864130946883, "V_std": 0.001029077099161858, "Asquare": 337960940.98975, "Asquare_std": 41070406.22646659, "Kappa": 1.0036581038804406, "Kappa_std": 3.698849886475705e-05, "mu": -10.843149073733143, "mu_std": 0.0012843430376836829, "sigma": 0.8611909075488955, "sigma_std": 0.002355655757570169}, "exponential": {"D": 0.4148737634715724, "D_std": 0.009551468802427876, "xmin": 1.0000000000000002e-06, "xmin_std": 2.117582368135751e-22, "V": 0.5371727327526451, "V_std": 0.005606079821178692, "Asquare": 3202163448.3052783, "Asquare_std": 106258234.9574748, "Kappa": 0.9931370173404513, "Kappa_std": 0.0005426844469400543, "Lambda": 14495.497611993313, "Lambda_std": 502.3436425621682}, "truncated_power_law": {"D": 0.4099373926272632, "D_std": 0.00284732696342565, "xmin": 1.0000000000000002e-06, "xmin_std": 2.117582368135751e-22, "V": 0.6382221823661275, "V_std": 0.00283889277652293, "Asquare": 93973541.60924442, "Asquare_std": 16486534.090238193, "Kappa": 0.9878394412746585, "Kappa_std": 0.0006867945261459998, "alpha": 1.0234770808456426, "alpha_std": 0.010600259020007476, "Lambda": 1652.131939197204, "Lambda_std": 132.7267189318016}, "power_law": {"D": 0.5390357747616469, "D_std": 0.00015512779870339045, "xmin": 1.0000000000000002e-06, "xmin_std": 2.117582368135751e-22, "V": 0.7205287486440445, "V_std": 0.0004584751398582673, "Asquare": 55.92661257047325, "Asquare_std": 0.5886040677066668, "Kappa": 0.933682002997392, "Kappa_std": 0.00023278630958099936, "alpha": 1.3363328028594916, "alpha_std": 0.00014614107338649504}, "stretched_exponential": {"D": 0.3881734152911336, "D_std": 0.000979985235558813, "xmin": 1.0000000000000002e-06, "xmin_std": 2.117582368135751e-22, "V": 0.5297549494403831, "V_std": 0.0015020219067373392, "Asquare": 192907502.55853227, "Asquare_std": 23451748.984344807, "Kappa": 0.9997944425051253, "Kappa_std": 5.6916857228287684e-05, "Lambda": 50589.91693213284, "Lambda_std": 417.40526564969133, "beta": 0.5309539166010635, "beta_std": 0.004125717063908}}