{"lognormal": {"D": 0.08068778000958594, "D_std": 0.0043463097893404416, "xmin": 1e-07, "xmin_std": 0.0, "V": 0.12620834821877103, "V_std": 0.0054383716799410444, "Asquare": 424015.3470646481, "Asquare_std": 512097.0825023355, "Kappa": 1.016183791834384, "Kappa_std": 0.0006775446699297102, "mu": -10.968983885384137, "mu_std": 0.03532643466902839, "sigma": 2.2402072498989547, "sigma_std": 0.030527518105549177}, "exponential": {"D": 0.29942203506216947, "D_std": 0.005313537700907539, "xmin": 1e-07, "xmin_std": 0.0, "V": 0.3553868415772944, "V_std": 0.007039703495495788, "Asquare": 479353.65932412294, "Asquare_std": 578916.0828641788, "Kappa": 0.8802769898722091, "Kappa_std": 0.0036426913933750387, "Lambda": 11398.16550786865, "Lambda_std": 262.72171545249483}, "truncated_power_law": {"D": 0.04492704220284866, "D_std": 0.002703960188665961, "xmin": 1e-07, "xmin_std": 0.0, "V": 0.07663857100979332, "V_std": 0.004624835978878612, "Asquare": 337248.9862492091, "Asquare_std": 407435.6028215071, "Kappa": 1.0000087257340275, "Kappa_std": 0.000842801775351143, "alpha": 0.7225877525185352, "alpha_std": 0.010018894612623565, "Lambda": 3602.1566872713543, "Lambda_std": 143.36030845031553}, "power_law": {"D": 0.2577319526762075, "D_std": 0.005437603461950023, "xmin": 1e-07, "xmin_std": 0.0, "V": 0.4349988170841315, "V_std": 0.006097088287299728, "Asquare": 152427.2482883225, "Asquare_std": 184108.12040613973, "Kappa": 1.0819775807990872, "Kappa_std": 0.001430068948908259, "alpha": 1.191805451513245, "alpha_std": 0.0010657419962010843}, "stretched_exponential": {"D": 0.054020697623120305, "D_std": 0.003604215087000756, "xmin": 1e-07, "xmin_std": 0.0, "V": 0.10371860314476442, "V_std": 0.005509158070032317, "Asquare": 375508.55592363107, "Asquare_std": 453758.6949668483, "Kappa": 1.0029624129519443, "Kappa_std": 0.0005093510040909295, "Lambda": 23438.247373248756, "Lambda_std": 772.143573436068, "beta": 0.48324461678735275, "beta_std": 0.008274139509044737}}