{"lognormal": {"D": 0.04557058578419311, "D_std": 0.0061686154305716405, "xmin": 0.0005000000000000001, "xmin_std": 1.0842021724855044e-19, "V": 0.08038306799806874, "V_std": 0.008223662469764262, "Asquare": 2.2833638636409743, "Asquare_std": 0.4076117119838824, "Kappa": 1.0108743384612102, "Kappa_std": 0.0007914220539658339, "mu": -6.397996891066023, "mu_std": 0.1129415455104853, "sigma": 1.83473347891724, "sigma_std": 0.054102329719594805}, "exponential": {"D": 0.24865802162097989, "D_std": 0.013381095612329696, "xmin": 0.0005000000000000001, "xmin_std": 1.0842021724855044e-19, "V": 0.2962137107195886, "V_std": 0.014745303290009629, "Asquare": 230.63324644884756, "Asquare_std": 84.0246387882829, "Kappa": 0.8777259845425867, "Kappa_std": 0.006029584732471345, "Lambda": 112.52769292661313, "Lambda_std": 4.4448836403962435}, "truncated_power_law": {"D": 0.024317533335828374, "D_std": 0.0031193684981447767, "xmin": 0.0005000000000000001, "xmin_std": 1.0842021724855044e-19, "V": 0.044654073665831844, "V_std": 0.004442872661690202, "Asquare": 0.4135621462275617, "Asquare_std": 0.0977471832398177, "Kappa": 1.0016680903958206, "Kappa_std": 0.00039367996977728096, "alpha": 1.072077796970186, "alpha_std": 0.0317363320136345, "Lambda": 24.007863621437803, "Lambda_std": 2.264281812699759}, "power_law": {"D": 0.14980618299025034, "D_std": 0.008977125038528426, "xmin": 0.0005000000000000001, "xmin_std": 1.0842021724855044e-19, "V": 0.17141763844628186, "V_std": 0.009443450538252284, "Asquare": 31.44173809391403, "Asquare_std": 3.227802086715654, "Kappa": 1.0787871383618544, "Kappa_std": 0.003646410164332594, "alpha": 1.5005989262961927, "alpha_std": 0.007992115621598291}, "stretched_exponential": {"D": 0.032887410429856344, "D_std": 0.0029352185801718896, "xmin": 0.0005000000000000001, "xmin_std": 1.0842021724855044e-19, "V": 0.05953098928806474, "V_std": 0.007558192852713561, "Asquare": 1.0761298244952386, "Asquare_std": 0.2674509345108685, "Kappa": 1.0029125560723962, "Kappa_std": 0.00041115119851037487, "Lambda": 666.7069365916866, "Lambda_std": 113.8384740253136, "beta": 0.39709276139724914, "beta_std": 0.019673291466342127}}