{"alpha": 0.680137509207493, "alpha_std": 0.008458376829219908, "Lambda": 89.21210452760896, "Lambda_std": 4.672075365590451, "D": 0.09534286742357836, "D_std": 0.0033761473892271114, "xmin": 1.0000000000000002e-06, "xmin_std": 2.117582368135751e-22, "V": 0.17253223231528986, "V_std": 0.006135042159859073, "Asquare": 55.384835852210884, "Asquare_std": 12.144155830626174, "Kappa": 0.9662513035466344, "Kappa_std": 0.0010305611577275588}