{"alpha": 0.6681899518087129, "alpha_std": 0.012368313147243522, "Lambda": 117.97423903074085, "Lambda_std": 6.91684098552514, "D": 0.0962662433190308, "D_std": 0.0048869783195146605, "xmin": 1.0000000000000002e-06, "xmin_std": 2.117582368135751e-22, "V": 0.16497215256529685, "V_std": 0.006723463570652478, "Asquare": 14845.557426872567, "Asquare_std": 11520.31462463711, "Kappa": 0.9672433807209702, "Kappa_std": 0.0012572122317639099}