{"alpha": 0.8540163317247809, "alpha_std": 0.00662921662713615, "Lambda": 717.5199555907351, "Lambda_std": 41.50953048867612, "D": 0.04715327461958969, "D_std": 0.0027290943967450904, "xmin": 5.000000000000001e-07, "xmin_std": 1.0587911840678754e-22, "V": 0.0893629127127014, "V_std": 0.004808129565251221, "Asquare": 9.202246014147866, "Asquare_std": 1.777259564440155, "Kappa": 0.9867042527073874, "Kappa_std": 0.0011792015967839375}