{"alpha": 0.8941912245095713, "alpha_std": 0.008627418541279595, "Lambda": 781.9172109462253, "Lambda_std": 47.420144039344684, "D": 0.04010048114946512, "D_std": 0.004783596707779147, "xmin": 1.0000000000000002e-06, "xmin_std": 2.117582368135751e-22, "V": 0.07390448053558438, "V_std": 0.007239125744399885, "Asquare": 452.4081768325973, "Asquare_std": 500.823376814811, "Kappa": 0.991347281177098, "Kappa_std": 0.0009913201868081542}