{"alpha": 0.766720115309095, "alpha_std": 0.01739512714771888, "Lambda": 3201.9565451815674, "Lambda_std": 145.8453226359973, "D": 0.044625910444742324, "D_std": 0.0037231398335988305, "xmin": 5.000000000000001e-07, "xmin_std": 1.0587911840678754e-22, "V": 0.0743693056227861, "V_std": 0.005796699452694264, "Asquare": 5.217935552776101, "Asquare_std": 0.6808850051080277, "Kappa": 1.0050077444129066, "Kappa_std": 0.0007686878567049113}