{"lognormal": {"D": 0.02585311293421646, "D_std": 0.0022184059214195224, "xmin": 0.0005000000000000001, "xmin_std": 1.0842021724855044e-19, "V": 0.04310687888226933, "V_std": 0.0034359614042288747, "Asquare": 0.9895318066599795, "Asquare_std": 0.2190086287956915, "Kappa": 1.0068673448461265, "Kappa_std": 0.0009258838170851214, "mu": -6.819496013849237, "mu_std": 0.1094108036750922, "sigma": 2.0437497211581634, "sigma_std": 0.0504579313694186}, "exponential": {"D": 0.3183607258500808, "D_std": 0.0103739410685435, "xmin": 0.0005000000000000001, "xmin_std": 1.0842021724855044e-19, "V": 0.3638221273341423, "V_std": 0.011299310464221111, "Asquare": 4212.486019259615, "Asquare_std": 3052.0132633203416, "Kappa": 0.827262161184114, "Kappa_std": 0.007241551715440617, "Lambda": 96.45102274282308, "Lambda_std": 5.636954463635959}, "truncated_power_law": {"D": 0.03142179605128167, "D_std": 0.005313530652741887, "xmin": 0.0005000000000000001, "xmin_std": 1.0842021724855044e-19, "V": 0.053413717533854196, "V_std": 0.009234713856824043, "Asquare": 0.9465611719844838, "Asquare_std": 0.3477204086979178, "Kappa": 1.0017156135328, "Kappa_std": 0.0005317595343354651, "alpha": 1.2189454271008984, "alpha_std": 0.020917332924602416, "Lambda": 12.675762539291677, "Lambda_std": 1.1603068400071634}, "power_law": {"D": 0.13289146938124885, "D_std": 0.005761041874603835, "xmin": 0.0005000000000000001, "xmin_std": 1.0842021724855044e-19, "V": 0.1375278058884187, "V_std": 0.007430321643962072, "Asquare": 20.98612402527184, "Asquare_std": 1.9607810963649257, "Kappa": 1.069176728880462, "Kappa_std": 0.0035046347810980005, "alpha": 1.5129061430538202, "alpha_std": 0.009356842668574408}, "stretched_exponential": {"D": 0.01987406970531541, "D_std": 0.002969734410529537, "xmin": 0.0005000000000000001, "xmin_std": 1.0842021724855044e-19, "V": 0.03625517242134396, "V_std": 0.005847129453280304, "Asquare": 0.6376391625191794, "Asquare_std": 0.18711803602338162, "Kappa": 1.0028616265646995, "Kappa_std": 0.0004526346300255579, "Lambda": 2021.176341744324, "Lambda_std": 505.1115258697869, "beta": 0.30749616576589894, "beta_std": 0.01206781361558218}}