{"alpha": 0.5807783592812046, "alpha_std": 0.01272902362078908, "Lambda": 92.93263720826505, "Lambda_std": 2.990560194062635, "D": 0.08351802368105835, "D_std": 0.004484598532720236, "xmin": 1.0000000000000002e-06, "xmin_std": 2.117582368135751e-22, "V": 0.1361026903055098, "V_std": 0.006926841901898108, "Asquare": 10877079.442612227, "Asquare_std": 13042343.17627043, "Kappa": 0.9832281982699069, "Kappa_std": 0.001272604090985523}