{"alpha": 0.738260943073764, "alpha_std": 0.010202899957999832, "Lambda": 3401.243526076807, "Lambda_std": 129.06893538236346, "D": 0.04085418081560506, "D_std": 0.005691368860153205, "xmin": 5.000000000000001e-07, "xmin_std": 1.0587911840678754e-22, "V": 0.06979894203615504, "V_std": 0.008959691680854137, "Asquare": 4.574880087347496, "Asquare_std": 1.0582996256952095, "Kappa": 1.0048388214590576, "Kappa_std": 0.0006260522718019205}