{"alpha": 0.6703440375511753, "alpha_std": 0.007820718320109298, "Lambda": 154.8539245965329, "Lambda_std": 5.35963157780031, "D": 0.08611706325209965, "D_std": 0.004827486737609055, "xmin": 1.0000000000000002e-06, "xmin_std": 2.117582368135751e-22, "V": 0.1520898764147118, "V_std": 0.006573723501125038, "Asquare": 34.440230391229576, "Asquare_std": 2.9345082509645035, "Kappa": 0.9716618037093081, "Kappa_std": 0.0010736902380578542}