{"lognormal": {"D": 0.03008615623077448, "D_std": 0.003995151896651573, "xmin": 0.0005000000000000001, "xmin_std": 1.0842021724855044e-19, "V": 0.05391447482767518, "V_std": 0.007838372130868571, "Asquare": 1.1365224913228755, "Asquare_std": 0.3278367609619151, "Kappa": 1.0079335052656064, "Kappa_std": 0.001129210034580603, "mu": -6.406307128898075, "mu_std": 0.06892548383557326, "sigma": 1.8394825438631894, "sigma_std": 0.040771538182478015}, "exponential": {"D": 0.2607756091711672, "D_std": 0.007721068949698815, "xmin": 0.0005000000000000001, "xmin_std": 1.0842021724855044e-19, "V": 0.3085098655337311, "V_std": 0.009346158735982041, "Asquare": 913.1086755145652, "Asquare_std": 1062.2525207161223, "Kappa": 0.8616254338795389, "Kappa_std": 0.004272385282866152, "Lambda": 107.11598931373555, "Lambda_std": 5.7590188204278565}, "truncated_power_law": {"D": 0.022686424755553002, "D_std": 0.003660001087196553, "xmin": 0.0005000000000000001, "xmin_std": 1.0842021724855044e-19, "V": 0.041503724402530286, "V_std": 0.006466903083605924, "Asquare": 0.4678914103900028, "Asquare_std": 0.20280542324383002, "Kappa": 1.0005357922503737, "Kappa_std": 0.00045208681962779156, "alpha": 1.1092718890167965, "alpha_std": 0.01935336774059216, "Lambda": 20.383085669125045, "Lambda_std": 1.4606016387205105}, "power_law": {"D": 0.1509602748648969, "D_std": 0.00609543081711322, "xmin": 0.0005000000000000001, "xmin_std": 1.0842021724855044e-19, "V": 0.16711512655779853, "V_std": 0.007239494341954292, "Asquare": 31.205884610831486, "Asquare_std": 2.81277355501857, "Kappa": 1.0776950627658939, "Kappa_std": 0.0037529278481772768, "alpha": 1.5011276115173169, "alpha_std": 0.009107036908329551}, "stretched_exponential": {"D": 0.019905144934429332, "D_std": 0.004497745212290924, "xmin": 0.0005000000000000001, "xmin_std": 1.0842021724855044e-19, "V": 0.036678176252796145, "V_std": 0.0069236297484907726, "Asquare": 0.4045072229726522, "Asquare_std": 0.1490086185235525, "Kappa": 1.0019529398260012, "Kappa_std": 0.00047529947368252744, "Lambda": 778.6933787044075, "Lambda_std": 97.10535208600952, "beta": 0.37735719250146155, "beta_std": 0.010489602927144499}}