{"alpha": 1.0285231309228389, "alpha_std": 0.02117049104071086, "Lambda": 532.9341744835726, "Lambda_std": 56.39908861259846, "D": 0.03576757373660135, "D_std": 0.00462347617301841, "xmin": 1.0000000000000003e-05, "xmin_std": 1.6940658945086007e-21, "V": 0.0654537010961125, "V_std": 0.008069371337419013, "Asquare": 3.4669646080216703, "Asquare_std": 0.9072130239370964, "Kappa": 1.0006387562863392, "Kappa_std": 0.00047170342548387764}