{"lognormal": {"D": 0.08661983878424204, "D_std": 0.004911905792870363, "xmin": 1e-07, "xmin_std": 0.0, "V": 0.1432495859695231, "V_std": 0.008025422124952051, "Asquare": 4114737.718975324, "Asquare_std": 2190672.5610126127, "Kappa": 1.0239705646666055, "Kappa_std": 0.0007508952619336422, "mu": -10.321722092199451, "mu_std": 0.03786300945506242, "sigma": 2.197039508544928, "sigma_std": 0.019989800886941893}, "exponential": {"D": 0.2542504620314189, "D_std": 0.007057266339961815, "xmin": 1e-07, "xmin_std": 0.0, "V": 0.30213656699468605, "V_std": 0.006788177794111601, "Asquare": 4707032.655158871, "Asquare_std": 2505029.976108351, "Kappa": 0.901693108629171, "Kappa_std": 0.0042920424297965935, "Lambda": 6762.560459922995, "Lambda_std": 160.594527125599}, "truncated_power_law": {"D": 0.03525920677971199, "D_std": 0.005084130505293842, "xmin": 1e-07, "xmin_std": 0.0, "V": 0.0652285385447681, "V_std": 0.008545363568571373, "Asquare": 2808369.301535272, "Asquare_std": 1492209.0154556066, "Kappa": 1.0025303322401473, "Kappa_std": 0.00154161087792657, "alpha": 0.6610866713403108, "alpha_std": 0.008225835706438214, "Lambda": 2454.5217507023312, "Lambda_std": 62.26677558509987}, "power_law": {"D": 0.2821131123470589, "D_std": 0.005285282216861484, "xmin": 1e-07, "xmin_std": 0.0, "V": 0.4800711441586854, "V_std": 0.005227064150612717, "Asquare": 805557.2014899722, "Asquare_std": 428937.4608878718, "Kappa": 1.0718389766842211, "Kappa_std": 0.0018627607150122456, "alpha": 1.1717217005267382, "alpha_std": 0.001037636328258372}, "stretched_exponential": {"D": 0.05138501301040792, "D_std": 0.0057037494192360835, "xmin": 1e-07, "xmin_std": 0.0, "V": 0.0965110047524582, "V_std": 0.009305104556966202, "Asquare": 3323622.45400497, "Asquare_std": 1766643.6325253658, "Kappa": 1.0081342816528862, "Kappa_std": 0.0008462423190329229, "Lambda": 11886.369594760079, "Lambda_std": 421.9077582930283, "beta": 0.5263302691227072, "beta_std": 0.006074264844218965}}