{"alpha": 0.4568040371391703, "alpha_std": 0.0381062603005343, "Lambda": 5174.7338116679175, "Lambda_std": 243.4209651260933, "D": 0.028436420906531784, "D_std": 0.0048471259060799575, "xmin": 1.0000000000000003e-05, "xmin_std": 1.6940658945086007e-21, "V": 0.050550711012841816, "V_std": 0.007599670116167076, "Asquare": 1.8643021792150043, "Asquare_std": 0.6128433265613347, "Kappa": 1.003226344497271, "Kappa_std": 0.0006197241063737236}