{"lognormal": {"D": 0.20487255948071229, "D_std": 0.0008061421303467148, "xmin": 1.0000000000000002e-06, "xmin_std": 2.117582368135751e-22, "V": 0.2669224599772025, "V_std": 0.0019042068284684374, "Asquare": 370204267.01831216, "Asquare_std": 31016147.64642235, "Kappa": 1.0035793615118673, "Kappa_std": 5.53271386886046e-05, "mu": -10.80898766130816, "mu_std": 0.0016689101824808132, "sigma": 0.8545782614481485, "sigma_std": 0.003927567881638604}, "exponential": {"D": 0.40404200309909816, "D_std": 0.011957813827212537, "xmin": 1.0000000000000002e-06, "xmin_std": 2.117582368135751e-22, "V": 0.5233421271209813, "V_std": 0.007102014079580005, "Asquare": 3438904263.902125, "Asquare_std": 188309691.22251952, "Kappa": 0.9932544169549555, "Kappa_std": 0.0006406552103699543, "Lambda": 14117.071360697057, "Lambda_std": 613.6254467737601}, "truncated_power_law": {"D": 0.398920813245466, "D_std": 0.0025055604539779733, "xmin": 1.0000000000000002e-06, "xmin_std": 2.117582368135751e-22, "V": 0.627615694169387, "V_std": 0.0026971915792062336, "Asquare": 118505513.98083588, "Asquare_std": 18642532.140054576, "Kappa": 0.9886965442755364, "Kappa_std": 0.0006639402751784959, "alpha": 1.0000741463750284, "alpha_std": 0.009690747327688803, "Lambda": 1824.665189808017, "Lambda_std": 126.54539254476825}, "power_law": {"D": 0.5349855730559256, "D_std": 0.00020011517629809985, "xmin": 1.0000000000000002e-06, "xmin_std": 2.117582368135751e-22, "V": 0.7234562485553486, "V_std": 0.00048065372740025987, "Asquare": 60.135954818637586, "Asquare_std": 0.797344325148672, "Kappa": 0.9321455947539652, "Kappa_std": 0.0004233280858737137, "alpha": 1.3325336132420116, "alpha_std": 0.0001868511501165137}, "stretched_exponential": {"D": 0.37944020614231067, "D_std": 0.0008592605882252274, "xmin": 1.0000000000000002e-06, "xmin_std": 2.117582368135751e-22, "V": 0.5207912451448833, "V_std": 0.0017167962703492625, "Asquare": 224090715.13648373, "Asquare_std": 20309758.24504135, "Kappa": 0.9998462213893473, "Kappa_std": 9.7854361065033e-05, "Lambda": 47712.599629271936, "Lambda_std": 333.4746233343557, "beta": 0.5397030787018281, "beta_std": 0.004548367201389597}}