{"alpha": 0.6330928710017869, "alpha_std": 0.0071893946663078, "Lambda": 79.94413386433398, "Lambda_std": 4.258752377555859, "D": 0.09301905449233804, "D_std": 0.005307231043172246, "xmin": 1.0000000000000002e-06, "xmin_std": 2.117582368135751e-22, "V": 0.1601630279937242, "V_std": 0.006996902134987514, "Asquare": 30.119530086308963, "Asquare_std": 2.696741868352596, "Kappa": 0.9722362307620379, "Kappa_std": 0.0011777455411548635}