{"lognormal": {"D": 0.04107210899586888, "D_std": 0.004415033350686875, "xmin": 1e-07, "xmin_std": 0.0, "V": 0.06509760593780876, "V_std": 0.005729809468299283, "Asquare": 4.569108815032993, "Asquare_std": 0.49694299716193846, "Kappa": 1.0131802666362528, "Kappa_std": 0.0008352591219786211, "mu": -10.379143065510636, "mu_std": 0.04596648915129756, "sigma": 2.1636006185799617, "sigma_std": 0.02952943536510418}, "exponential": {"D": 0.3131523301256271, "D_std": 0.006653051182711334, "xmin": 1e-07, "xmin_std": 0.0, "V": 0.3680280661618345, "V_std": 0.006965813748645301, "Asquare": 155245.56530713345, "Asquare_std": 172712.30527806687, "Kappa": 0.8451774752336327, "Kappa_std": 0.00255538994741767, "Lambda": 5885.76032760554, "Lambda_std": 148.97484131110073}, "truncated_power_law": {"D": 0.052453717691316196, "D_std": 0.0037518510369275726, "xmin": 1e-07, "xmin_std": 0.0, "V": 0.09701985816649007, "V_std": 0.005235061989783534, "Asquare": 6.620603411558363, "Asquare_std": 0.8611631531245435, "Kappa": 0.9811918489393578, "Kappa_std": 0.0012909981441693473, "alpha": 0.7232568046739705, "alpha_std": 0.00906616487712979, "Lambda": 1812.965298545106, "Lambda_std": 48.254195001531556}, "power_law": {"D": 0.30027717719649716, "D_std": 0.005957692222122188, "xmin": 1e-07, "xmin_std": 0.0, "V": 0.4762976447102424, "V_std": 0.0077633687324467834, "Asquare": 155.06870895130413, "Asquare_std": 5.850613283671019, "Kappa": 1.0509095757515747, "Kappa_std": 0.001908546992037978, "alpha": 1.1734734962558981, "alpha_std": 0.0012821108633030596}, "stretched_exponential": {"D": 0.027338163119153037, "D_std": 0.0036173285540292126, "xmin": 1e-07, "xmin_std": 0.0, "V": 0.04951102683833149, "V_std": 0.005588827028132728, "Asquare": 1.5908520764037655, "Asquare_std": 0.35557361208903926, "Kappa": 0.9966563709103617, "Kappa_std": 0.000957106966667847, "Lambda": 13076.09832444241, "Lambda_std": 591.7478859928561, "beta": 0.4814229981703548, "beta_std": 0.006738857984378143}}