{"lognormal": {"D": 0.04325543901604793, "D_std": 0.004582380225106734, "xmin": 0.0005000000000000001, "xmin_std": 1.0842021724855044e-19, "V": 0.06299042819978584, "V_std": 0.007615402202693806, "Asquare": 3.045728455814037, "Asquare_std": 0.47311403249573214, "Kappa": 1.0121863802915918, "Kappa_std": 0.0008737303555003246, "mu": -6.4562276864954224, "mu_std": 0.13075531233414275, "sigma": 2.0979451183972397, "sigma_std": 0.06093542666845287}, "exponential": {"D": 0.3187504957884721, "D_std": 0.009231721444233463, "xmin": 0.0005000000000000001, "xmin_std": 1.0842021724855044e-19, "V": 0.375062019024312, "V_std": 0.010727744472358995, "Asquare": 483.49530792602354, "Asquare_std": 141.50448040485452, "Kappa": 0.8375666121858505, "Kappa_std": 0.005191939541128588, "Lambda": 73.49395405006265, "Lambda_std": 1.743737691157368}, "truncated_power_law": {"D": 0.0228567812119397, "D_std": 0.0028341629776908596, "xmin": 0.0005000000000000001, "xmin_std": 1.0842021724855044e-19, "V": 0.04142407380137779, "V_std": 0.005850247915802248, "Asquare": 0.7351524838282508, "Asquare_std": 0.16382926890750518, "Kappa": 1.0019005111163373, "Kappa_std": 0.0003926498051413374, "alpha": 1.129760875518077, "alpha_std": 0.01853152581734119, "Lambda": 11.57873533337373, "Lambda_std": 0.6996281696785219}, "power_law": {"D": 0.14282846616284667, "D_std": 0.009711830819199395, "xmin": 0.0005000000000000001, "xmin_std": 1.0842021724855044e-19, "V": 0.14645848399683503, "V_std": 0.009613051550652799, "Asquare": 35.2446243991999, "Asquare_std": 2.422109798137417, "Kappa": 1.084916123577885, "Kappa_std": 0.0029555239625508978, "alpha": 1.4617490218463782, "alpha_std": 0.005256913328164598}, "stretched_exponential": {"D": 0.031575177392973816, "D_std": 0.0037135259250745552, "xmin": 0.0005000000000000001, "xmin_std": 1.0842021724855044e-19, "V": 0.05416701498124073, "V_std": 0.0072689478779900335, "Asquare": 1.7640584593396433, "Asquare_std": 0.3828247602342263, "Kappa": 1.0045227459004824, "Kappa_std": 0.00043781794201391274, "Lambda": 885.6148126696571, "Lambda_std": 205.47729101842066, "beta": 0.33012092061437354, "beta_std": 0.013243949956129696}}