{"alpha": 0.663105172703954, "alpha_std": 0.007865980532988402, "Lambda": 122.62527749404858, "Lambda_std": 4.23708727338758, "D": 0.09646703382664894, "D_std": 0.0038142069436464354, "xmin": 1.0000000000000002e-06, "xmin_std": 2.117582368135751e-22, "V": 0.17152290667887668, "V_std": 0.006232935621812886, "Asquare": 61.38296783693212, "Asquare_std": 16.267042114131534, "Kappa": 0.967347546032032, "Kappa_std": 0.0008934208877242317}