{"lognormal": {"D": 0.07784784649620384, "D_std": 0.0032164210786902276, "xmin": 1e-07, "xmin_std": 0.0, "V": 0.12619391936105653, "V_std": 0.0037659012399508794, "Asquare": 210753.4313527002, "Asquare_std": 244104.46254483942, "Kappa": 1.0161831108300263, "Kappa_std": 0.0006788441343518872, "mu": -11.016444609457885, "mu_std": 0.03306406724872773, "sigma": 2.2509357208275453, "sigma_std": 0.02546219791668363}, "exponential": {"D": 0.29755997289485625, "D_std": 0.0029506953934544137, "xmin": 1e-07, "xmin_std": 0.0, "V": 0.3571926062606498, "V_std": 0.003922483842758287, "Asquare": 240060.64636205244, "Asquare_std": 275881.23049277964, "Kappa": 0.8765483209109334, "Kappa_std": 0.002076525062748059, "Lambda": 11788.688926330948, "Lambda_std": 347.28455474645904}, "truncated_power_law": {"D": 0.040597595659135524, "D_std": 0.003169190999986511, "xmin": 1e-07, "xmin_std": 0.0, "V": 0.0779187853207403, "V_std": 0.0046081795610205594, "Asquare": 167041.46148213014, "Asquare_std": 193782.45416056304, "Kappa": 0.9998346877880424, "Kappa_std": 0.0006456484916083278, "alpha": 0.7281394905227856, "alpha_std": 0.006570016475783686, "Lambda": 3675.799530732658, "Lambda_std": 130.49833222698024}, "power_law": {"D": 0.250718439083215, "D_std": 0.004239681817612017, "xmin": 1e-07, "xmin_std": 0.0, "V": 0.4285781155567806, "V_std": 0.005434912035697581, "Asquare": 75893.89591893241, "Asquare_std": 87509.3135153318, "Kappa": 1.0831344296038146, "Kappa_std": 0.001809185251839252, "alpha": 1.1933750252985298, "alpha_std": 0.0011021324486796805}, "stretched_exponential": {"D": 0.05949446467469348, "D_std": 0.0028575916739509316, "xmin": 1e-07, "xmin_std": 0.0, "V": 0.10524913606204575, "V_std": 0.003646201354073077, "Asquare": 186239.81147572587, "Asquare_std": 215830.96083073408, "Kappa": 1.0025441581625834, "Kappa_std": 0.0004722374024095067, "Lambda": 24602.70539699981, "Lambda_std": 846.1342587221261, "beta": 0.4789543906505587, "beta_std": 0.005581243316826982}}