{"alpha": 0.7772425313495509, "alpha_std": 0.011399249230134242, "Lambda": 922.6831308986187, "Lambda_std": 51.656503404041906, "D": 0.05989192657140328, "D_std": 0.0020926272857361037, "xmin": 5.000000000000001e-07, "xmin_std": 1.0587911840678754e-22, "V": 0.09622120497636372, "V_std": 0.005880683960086647, "Asquare": 75.05337450366378, "Asquare_std": 63.88139763509461, "Kappa": 0.9872748506643265, "Kappa_std": 0.001392039902657831}