{"lognormal": {"D": 0.2186996788971829, "D_std": 0.000931525373830168, "xmin": 1.0000000000000002e-06, "xmin_std": 2.117582368135751e-22, "V": 0.2973958251064968, "V_std": 0.0017562431325835342, "Asquare": 416726843.16159713, "Asquare_std": 42792451.161701374, "Kappa": 1.0035815409461364, "Kappa_std": 6.623744436578017e-05, "mu": -10.852293061957178, "mu_std": 0.0019767581318663285, "sigma": 0.8514179062440226, "sigma_std": 0.004148689698445949}, "exponential": {"D": 0.42849728802890813, "D_std": 0.015505514832718741, "xmin": 1.0000000000000002e-06, "xmin_std": 2.117582368135751e-22, "V": 0.5522947621156561, "V_std": 0.00883943057349193, "Asquare": 2895433947.3575835, "Asquare_std": 169647787.35726774, "Kappa": 0.9929228007523502, "Kappa_std": 0.0006567761371428168, "Lambda": 14687.488108527436, "Lambda_std": 853.8520193228665}, "truncated_power_law": {"D": 0.4263590286970902, "D_std": 0.004100648542547787, "xmin": 1.0000000000000002e-06, "xmin_std": 2.117582368135751e-22, "V": 0.6529965541751699, "V_std": 0.003563357135303447, "Asquare": 49344304.413010225, "Asquare_std": 9924071.870187167, "Kappa": 0.9835778244529738, "Kappa_std": 0.0010937358045396434, "alpha": 1.076902882265481, "alpha_std": 0.013575943587121204, "Lambda": 1075.653187397796, "Lambda_std": 136.51257815671846}, "power_law": {"D": 0.5401458676763025, "D_std": 0.00024088356414059923, "xmin": 1.0000000000000002e-06, "xmin_std": 2.117582368135751e-22, "V": 0.7226997138812649, "V_std": 0.0003851526440376955, "Asquare": 54.06335750837208, "Asquare_std": 0.8528751253697121, "Kappa": 0.9347112936693269, "Kappa_std": 0.0004630307355656447, "alpha": 1.337379966107178, "alpha_std": 0.00022748539482442932}, "stretched_exponential": {"D": 0.3951005886149181, "D_std": 0.0015833614942762939, "xmin": 1.0000000000000002e-06, "xmin_std": 2.117582368135751e-22, "V": 0.5361308095662777, "V_std": 0.0023887484067880733, "Asquare": 177040600.39146346, "Asquare_std": 15190082.40262661, "Kappa": 0.9993754566266336, "Kappa_std": 9.009721535399492e-05, "Lambda": 53384.2123231553, "Lambda_std": 779.330658166869, "beta": 0.5155758626722247, "beta_std": 0.0063105316462899715}}