{"alpha": 0.9101957211474005, "alpha_std": 0.02284237994015836, "Lambda": 1228.4492834774512, "Lambda_std": 77.94506584216172, "D": 0.019409164120366307, "D_std": 0.004007487682896728, "xmin": 1.0000000000000003e-05, "xmin_std": 1.6940658945086007e-21, "V": 0.035550965704753794, "V_std": 0.007105789039669114, "Asquare": 0.5210132656887745, "Asquare_std": 0.23974874726079895, "Kappa": 0.9995446534042645, "Kappa_std": 0.000421790982502047}