{"alpha": 0.7300156131722102, "alpha_std": 0.01340918089660262, "Lambda": 3791.9998971478662, "Lambda_std": 77.45729735713067, "D": 0.038779672097199416, "D_std": 0.004225427140209517, "xmin": 5.000000000000001e-07, "xmin_std": 1.0587911840678754e-22, "V": 0.0642307137348006, "V_std": 0.0060147959930306645, "Asquare": 4.013084416366314, "Asquare_std": 0.731799809631764, "Kappa": 1.0043579036421304, "Kappa_std": 0.00034199329369227657}