{"lognormal": {"D": 0.04209476494182707, "D_std": 0.004812558052059388, "xmin": 0.0005000000000000001, "xmin_std": 1.0842021724855044e-19, "V": 0.0633116622150017, "V_std": 0.005685514092239368, "Asquare": 2.282108210504017, "Asquare_std": 0.49439451794752803, "Kappa": 1.0103973301310183, "Kappa_std": 0.0013806555795305257, "mu": -6.407131710857001, "mu_std": 0.15377628321995243, "sigma": 2.0119833515289574, "sigma_std": 0.07766025679980297}, "exponential": {"D": 0.301009219200005, "D_std": 0.014030143140995082, "xmin": 0.0005000000000000001, "xmin_std": 1.0842021724855044e-19, "V": 0.3507622282626, "V_std": 0.014915424642407728, "Asquare": 639.2265227095846, "Asquare_std": 266.4444964621923, "Kappa": 0.8458808125773105, "Kappa_std": 0.008215815988363863, "Lambda": 81.18290590508578, "Lambda_std": 4.842859970240817}, "truncated_power_law": {"D": 0.02370395674870807, "D_std": 0.0034882934534924827, "xmin": 0.0005000000000000001, "xmin_std": 1.0842021724855044e-19, "V": 0.04223678538307576, "V_std": 0.006872176132687687, "Asquare": 0.5940624335173973, "Asquare_std": 0.17859622817598822, "Kappa": 1.000950936940085, "Kappa_std": 0.0006707404878875928, "alpha": 1.120096152063917, "alpha_std": 0.028921204773307122, "Lambda": 13.65588094674373, "Lambda_std": 1.626458946674791}, "power_law": {"D": 0.14514735800412304, "D_std": 0.00614982816493561, "xmin": 0.0005000000000000001, "xmin_std": 1.0842021724855044e-19, "V": 0.15098097712536088, "V_std": 0.008522844412162438, "Asquare": 32.19287795466526, "Asquare_std": 3.6324517187021352, "Kappa": 1.0829938616984343, "Kappa_std": 0.004491584559115243, "alpha": 1.4703583269957128, "alpha_std": 0.008873336631968935}, "stretched_exponential": {"D": 0.03134368641021353, "D_std": 0.004288157138053141, "xmin": 0.0005000000000000001, "xmin_std": 1.0842021724855044e-19, "V": 0.05382295321668005, "V_std": 0.006865129248766617, "Asquare": 1.2555381598922024, "Asquare_std": 0.3371345847455947, "Kappa": 1.0032960179621042, "Kappa_std": 0.0008248882691347613, "Lambda": 827.4651568953208, "Lambda_std": 206.46214114979605, "beta": 0.3454657255443436, "beta_std": 0.019654914917304478}}