{"alpha": 0.5365378183107941, "alpha_std": 0.014434658648195894, "Lambda": 104.78932075391958, "Lambda_std": 3.16386238937321, "D": 0.06180362627289462, "D_std": 0.004268283345458821, "xmin": 1.0000000000000002e-06, "xmin_std": 2.117582368135751e-22, "V": 0.10230271803780748, "V_std": 0.00598796818912388, "Asquare": 12.3566234971868, "Asquare_std": 1.3872376594537537, "Kappa": 0.9908976623746764, "Kappa_std": 0.0010521157960934942}