{"alpha": 0.7790448160016229, "alpha_std": 0.014020050466837334, "Lambda": 3600.7580576883747, "Lambda_std": 157.28395966683317, "D": 0.04979766717212629, "D_std": 0.0041093772479744465, "xmin": 1.0000000000000002e-06, "xmin_std": 2.117582368135751e-22, "V": 0.08181587607829299, "V_std": 0.005515639428427396, "Asquare": 6.166076582486541, "Asquare_std": 1.0056121249183687, "Kappa": 1.0049747452887086, "Kappa_std": 0.000550193988732255}