{"alpha": 0.7393548650122622, "alpha_std": 0.015433402013685017, "Lambda": 3695.3179166010327, "Lambda_std": 115.04749730150668, "D": 0.04398581283682199, "D_std": 0.004163320193317966, "xmin": 1.0000000000000002e-06, "xmin_std": 2.117582368135751e-22, "V": 0.07113948362384175, "V_std": 0.005833882117029691, "Asquare": 4.876997348842722, "Asquare_std": 0.5749231076513575, "Kappa": 1.0050241270206206, "Kappa_std": 0.00033855280835499323}