{"alpha": 0.7454083645473302, "alpha_std": 0.02324146274891553, "Lambda": 3777.930900297756, "Lambda_std": 182.06968438358646, "D": 0.03840003171955257, "D_std": 0.0027634292779867274, "xmin": 1.0000000000000002e-06, "xmin_std": 2.117582368135751e-22, "V": 0.06481300008015707, "V_std": 0.006041065216712781, "Asquare": 316249.8869914842, "Asquare_std": 469663.2694342703, "Kappa": 1.0044027859492268, "Kappa_std": 0.0002884313612580019}