{"lognormal": {"D": 0.03002338227036754, "D_std": 0.0050818410253953014, "xmin": 0.0005000000000000001, "xmin_std": 1.0842021724855044e-19, "V": 0.04933477421671917, "V_std": 0.007772092283817798, "Asquare": 1.6881140677793833, "Asquare_std": 0.3780073306073821, "Kappa": 1.0088012657743552, "Kappa_std": 0.0015134547021990546, "mu": -6.723106094586562, "mu_std": 0.1356875768425083, "sigma": 2.102209219160526, "sigma_std": 0.0644198550459184}, "exponential": {"D": 0.32631733476557667, "D_std": 0.006172092817781197, "xmin": 0.0005000000000000001, "xmin_std": 1.0842021724855044e-19, "V": 0.38079232900297577, "V_std": 0.007226252764442286, "Asquare": 1113.5918414900457, "Asquare_std": 465.5822449201444, "Kappa": 0.8254863457176018, "Kappa_std": 0.0049905231493114245, "Lambda": 83.1301066250308, "Lambda_std": 4.04460611641631}, "truncated_power_law": {"D": 0.034247928379553066, "D_std": 0.00779143689877233, "xmin": 0.0005000000000000001, "xmin_std": 1.0842021724855044e-19, "V": 0.05502358899085347, "V_std": 0.010043564629880592, "Asquare": 1.0370210023284985, "Asquare_std": 0.2951823057252877, "Kappa": 1.0017979580358767, "Kappa_std": 0.0008212489271951154, "alpha": 1.19458950425934, "alpha_std": 0.020450409933518487, "Lambda": 11.11741489094363, "Lambda_std": 0.8641314540530799}, "power_law": {"D": 0.13904025499111358, "D_std": 0.008017930089483342, "xmin": 0.0005000000000000001, "xmin_std": 1.0842021724855044e-19, "V": 0.14043198024850026, "V_std": 0.008202201436448215, "Asquare": 24.509726516439226, "Asquare_std": 2.3330312814954937, "Kappa": 1.0739953023492634, "Kappa_std": 0.003511729400553265, "alpha": 1.4901720342774754, "alpha_std": 0.008527579664756948}, "stretched_exponential": {"D": 0.024895147005067144, "D_std": 0.0038654487714707485, "xmin": 0.0005000000000000001, "xmin_std": 1.0842021724855044e-19, "V": 0.04363181434435559, "V_std": 0.0054231480616673804, "Asquare": 1.116447276662288, "Asquare_std": 0.23849592254865673, "Kappa": 1.0037383191194145, "Kappa_std": 0.0008485680743800067, "Lambda": 1643.1445806805452, "Lambda_std": 383.9176247173081, "beta": 0.30651862028330024, "beta_std": 0.012898653179919022}}