{"alpha": 0.5557653492235454, "alpha_std": 0.007299507661838097, "Lambda": 100.5088445911932, "Lambda_std": 3.1182955775504015, "D": 0.060492757892840185, "D_std": 0.004438568745515866, "xmin": 1.0000000000000002e-06, "xmin_std": 2.117582368135751e-22, "V": 0.10526196655545735, "V_std": 0.0059858597302274805, "Asquare": 12.492006286529465, "Asquare_std": 1.5154922705763907, "Kappa": 0.9910749440850324, "Kappa_std": 0.0013593656312291104}