{"alpha": 0.6537595282522047, "alpha_std": 0.009097724910001992, "Lambda": 146.1394508209079, "Lambda_std": 6.014870313302329, "D": 0.08936661335763335, "D_std": 0.003152036369479997, "xmin": 1.0000000000000002e-06, "xmin_std": 2.117582368135751e-22, "V": 0.1580908973336676, "V_std": 0.004779033843690923, "Asquare": 37.980748976662724, "Asquare_std": 2.7896474236199076, "Kappa": 0.9703679551570967, "Kappa_std": 0.0011552265087663247}