{"alpha": 0.7576720257445816, "alpha_std": 0.013760791939480665, "Lambda": 3842.7502844315727, "Lambda_std": 97.88158265779582, "D": 0.03160047726929801, "D_std": 0.0035200065686109452, "xmin": 5.000000000000001e-07, "xmin_std": 1.0587911840678754e-22, "V": 0.05868020203180642, "V_std": 0.003631836433981849, "Asquare": 3.7207537133063666, "Asquare_std": 0.5476223351919055, "Kappa": 1.0035384101248113, "Kappa_std": 0.0007483731446696679}