{"alpha": 0.7692576108878415, "alpha_std": 0.015545832159734001, "Lambda": 3320.0295643739532, "Lambda_std": 118.65858432751364, "D": 0.04302944681887115, "D_std": 0.00465573837413807, "xmin": 5.000000000000001e-07, "xmin_std": 1.0587911840678754e-22, "V": 0.07901169538006056, "V_std": 0.0065514634741330674, "Asquare": 6.128192860423451, "Asquare_std": 0.8210075289020741, "Kappa": 1.005356379084755, "Kappa_std": 0.00041418395432082564}