{"alpha": 0.9142115376380198, "alpha_std": 0.0223728220152317, "Lambda": 1197.8106987454844, "Lambda_std": 80.61470408517091, "D": 0.02115170353277322, "D_std": 0.004339328219802873, "xmin": 1.0000000000000003e-05, "xmin_std": 1.6940658945086007e-21, "V": 0.03853577546958727, "V_std": 0.007686481221105395, "Asquare": 0.6272377669692141, "Asquare_std": 0.2884312708274155, "Kappa": 0.9994761758828296, "Kappa_std": 0.00040550175083928274}