{"alpha": 0.8533508534360703, "alpha_std": 0.011862589496398214, "Lambda": 800.7600049499291, "Lambda_std": 58.36393029122209, "D": 0.045318031389462186, "D_std": 0.0036447070692518222, "xmin": 5.000000000000001e-07, "xmin_std": 1.0587911840678754e-22, "V": 0.08769185353600503, "V_std": 0.006867128666766285, "Asquare": 9.705753023903647, "Asquare_std": 1.7006789197067813, "Kappa": 0.986684545935049, "Kappa_std": 0.0013313447516499469}