{"alpha": 0.8062261178066406, "alpha_std": 0.011258332746968415, "Lambda": 829.6305568235919, "Lambda_std": 70.92654361084655, "D": 0.05351273100376036, "D_std": 0.005746436018651825, "xmin": 5.000000000000001e-07, "xmin_std": 1.0587911840678754e-22, "V": 0.09109468143433219, "V_std": 0.005831396328139309, "Asquare": 11.08350665316511, "Asquare_std": 1.427735312652583, "Kappa": 0.9882405411348797, "Kappa_std": 0.0009172017686482711}