{"alpha": 0.5396060881348013, "alpha_std": 0.03462193280793255, "Lambda": 3290.0940606812287, "Lambda_std": 162.22743946699282, "D": 0.03401363371038714, "D_std": 0.004809948504561006, "xmin": 1.0000000000000003e-05, "xmin_std": 1.6940658945086007e-21, "V": 0.06362055515759518, "V_std": 0.008786671887979313, "Asquare": 1.9111838438431636, "Asquare_std": 0.5771590638788862, "Kappa": 1.0040103328514878, "Kappa_std": 0.0006922360187415035}