{"lognormal": {"D": 0.057364405858722434, "D_std": 0.0033496590463955593, "xmin": 1e-07, "xmin_std": 0.0, "V": 0.09019643392268657, "V_std": 0.004670540546567096, "Asquare": 8.051119389702475, "Asquare_std": 0.8669510248598609, "Kappa": 1.0150534424870021, "Kappa_std": 0.0009691991852806175, "mu": -9.897098877567267, "mu_std": 0.028152636680201577, "sigma": 2.170155265304182, "sigma_std": 0.022278090607675525}, "exponential": {"D": 0.3121230316121744, "D_std": 0.008794702534963872, "xmin": 1e-07, "xmin_std": 0.0, "V": 0.3428337798477942, "V_std": 0.010484125775946389, "Asquare": 30581477.46008675, "Asquare_std": 11878154.342681607, "Kappa": 0.8194107109876132, "Kappa_std": 0.009305781507852535, "Lambda": 3295.8997558760916, "Lambda_std": 194.39583669990878}, "truncated_power_law": {"D": 0.05822431362272924, "D_std": 0.007846525583690943, "xmin": 1e-07, "xmin_std": 0.0, "V": 0.10759976275441248, "V_std": 0.011571714819551576, "Asquare": 25.648938647486254, "Asquare_std": 11.477536920205964, "Kappa": 0.9763013114300598, "Kappa_std": 0.0019732370004849685, "alpha": 0.7299590557009303, "alpha_std": 0.010860650431103533, "Lambda": 981.1563525666246, "Lambda_std": 87.12137132449968}, "power_law": {"D": 0.3100021730440988, "D_std": 0.0032608971394241775, "xmin": 1e-07, "xmin_std": 0.0, "V": 0.4890667438949697, "V_std": 0.004887407099927836, "Asquare": 192.31343765478533, "Asquare_std": 5.308600855496783, "Kappa": 1.0693660247527574, "Kappa_std": 0.0020808786715621453, "alpha": 1.160379971482853, "alpha_std": 0.0007012603550645593}, "stretched_exponential": {"D": 0.026341235273607117, "D_std": 0.0041113483524674215, "xmin": 1e-07, "xmin_std": 0.0, "V": 0.04952841747672004, "V_std": 0.006868897551934287, "Asquare": 1.7980708780002725, "Asquare_std": 0.3903713924668811, "Kappa": 0.997799483558869, "Kappa_std": 0.000882147041424824, "Lambda": 7890.191160606928, "Lambda_std": 215.75386132046617, "beta": 0.48018187225385833, "beta_std": 0.007932176255987267}}