{"alpha": 0.8190353682803583, "alpha_std": 0.013471043536794233, "Lambda": 1491.3458309355924, "Lambda_std": 126.28196557977738, "D": 0.032733573416890635, "D_std": 0.003547892674827394, "xmin": 5.000000000000001e-07, "xmin_std": 1.0587911840678754e-22, "V": 0.05927323938336432, "V_std": 0.006734983518182085, "Asquare": 1.9560378603848005, "Asquare_std": 0.7325798544529197, "Kappa": 0.992638099398877, "Kappa_std": 0.0013327863307731655}