{"lognormal": {"D": 0.03774433187074353, "D_std": 0.005087861358639937, "xmin": 0.0005000000000000001, "xmin_std": 1.0842021724855044e-19, "V": 0.05706445345622718, "V_std": 0.01000373312848444, "Asquare": 1.7155713686087541, "Asquare_std": 0.423802020609296, "Kappa": 1.0088233543409715, "Kappa_std": 0.0016580543467757292, "mu": -6.419703636679587, "mu_std": 0.15553407183235118, "sigma": 1.9691625645877828, "sigma_std": 0.07508312330546033}, "exponential": {"D": 0.30061842976427555, "D_std": 0.013223456107961336, "xmin": 0.0005000000000000001, "xmin_std": 1.0842021724855044e-19, "V": 0.3515839303579735, "V_std": 0.013320171284180612, "Asquare": 620.3842335297911, "Asquare_std": 138.53887511769062, "Kappa": 0.8453777333978371, "Kappa_std": 0.008315156914715148, "Lambda": 86.0245814124823, "Lambda_std": 5.183243627329169}, "truncated_power_law": {"D": 0.02721463121496672, "D_std": 0.007334228198663363, "xmin": 0.0005000000000000001, "xmin_std": 1.0842021724855044e-19, "V": 0.04897465386023832, "V_std": 0.011390255314244929, "Asquare": 0.807405971771856, "Asquare_std": 0.3297172423514298, "Kappa": 1.000751997363946, "Kappa_std": 0.0007093538916372458, "alpha": 1.1303119626183005, "alpha_std": 0.032776237725500805, "Lambda": 14.318523591609676, "Lambda_std": 1.737347481726573}, "power_law": {"D": 0.15020204449315208, "D_std": 0.011693208902694029, "xmin": 0.0005000000000000001, "xmin_std": 1.0842021724855044e-19, "V": 0.15686742006825843, "V_std": 0.013562416887794736, "Asquare": 32.0165036072211, "Asquare_std": 3.9778438047927227, "Kappa": 1.0805345360411642, "Kappa_std": 0.004808992773465497, "alpha": 1.4791022166838597, "alpha_std": 0.010371001479294172}, "stretched_exponential": {"D": 0.024778511808814158, "D_std": 0.0036768266081922962, "xmin": 0.0005000000000000001, "xmin_std": 1.0842021724855044e-19, "V": 0.04477623923476527, "V_std": 0.00555882444484265, "Asquare": 0.9315596106191266, "Asquare_std": 0.2266608127239324, "Kappa": 1.0028012277579046, "Kappa_std": 0.00083240759335089, "Lambda": 894.4599711927767, "Lambda_std": 251.55865153042052, "beta": 0.3472509260719833, "beta_std": 0.020830020119857767}}