{"alpha": 0.7238349382988629, "alpha_std": 0.006413798330995946, "Lambda": 86.74510730839143, "Lambda_std": 2.2226528598586253, "D": 0.05023945095815967, "D_std": 0.0021291015714698163, "xmin": 1.0000000000000002e-06, "xmin_std": 2.117582368135751e-22, "V": 0.09670970337144605, "V_std": 0.0038410748344005754, "Asquare": 12.252366826566957, "Asquare_std": 1.2834160365261669, "Kappa": 1.0098062316663539, "Kappa_std": 0.0008870661345504611}