{"alpha": 0.9513844253455969, "alpha_std": 0.02750496185283711, "Lambda": 865.1076875130831, "Lambda_std": 92.85044029742488, "D": 0.02489158331710348, "D_std": 0.004608626322767013, "xmin": 1.0000000000000003e-05, "xmin_std": 1.6940658945086007e-21, "V": 0.04593705044373536, "V_std": 0.008299495504997279, "Asquare": 23.33583784222885, "Asquare_std": 61.73307489574076, "Kappa": 1.0004906716391746, "Kappa_std": 0.0004748353186769939}