{"alpha": 0.5349078708715995, "alpha_std": 0.03590952876402947, "Lambda": 3250.4779566697803, "Lambda_std": 166.92621134738835, "D": 0.032377386809211046, "D_std": 0.0052622928557994955, "xmin": 1.0000000000000003e-05, "xmin_std": 1.6940658945086007e-21, "V": 0.05834518636221068, "V_std": 0.008769135319360136, "Asquare": 1.867105819190699, "Asquare_std": 0.6200109175346974, "Kappa": 1.0041432004189996, "Kappa_std": 0.0007485170634820844}