{"lognormal": {"D": 0.037140824116612334, "D_std": 0.0033210496496038845, "xmin": 0.0005000000000000001, "xmin_std": 1.0842021724855044e-19, "V": 0.06506356542989934, "V_std": 0.008097476380015763, "Asquare": 2.6387687338510557, "Asquare_std": 0.36850390042726205, "Kappa": 1.0117947492403938, "Kappa_std": 0.0010536881834190485, "mu": -7.0514169024238385, "mu_std": 0.19386745804605682, "sigma": 2.258211247194505, "sigma_std": 0.07764126225980354}, "exponential": {"D": 0.3340619729956679, "D_std": 0.01007882782517485, "xmin": 0.0005000000000000001, "xmin_std": 1.0842021724855044e-19, "V": 0.38801568191959834, "V_std": 0.011438881942308734, "Asquare": 686.9961986740591, "Asquare_std": 151.08280854946503, "Kappa": 0.824042200863642, "Kappa_std": 0.006769679387746251, "Lambda": 83.16775147653395, "Lambda_std": 3.461481293522582}, "truncated_power_law": {"D": 0.019617961031904815, "D_std": 0.0040784363835993055, "xmin": 0.0005000000000000001, "xmin_std": 1.0842021724855044e-19, "V": 0.03468213035767416, "V_std": 0.007482951401833306, "Asquare": 0.5292629512518959, "Asquare_std": 0.12720876717483348, "Kappa": 1.0024361556956973, "Kappa_std": 0.0006127643927779892, "alpha": 1.2146910141880247, "alpha_std": 0.02137700914567196, "Lambda": 10.397513770006608, "Lambda_std": 1.0390948910767839}, "power_law": {"D": 0.12265319228248812, "D_std": 0.007811220987192287, "xmin": 0.0005000000000000001, "xmin_std": 1.0842021724855044e-19, "V": 0.12522620432627132, "V_std": 0.008199990359763085, "Asquare": 23.720067664227223, "Asquare_std": 2.2104560339384136, "Kappa": 1.0708895497983844, "Kappa_std": 0.0030150614922767574, "alpha": 1.4953773407655169, "alpha_std": 0.00713638002073902}, "stretched_exponential": {"D": 0.03037263021761788, "D_std": 0.005278266529462126, "xmin": 0.0005000000000000001, "xmin_std": 1.0842021724855044e-19, "V": 0.05549689451495314, "V_std": 0.009263280642384134, "Asquare": 1.6488683737094931, "Asquare_std": 0.3139822487558677, "Kappa": 1.005135009197113, "Kappa_std": 0.0008203055010245203, "Lambda": 2581.10989435472, "Lambda_std": 904.6583604724768, "beta": 0.28472554733108124, "beta_std": 0.015280517489627143}}