{"lognormal": {"D": 0.04865165235324291, "D_std": 0.0037083171927663238, "xmin": 1e-07, "xmin_std": 0.0, "V": 0.07498393443336403, "V_std": 0.0053498410859178745, "Asquare": 6.5392627689193095, "Asquare_std": 0.9880022403517931, "Kappa": 1.0152457775474555, "Kappa_std": 0.001297899359894345, "mu": -10.505675441194132, "mu_std": 0.03904514622996384, "sigma": 2.262801562303512, "sigma_std": 0.023734398421639193}, "exponential": {"D": 0.32623263884390524, "D_std": 0.008459794166148135, "xmin": 1e-07, "xmin_std": 0.0, "V": 0.3711657770247852, "V_std": 0.009252049899401855, "Asquare": 4646414.893269889, "Asquare_std": 4003986.0205828445, "Kappa": 0.8374200584577964, "Kappa_std": 0.005251960255768068, "Lambda": 5890.489948795099, "Lambda_std": 256.1312785020304}, "truncated_power_law": {"D": 0.04310882425179356, "D_std": 0.004500237853281188, "xmin": 1e-07, "xmin_std": 0.0, "V": 0.08292216474297658, "V_std": 0.009149644691006742, "Asquare": 5.194314886861122, "Asquare_std": 1.0929143114321658, "Kappa": 0.9836341859785129, "Kappa_std": 0.0017810304441154355, "alpha": 0.757324687120284, "alpha_std": 0.008185110752734046, "Lambda": 1648.528380454459, "Lambda_std": 95.32043311291751}, "power_law": {"D": 0.28750308208984443, "D_std": 0.0034736676653197417, "xmin": 1e-07, "xmin_std": 0.0, "V": 0.45581394381953866, "V_std": 0.004311880769650292, "Asquare": 147.46064318639532, "Asquare_std": 4.465683316407673, "Kappa": 1.0481170299910532, "Kappa_std": 0.0023684506706607156, "alpha": 1.1768588501033448, "alpha_std": 0.001164564685425369}, "stretched_exponential": {"D": 0.024618714877676577, "D_std": 0.002519852226841132, "xmin": 1e-07, "xmin_std": 0.0, "V": 0.04437265083836954, "V_std": 0.0046109483253308796, "Asquare": 1.0892394313012421, "Asquare_std": 0.3523113252948388, "Kappa": 0.9995034606449608, "Kappa_std": 0.0011167465745404509, "Lambda": 14651.587012251877, "Lambda_std": 649.053545257152, "beta": 0.4572327498537163, "beta_std": 0.005868823816347825}}