{"alpha": 0.7373840665592145, "alpha_std": 0.015461839240307076, "Lambda": 2152.1428183068474, "Lambda_std": 112.30864991716147, "D": 0.03642945715917212, "D_std": 0.006829091765479822, "xmin": 5.000000000000001e-07, "xmin_std": 1.0587911840678754e-22, "V": 0.0648503968307662, "V_std": 0.009266917033688496, "Asquare": 29306.760839264556, "Asquare_std": 27816.74608617061, "Kappa": 1.007218462994292, "Kappa_std": 0.0021545999771722295}