{"lognormal": {"D": 0.06590500873750318, "D_std": 0.004123900791609128, "xmin": 1e-07, "xmin_std": 0.0, "V": 0.10895360187600944, "V_std": 0.0065880192771521065, "Asquare": 11.450190999100755, "Asquare_std": 1.164102143903554, "Kappa": 1.018447611447528, "Kappa_std": 0.0009730030160780523, "mu": -9.95353923176352, "mu_std": 0.043361093436705175, "sigma": 2.1496205955385266, "sigma_std": 0.02761656097729473}, "exponential": {"D": 0.2878196594013081, "D_std": 0.007890610803549497, "xmin": 1e-07, "xmin_std": 0.0, "V": 0.3143465816573408, "V_std": 0.008754693945976968, "Asquare": 23654335.583016314, "Asquare_std": 14146129.081918953, "Kappa": 0.8390695081226565, "Kappa_std": 0.008750130973746313, "Lambda": 3841.437573435276, "Lambda_std": 257.4973134237856}, "truncated_power_law": {"D": 0.05438436384882982, "D_std": 0.00565154426720181, "xmin": 1e-07, "xmin_std": 0.0, "V": 0.09229082442843264, "V_std": 0.009701309565127644, "Asquare": 5814.291959199346, "Asquare_std": 6600.155836836476, "Kappa": 0.9817343897449137, "Kappa_std": 0.0016725406511313428, "alpha": 0.7081787933334013, "alpha_std": 0.012814268178125384, "Lambda": 1220.4890369533005, "Lambda_std": 117.81453714558693}, "power_law": {"D": 0.31076659564593556, "D_std": 0.0052927321535742875, "xmin": 1e-07, "xmin_std": 0.0, "V": 0.49700875688406, "V_std": 0.0067941214399398825, "Asquare": 192.35142293150662, "Asquare_std": 5.841937868646573, "Kappa": 1.0740768062584274, "Kappa_std": 0.00238429449371585, "alpha": 1.161852727619923, "alpha_std": 0.001101106023973822}, "stretched_exponential": {"D": 0.030138036229361675, "D_std": 0.0025006929720327057, "xmin": 1e-07, "xmin_std": 0.0, "V": 0.05665882477891957, "V_std": 0.006031524794007119, "Asquare": 2.276360204513934, "Asquare_std": 0.5138045044923717, "Kappa": 1.001353169298015, "Kappa_std": 0.0009541587413482454, "Lambda": 8405.452553998093, "Lambda_std": 366.438938621781, "beta": 0.4994555298384902, "beta_std": 0.009238632386740504}}