{"alpha": 0.6903001165117097, "alpha_std": 0.0044974039584127126, "Lambda": 93.15198024363434, "Lambda_std": 2.846983310138818, "D": 0.10012881102981161, "D_std": 0.0031057797644711187, "xmin": 1.0000000000000002e-06, "xmin_std": 2.117582368135751e-22, "V": 0.17196294900028564, "V_std": 0.0052578966635646995, "Asquare": 168.56950107096526, "Asquare_std": 172.73304023741153, "Kappa": 0.9673070014743672, "Kappa_std": 0.00090264099966051}