{"lognormal": {"D": 0.03592744202415121, "D_std": 0.004904722312258257, "xmin": 0.0005000000000000001, "xmin_std": 1.0842021724855044e-19, "V": 0.062083407601896526, "V_std": 0.006559504139787829, "Asquare": 1.454487604261243, "Asquare_std": 0.2941371363572656, "Kappa": 1.009098511562319, "Kappa_std": 0.0008811348010498163, "mu": -6.261857427930654, "mu_std": 0.0696492206068241, "sigma": 1.8279097833271671, "sigma_std": 0.03115343860770074}, "exponential": {"D": 0.2559832525333849, "D_std": 0.006351758047698119, "xmin": 0.0005000000000000001, "xmin_std": 1.0842021724855044e-19, "V": 0.304201037065325, "V_std": 0.005695857059851652, "Asquare": 274.46958516341306, "Asquare_std": 65.18810570320284, "Kappa": 0.8669147590666337, "Kappa_std": 0.004300606717903776, "Lambda": 99.41837422553401, "Lambda_std": 3.2240949948671433}, "truncated_power_law": {"D": 0.020371066394341258, "D_std": 0.004304648340674106, "xmin": 0.0005000000000000001, "xmin_std": 1.0842021724855044e-19, "V": 0.03754157633569859, "V_std": 0.005958464753406316, "Asquare": 0.3613614563992381, "Asquare_std": 0.1453547913342009, "Kappa": 1.0006361450291352, "Kappa_std": 0.000403065414677647, "alpha": 1.0707174598967384, "alpha_std": 0.020082572994877847, "Lambda": 20.444885664936102, "Lambda_std": 1.0464044350487205}, "power_law": {"D": 0.1564876454372423, "D_std": 0.0055760603383347585, "xmin": 0.0005000000000000001, "xmin_std": 1.0842021724855044e-19, "V": 0.17152657179638603, "V_std": 0.006789662701811278, "Asquare": 34.753547195948855, "Asquare_std": 2.277043457657695, "Kappa": 1.083624450899952, "Kappa_std": 0.0027917002215009663, "alpha": 1.4842059374661933, "alpha_std": 0.006638379403911905}, "stretched_exponential": {"D": 0.022374055896369132, "D_std": 0.003694858253060384, "xmin": 0.0005000000000000001, "xmin_std": 1.0842021724855044e-19, "V": 0.041168279109606874, "V_std": 0.006643528991823665, "Asquare": 0.5109959332211546, "Asquare_std": 0.1423582690846204, "Kappa": 1.002123543958994, "Kappa_std": 0.0003894525889341298, "Lambda": 593.065476599417, "Lambda_std": 73.2520828077336, "beta": 0.393041356909447, "beta_std": 0.010672990792455664}}