{"lognormal": {"D": 0.03715916733600968, "D_std": 0.004863266890962088, "xmin": 0.0005000000000000001, "xmin_std": 1.0842021724855044e-19, "V": 0.05590609506628067, "V_std": 0.0057720784974220765, "Asquare": 2.0109060305205113, "Asquare_std": 0.3773899298206994, "Kappa": 1.009585022542256, "Kappa_std": 0.001145133841658622, "mu": -6.592013699071674, "mu_std": 0.053873680369452136, "sigma": 2.061247139118378, "sigma_std": 0.03484876294503786}, "exponential": {"D": 0.31580852533742515, "D_std": 0.0055519029102679305, "xmin": 0.0005000000000000001, "xmin_std": 1.0842021724855044e-19, "V": 0.3694842585521155, "V_std": 0.006727430446667077, "Asquare": 496.8394541728761, "Asquare_std": 101.85253220341187, "Kappa": 0.8405665006940304, "Kappa_std": 0.005904448028316562, "Lambda": 84.72624320073712, "Lambda_std": 4.435971913013402}, "truncated_power_law": {"D": 0.027372335908796758, "D_std": 0.0027886702212878175, "xmin": 0.0005000000000000001, "xmin_std": 1.0842021724855044e-19, "V": 0.048282557405640456, "V_std": 0.004975286058734684, "Asquare": 0.626410551001095, "Asquare_std": 0.1518018315486662, "Kappa": 1.0010529068480616, "Kappa_std": 0.00034908815885507753, "alpha": 1.1572158048818681, "alpha_std": 0.012462484769676452, "Lambda": 12.888564599206797, "Lambda_std": 0.8801044353199965}, "power_law": {"D": 0.14372917221210263, "D_std": 0.004527041905089343, "xmin": 0.0005000000000000001, "xmin_std": 1.0842021724855044e-19, "V": 0.14864255732419804, "V_std": 0.005064121954623121, "Asquare": 27.92152163501284, "Asquare_std": 1.5580386522043501, "Kappa": 1.0767766879109957, "Kappa_std": 0.0026506254680866126, "alpha": 1.4832475986491722, "alpha_std": 0.007438343543576093}, "stretched_exponential": {"D": 0.026660142041544897, "D_std": 0.003917004891790113, "xmin": 0.0005000000000000001, "xmin_std": 1.0842021724855044e-19, "V": 0.047507061188969135, "V_std": 0.005465022953413502, "Asquare": 1.1677904122862692, "Asquare_std": 0.23208140844726408, "Kappa": 1.003254396485212, "Kappa_std": 0.0005046926641501145, "Lambda": 1133.4817908055024, "Lambda_std": 126.7920785955765, "beta": 0.325708088293502, "beta_std": 0.006753799980420896}}