{"alpha": 0.6841193010528317, "alpha_std": 0.007083287340529128, "Lambda": 157.70692214869024, "Lambda_std": 6.142819102182346, "D": 0.07997297998210003, "D_std": 0.005047566971805311, "xmin": 1.0000000000000002e-06, "xmin_std": 2.117582368135751e-22, "V": 0.14194924564826056, "V_std": 0.006843331451581017, "Asquare": 23.85521424087066, "Asquare_std": 2.364593532409556, "Kappa": 0.9767124223401403, "Kappa_std": 0.0009963990200797773}