{"alpha": 0.588969405637096, "alpha_std": 0.009386035471013136, "Lambda": 95.70483816513347, "Lambda_std": 2.6622748455381138, "D": 0.04101180579667222, "D_std": 0.002739469082593242, "xmin": 1.0000000000000002e-06, "xmin_std": 2.117582368135751e-22, "V": 0.07055349639471273, "V_std": 0.004128225611994332, "Asquare": 6.1211189672406, "Asquare_std": 0.5659084791794032, "Kappa": 1.0006637382728234, "Kappa_std": 0.0009332643371612291}