{"alpha": 0.4567962895268193, "alpha_std": 0.036590482259520204, "Lambda": 3405.770502370033, "Lambda_std": 165.62418712816967, "D": 0.04755510632880173, "D_std": 0.006249815701109233, "xmin": 1.0000000000000003e-05, "xmin_std": 1.6940658945086007e-21, "V": 0.0758881833030143, "V_std": 0.00879090104204544, "Asquare": 334330.92293526244, "Asquare_std": 770048.0563781, "Kappa": 1.0060349333279572, "Kappa_std": 0.0009097325101845811}