{"alpha": 0.5952367229294115, "alpha_std": 0.006190037482892883, "Lambda": 87.07496869300743, "Lambda_std": 2.55094066402569, "D": 0.07239492874616425, "D_std": 0.003460699072929646, "xmin": 1.0000000000000002e-06, "xmin_std": 2.117582368135751e-22, "V": 0.12106734152882856, "V_std": 0.006044094060822006, "Asquare": 17.88445500621576, "Asquare_std": 2.396300373670749, "Kappa": 0.979644468501881, "Kappa_std": 0.0015295533681177163}