{"lognormal": {"D": 0.049369548992589614, "D_std": 0.004511725499628415, "xmin": 1e-07, "xmin_std": 0.0, "V": 0.07544561046562023, "V_std": 0.005127918037114852, "Asquare": 5.983202692143221, "Asquare_std": 0.8126653218071775, "Kappa": 1.0129359825267152, "Kappa_std": 0.0008672417980836735, "mu": -9.989180237377724, "mu_std": 0.022081317544008702, "sigma": 2.308480120036939, "sigma_std": 0.02508789243496386}, "exponential": {"D": 0.3624193434377629, "D_std": 0.009646057576742719, "xmin": 1e-07, "xmin_std": 0.0, "V": 0.3956417437356703, "V_std": 0.009477845779959517, "Asquare": 65449952.95499772, "Asquare_std": 25187090.321612813, "Kappa": 0.7929594070887495, "Kappa_std": 0.007863613445763749, "Lambda": 2852.815683003189, "Lambda_std": 148.74245840695602}, "truncated_power_law": {"D": 0.05880793892584463, "D_std": 0.0041901262419747325, "xmin": 1e-07, "xmin_std": 0.0, "V": 0.11215936358858306, "V_std": 0.0059238460223882735, "Asquare": 20.70409304920967, "Asquare_std": 4.279827011231751, "Kappa": 0.9755294132830319, "Kappa_std": 0.0014713250675921637, "alpha": 0.7817152413604976, "alpha_std": 0.008840038524377503, "Lambda": 722.003166706769, "Lambda_std": 56.97179744460506}, "power_law": {"D": 0.2997556859158576, "D_std": 0.0029503141388107002, "xmin": 1e-07, "xmin_std": 0.0, "V": 0.4684438817855419, "V_std": 0.0037880101491688297, "Asquare": 178.58463242639417, "Asquare_std": 5.169180680720993, "Kappa": 1.0639417947123575, "Kappa_std": 0.002402258918149354, "alpha": 1.1624385180418022, "alpha_std": 0.0005500062103115376}, "stretched_exponential": {"D": 0.024786676950270793, "D_std": 0.002647177911277462, "xmin": 1e-07, "xmin_std": 0.0, "V": 0.045822453540053175, "V_std": 0.003958284270509473, "Asquare": 1.4818594974702632, "Asquare_std": 0.23584237229451177, "Kappa": 0.9968749985287528, "Kappa_std": 0.0007449225206423492, "Lambda": 8457.489674321518, "Lambda_std": 180.8666485459459, "beta": 0.43871177375227255, "beta_std": 0.006792990985389437}}