{"alpha": 0.5495924840142465, "alpha_std": 0.036856245086961975, "Lambda": 4719.372874979784, "Lambda_std": 228.71135315469593, "D": 0.034916114085150524, "D_std": 0.0055193672295651185, "xmin": 1.0000000000000003e-05, "xmin_std": 1.6940658945086007e-21, "V": 0.060574454088489674, "V_std": 0.008270150099142897, "Asquare": 2.494456501328013, "Asquare_std": 0.7666485085677102, "Kappa": 1.0030791486408552, "Kappa_std": 0.000528764886310952}