{"alpha": 0.8396721728150984, "alpha_std": 0.014719127607812393, "Lambda": 1071.8896342057014, "Lambda_std": 103.27924302241838, "D": 0.041032185422985056, "D_std": 0.002979066962349741, "xmin": 5.000000000000001e-07, "xmin_std": 1.0587911840678754e-22, "V": 0.07390619614254382, "V_std": 0.005212552049727679, "Asquare": 28228.813555361463, "Asquare_std": 34671.08705531507, "Kappa": 0.9898167813484171, "Kappa_std": 0.0009789514803839837}