{"lognormal": {"D": 0.08438786585797416, "D_std": 0.004548778920721068, "xmin": 1e-07, "xmin_std": 0.0, "V": 0.13674968639320598, "V_std": 0.007418733187580715, "Asquare": 261477.77528449596, "Asquare_std": 316965.86012941395, "Kappa": 1.023459309981677, "Kappa_std": 0.0009833020230603875, "mu": -10.381891377119532, "mu_std": 0.03561794985222486, "sigma": 2.207149472051343, "sigma_std": 0.02027398464733322}, "exponential": {"D": 0.26430179830114686, "D_std": 0.006941172466991972, "xmin": 1e-07, "xmin_std": 0.0, "V": 0.31188246277546067, "V_std": 0.009483371760144774, "Asquare": 465089.79978121415, "Asquare_std": 406869.45871061244, "Kappa": 0.8944879165695502, "Kappa_std": 0.004739130319382961, "Lambda": 6897.146661125172, "Lambda_std": 192.87520797875783}, "truncated_power_law": {"D": 0.029979422192403564, "D_std": 0.003399578692131406, "xmin": 1e-07, "xmin_std": 0.0, "V": 0.05675497724881229, "V_std": 0.007039712580009513, "Asquare": 291107.28555876215, "Asquare_std": 250877.31903740158, "Kappa": 1.0008524553129567, "Kappa_std": 0.0020077152075621643, "alpha": 0.6759932099327467, "alpha_std": 0.008446673662949667, "Lambda": 2415.055689381445, "Lambda_std": 85.3502365856615}, "power_law": {"D": 0.2776280342523404, "D_std": 0.005002678880062651, "xmin": 1e-07, "xmin_std": 0.0, "V": 0.4725019943378104, "V_std": 0.005869140198258242, "Asquare": 51855.81342362343, "Asquare_std": 62748.99439918806, "Kappa": 1.069788669198041, "Kappa_std": 0.0029829896369286445, "alpha": 1.1734215287349161, "alpha_std": 0.001020357011970868}, "stretched_exponential": {"D": 0.05152781040550397, "D_std": 0.00458688132516094, "xmin": 1e-07, "xmin_std": 0.0, "V": 0.09657346961193009, "V_std": 0.007702967057905625, "Asquare": 210103.1276115324, "Asquare_std": 254837.27399085017, "Kappa": 1.0076641516243003, "Kappa_std": 0.0007859812135248627, "Lambda": 12647.081129556162, "Lambda_std": 477.3709168520611, "beta": 0.5163124091668982, "beta_std": 0.006408264290280731}}