{"lognormal": {"D": 0.08363343730976594, "D_std": 0.004589094858257856, "xmin": 1e-07, "xmin_std": 0.0, "V": 0.1349059798646347, "V_std": 0.006363915957404622, "Asquare": 4343429.6569774635, "Asquare_std": 3457823.064809397, "Kappa": 1.0195014519016585, "Kappa_std": 0.0011453327730978323, "mu": -10.670860472468629, "mu_std": 0.0519613730710108, "sigma": 2.234104497048377, "sigma_std": 0.016644924570066607}, "exponential": {"D": 0.27999611436483207, "D_std": 0.007779299349648306, "xmin": 1e-07, "xmin_std": 0.0, "V": 0.33621096994524446, "V_std": 0.009066893642430037, "Asquare": 5365444.927656361, "Asquare_std": 4290057.20074092, "Kappa": 0.8891205998470516, "Kappa_std": 0.0041144309594654095, "Lambda": 8868.95695247046, "Lambda_std": 294.4803389796725}, "truncated_power_law": {"D": 0.039799699946009744, "D_std": 0.002272156215846344, "xmin": 1e-07, "xmin_std": 0.0, "V": 0.0727992687239459, "V_std": 0.004583262814118909, "Asquare": 2861018.6600738503, "Asquare_std": 2252912.4825269943, "Kappa": 1.0014493504199584, "Kappa_std": 0.0011624953411039393, "alpha": 0.697043171094932, "alpha_std": 0.009848606411147019, "Lambda": 2965.7345292372656, "Lambda_std": 85.493995635308}, "power_law": {"D": 0.26442560572116747, "D_std": 0.004278072230975995, "xmin": 1e-07, "xmin_std": 0.0, "V": 0.4513201892275818, "V_std": 0.006105717746130561, "Asquare": 882232.5993231218, "Asquare_std": 702379.9968424008, "Kappa": 1.0803321394436578, "Kappa_std": 0.0024836539241292355, "alpha": 1.1820535867009196, "alpha_std": 0.0016067797925538123}, "stretched_exponential": {"D": 0.055872131309821715, "D_std": 0.005375241267760243, "xmin": 1e-07, "xmin_std": 0.0, "V": 0.10293533585057464, "V_std": 0.0053996907128719815, "Asquare": 3440974.669697199, "Asquare_std": 2715645.5730622797, "Kappa": 1.0050735788417686, "Kappa_std": 0.0006938128404210351, "Lambda": 17009.8203043781, "Lambda_std": 940.9112366131278, "beta": 0.49935573339448247, "beta_std": 0.007491307278433938}}