{"alpha": 0.7269617347860665, "alpha_std": 0.012781188230212416, "Lambda": 2604.8249272234325, "Lambda_std": 117.44939701717983, "D": 0.03728019685756223, "D_std": 0.0034187771886938947, "xmin": 5.000000000000001e-07, "xmin_std": 1.0587911840678754e-22, "V": 0.06353316626720554, "V_std": 0.005371625314933101, "Asquare": 3.2204401524311743, "Asquare_std": 0.5694100270850068, "Kappa": 1.0067589071826253, "Kappa_std": 0.0005116650597849481}