{"alpha": 0.20137298490683753, "alpha_std": 0.014294228946944286, "Lambda": 14828.267856543278, "Lambda_std": 314.51959568130405, "D": 0.014444671424263412, "D_std": 0.0023600720970970894, "xmin": 1.0000000000000002e-06, "xmin_std": 2.117582368135751e-22, "V": 0.025422327443492064, "V_std": 0.0037579556732386878, "Asquare": 0.732066232026136, "Asquare_std": 0.2589156247523856, "Kappa": 1.0024400680146532, "Kappa_std": 0.0007439726178962867}