{"alpha": 0.5029306136683481, "alpha_std": 0.03784994915984291, "Lambda": 4747.096230788023, "Lambda_std": 225.3520108597614, "D": 0.03996861515178067, "D_std": 0.005331674743115472, "xmin": 1.0000000000000003e-05, "xmin_std": 1.6940658945086007e-21, "V": 0.06850084051631092, "V_std": 0.008303753249045505, "Asquare": 3.500669518415687, "Asquare_std": 0.9126267278859936, "Kappa": 1.0041481811375406, "Kappa_std": 0.0005803224640985447}