{"lognormal": {"D": 0.05545351659837748, "D_std": 0.006685199539896681, "xmin": 0.0005000000000000001, "xmin_std": 1.0842021724855044e-19, "V": 0.10430783772896987, "V_std": 0.012658551292393636, "Asquare": 3.358520129564873, "Asquare_std": 0.618295429930456, "Kappa": 1.013282933576766, "Kappa_std": 0.0012741914913981067, "mu": -7.131170983594394, "mu_std": 0.1458044085606296, "sigma": 2.1213583988260645, "sigma_std": 0.05481368318658779}, "exponential": {"D": 0.2807460214826005, "D_std": 0.010577847630041977, "xmin": 0.0005000000000000001, "xmin_std": 1.0842021724855044e-19, "V": 0.33121482037714917, "V_std": 0.012790418685005835, "Asquare": 1800.510081377178, "Asquare_std": 2210.218856281542, "Kappa": 0.8553324611690837, "Kappa_std": 0.006425261474816218, "Lambda": 116.94314241393302, "Lambda_std": 5.178852626723227}, "truncated_power_law": {"D": 0.04056065774086297, "D_std": 0.005789862806328259, "xmin": 0.0005000000000000001, "xmin_std": 1.0842021724855044e-19, "V": 0.07144459309374337, "V_std": 0.009808362794096694, "Asquare": 1.0126082648949446, "Asquare_std": 0.24158062931829852, "Kappa": 1.003282827204454, "Kappa_std": 0.0005953614077920239, "alpha": 1.2041453027749711, "alpha_std": 0.023916657045572585, "Lambda": 17.53812915380091, "Lambda_std": 1.409671255473481}, "power_law": {"D": 0.1271975036542837, "D_std": 0.007687115931741118, "xmin": 0.0005000000000000001, "xmin_std": 1.0842021724855044e-19, "V": 0.14217892929616852, "V_std": 0.007968683168351655, "Asquare": 21.992135450401452, "Asquare_std": 2.577756751823449, "Kappa": 1.0654908678377324, "Kappa_std": 0.0034729875964236785, "alpha": 1.5330676098915497, "alpha_std": 0.009002479916856109}, "stretched_exponential": {"D": 0.05315968213759521, "D_std": 0.006338786323917836, "xmin": 0.0005000000000000001, "xmin_std": 1.0842021724855044e-19, "V": 0.09143477618336397, "V_std": 0.011306776338618865, "Asquare": 2.2134925332112094, "Asquare_std": 0.4397534043921574, "Kappa": 1.0054106531676985, "Kappa_std": 0.0007255622321983551, "Lambda": 2155.8457601096243, "Lambda_std": 498.0298458975082, "beta": 0.31453226011247776, "beta_std": 0.014169432105503834}}