{"lognormal": {"D": 0.04405383562297399, "D_std": 0.0066532214933139695, "xmin": 0.0005000000000000001, "xmin_std": 1.0842021724855044e-19, "V": 0.07742691324055005, "V_std": 0.009410095345879957, "Asquare": 3.0593427883319526, "Asquare_std": 0.6110501706429919, "Kappa": 1.0130051012369121, "Kappa_std": 0.001115884210062486, "mu": -6.971030065604191, "mu_std": 0.22842470959224118, "sigma": 2.228633809340626, "sigma_std": 0.07553647303053747}, "exponential": {"D": 0.31917793889960444, "D_std": 0.010346024932775508, "xmin": 0.0005000000000000001, "xmin_std": 1.0842021724855044e-19, "V": 0.36771106460450664, "V_std": 0.010282096525064413, "Asquare": 1076.5012713114552, "Asquare_std": 503.0423328984851, "Kappa": 0.8346107933151259, "Kappa_std": 0.0062000083563925786, "Lambda": 85.42746269914464, "Lambda_std": 5.986653749769238}, "truncated_power_law": {"D": 0.02230551663713077, "D_std": 0.004642157027109836, "xmin": 0.0005000000000000001, "xmin_std": 1.0842021724855044e-19, "V": 0.040343206150904684, "V_std": 0.007220117438450163, "Asquare": 0.4832122161908036, "Asquare_std": 0.1638520628211755, "Kappa": 1.0024647711564125, "Kappa_std": 0.00047079626193861825, "alpha": 1.1931363738722827, "alpha_std": 0.03051048079400339, "Lambda": 11.60009213122689, "Lambda_std": 1.1199495436599574}, "power_law": {"D": 0.12592729287263194, "D_std": 0.008059122170031465, "xmin": 0.0005000000000000001, "xmin_std": 1.0842021724855044e-19, "V": 0.13078007005430312, "V_std": 0.009049649438591132, "Asquare": 24.741169299436734, "Asquare_std": 3.5719444199746873, "Kappa": 1.072907454109578, "Kappa_std": 0.005065054650638887, "alpha": 1.4927978765736198, "alpha_std": 0.01354641539891335}, "stretched_exponential": {"D": 0.03716899847129093, "D_std": 0.0049730575950485915, "xmin": 0.0005000000000000001, "xmin_std": 1.0842021724855044e-19, "V": 0.06935794044077233, "V_std": 0.008846860874605613, "Asquare": 1.8816705354798344, "Asquare_std": 0.45410096890741586, "Kappa": 1.0052681012481672, "Kappa_std": 0.0006948114412625473, "Lambda": 2062.877255293687, "Lambda_std": 882.4455647307407, "beta": 0.29757950746941103, "beta_std": 0.017244288957664257}}