{"lognormal": {"D": 0.04958562093961512, "D_std": 0.003478083167075765, "xmin": 1e-07, "xmin_std": 0.0, "V": 0.07595226847861639, "V_std": 0.004978902627142049, "Asquare": 6.363038977895343, "Asquare_std": 1.0774860496952796, "Kappa": 1.0139254284616321, "Kappa_std": 0.0012667185308510552, "mu": -9.95935623966766, "mu_std": 0.022583276301401677, "sigma": 2.23574140797748, "sigma_std": 0.02478046469758315}, "exponential": {"D": 0.3349964093424126, "D_std": 0.011193745465983718, "xmin": 1e-07, "xmin_std": 0.0, "V": 0.3707164262387551, "V_std": 0.010774795562635556, "Asquare": 12651456.157582646, "Asquare_std": 7398070.021618064, "Kappa": 0.8087780334188235, "Kappa_std": 0.008956118062191326, "Lambda": 3186.493177030138, "Lambda_std": 144.1275691804787}, "truncated_power_law": {"D": 0.05718969101884956, "D_std": 0.004426440646906349, "xmin": 1e-07, "xmin_std": 0.0, "V": 0.10740634128331497, "V_std": 0.008135138271255225, "Asquare": 1966.4960462264153, "Asquare_std": 2462.1016116753117, "Kappa": 0.9758535792430459, "Kappa_std": 0.001959678702131123, "alpha": 0.7528600321338341, "alpha_std": 0.01047744755042474, "Lambda": 885.5776955522522, "Lambda_std": 65.68004788915873}, "power_law": {"D": 0.30772840249657935, "D_std": 0.005715057149277159, "xmin": 1e-07, "xmin_std": 0.0, "V": 0.4808221899700422, "V_std": 0.006026121044882956, "Asquare": 190.1268215589827, "Asquare_std": 4.373217829076595, "Kappa": 1.0644430160822573, "Kappa_std": 0.0016033388187301069, "alpha": 1.1618414067411331, "alpha_std": 0.0005520390338272231}, "stretched_exponential": {"D": 0.022991428077564165, "D_std": 0.0028428528574570453, "xmin": 1e-07, "xmin_std": 0.0, "V": 0.04245426785527515, "V_std": 0.004879814717256194, "Asquare": 1.212297368006169, "Asquare_std": 0.3220684475787541, "Kappa": 0.9971371332219234, "Kappa_std": 0.001083146272394779, "Lambda": 8301.636765350842, "Lambda_std": 181.5372072044944, "beta": 0.4619053957876444, "beta_std": 0.007448998621518799}}