{"alpha": 1.0459492143147868, "alpha_std": 0.02101604480997017, "Lambda": 401.7451604378461, "Lambda_std": 45.92812588178901, "D": 0.042282370844878375, "D_std": 0.0045998053101746405, "xmin": 1.0000000000000003e-05, "xmin_std": 1.6940658945086007e-21, "V": 0.07662428673013824, "V_std": 0.008260839750140064, "Asquare": 4.834331248448299, "Asquare_std": 1.0537274935279832, "Kappa": 1.0012415579670186, "Kappa_std": 0.0004822656028956251}