{"lognormal": {"D": 0.040604238195090396, "D_std": 0.0027355008627154634, "xmin": 0.0005000000000000001, "xmin_std": 1.0842021724855044e-19, "V": 0.07208726723887764, "V_std": 0.006223606365390657, "Asquare": 3.226980710777704, "Asquare_std": 0.5699542587777532, "Kappa": 1.0137457885141254, "Kappa_std": 0.0012829814431828126, "mu": -7.288547122244606, "mu_std": 0.2903984376877698, "sigma": 2.352354257962828, "sigma_std": 0.10566664838661771}, "exponential": {"D": 0.3310003284580497, "D_std": 0.014932913477927955, "xmin": 0.0005000000000000001, "xmin_std": 1.0842021724855044e-19, "V": 0.3857578573264454, "V_std": 0.01641563533778917, "Asquare": 783.5435485416061, "Asquare_std": 299.59163266706906, "Kappa": 0.8215775145988878, "Kappa_std": 0.00871298489611823, "Lambda": 83.49464223121784, "Lambda_std": 4.880906200055992}, "truncated_power_law": {"D": 0.0212463015214331, "D_std": 0.005002828269837317, "xmin": 0.0005000000000000001, "xmin_std": 1.0842021724855044e-19, "V": 0.037702372554670974, "V_std": 0.007210035130029818, "Asquare": 0.6176810198871886, "Asquare_std": 0.19995471224216796, "Kappa": 1.0033063048279858, "Kappa_std": 0.0005360415216310305, "alpha": 1.2316436181846335, "alpha_std": 0.03228422317076776, "Lambda": 9.848749708619945, "Lambda_std": 1.2152415355548185}, "power_law": {"D": 0.11995055965208701, "D_std": 0.010688812822574997, "xmin": 0.0005000000000000001, "xmin_std": 1.0842021724855044e-19, "V": 0.12169059192449971, "V_std": 0.011580229898897143, "Asquare": 23.056091536424866, "Asquare_std": 3.528071627037788, "Kappa": 1.068864843611862, "Kappa_std": 0.005105931019861106, "alpha": 1.5003551494638814, "alpha_std": 0.011931495561935256}, "stretched_exponential": {"D": 0.03432649211812498, "D_std": 0.00414585499683177, "xmin": 0.0005000000000000001, "xmin_std": 1.0842021724855044e-19, "V": 0.06275690924491871, "V_std": 0.006743072984462566, "Asquare": 2.088801280042957, "Asquare_std": 0.48121549793589913, "Kappa": 1.006483713589618, "Kappa_std": 0.0008398784002858217, "Lambda": 4004.2673204712164, "Lambda_std": 2172.857472928822, "beta": 0.27126560958164847, "beta_std": 0.02122865519092794}}