{"lognormal": {"D": 0.05079867250097232, "D_std": 0.004916074176103814, "xmin": 0.0005000000000000001, "xmin_std": 1.0842021724855044e-19, "V": 0.09407672803068524, "V_std": 0.00743822122731538, "Asquare": 4.138784028710165, "Asquare_std": 0.5769898231867582, "Kappa": 1.0149707405269894, "Kappa_std": 0.001087599303634085, "mu": -7.655781480302639, "mu_std": 0.1730140220221387, "sigma": 2.4333727260707962, "sigma_std": 0.05936548742200352}, "exponential": {"D": 0.32834915138227094, "D_std": 0.006089133766362319, "xmin": 0.0005000000000000001, "xmin_std": 1.0842021724855044e-19, "V": 0.3810919181019118, "V_std": 0.007856697316482659, "Asquare": 2023.0955731251706, "Asquare_std": 1495.1447817604787, "Kappa": 0.831271469100637, "Kappa_std": 0.0064339336369600335, "Lambda": 94.47254044145815, "Lambda_std": 6.724237941631805}, "truncated_power_law": {"D": 0.03565407928744515, "D_std": 0.0037846613206431144, "xmin": 0.0005000000000000001, "xmin_std": 1.0842021724855044e-19, "V": 0.060589866386908456, "V_std": 0.006221148047137892, "Asquare": 1.0301586849094666, "Asquare_std": 0.24804718583843163, "Kappa": 1.0034232781843406, "Kappa_std": 0.0005821555861361343, "alpha": 1.2562525765443249, "alpha_std": 0.018954336222707605, "Lambda": 10.786259550925605, "Lambda_std": 1.0147371492797697}, "power_law": {"D": 0.11013759345801384, "D_std": 0.007429872924489155, "xmin": 0.0005000000000000001, "xmin_std": 1.0842021724855044e-19, "V": 0.11566614665246777, "V_std": 0.007204535042420513, "Asquare": 19.259379688381294, "Asquare_std": 2.1135448815482683, "Kappa": 1.0625019668910645, "Kappa_std": 0.003517513554912403, "alpha": 1.5202417610332277, "alpha_std": 0.011226198831873684}, "stretched_exponential": {"D": 0.04771310957973106, "D_std": 0.00375626217200662, "xmin": 0.0005000000000000001, "xmin_std": 1.0842021724855044e-19, "V": 0.0864012375890985, "V_std": 0.006561209631581953, "Asquare": 2.9757511203501035, "Asquare_std": 0.45804215351893196, "Kappa": 1.0071717761509056, "Kappa_std": 0.0007027762230320891, "Lambda": 5719.565487484817, "Lambda_std": 1738.2478098947117, "beta": 0.25884858495734386, "beta_std": 0.010517782658309072}}