{"alpha": 0.1945524876530371, "alpha_std": 0.012951219270154872, "Lambda": 14829.80879552562, "Lambda_std": 368.4228214695656, "D": 0.015201873041257039, "D_std": 0.0031704560211502967, "xmin": 1.0000000000000002e-06, "xmin_std": 2.117582368135751e-22, "V": 0.02570760374677099, "V_std": 0.004808835308126094, "Asquare": 0.7106183311705393, "Asquare_std": 0.2707516521929563, "Kappa": 1.0024188987448974, "Kappa_std": 0.0010619348748002332}