{"lognormal": {"D": 0.05118326749651518, "D_std": 0.0020019385732861694, "xmin": 1e-07, "xmin_std": 0.0, "V": 0.07897575761956183, "V_std": 0.0030094573462614497, "Asquare": 6.86228336539278, "Asquare_std": 0.7064873301547889, "Kappa": 1.015661374541276, "Kappa_std": 0.0008656039303927312, "mu": -10.507326961549476, "mu_std": 0.03046074649384793, "sigma": 2.2514230284605743, "sigma_std": 0.019394525190184295}, "exponential": {"D": 0.3233649184514553, "D_std": 0.006276724115224801, "xmin": 1e-07, "xmin_std": 0.0, "V": 0.3711199012024296, "V_std": 0.006736396896491899, "Asquare": 3161165.377271776, "Asquare_std": 3643211.6070451653, "Kappa": 0.8451524350261913, "Kappa_std": 0.004077942311149453, "Lambda": 6136.061290860098, "Lambda_std": 195.2635210192503}, "truncated_power_law": {"D": 0.04299432766007154, "D_std": 0.0028890733945529596, "xmin": 1e-07, "xmin_std": 0.0, "V": 0.08143156471928567, "V_std": 0.0047317670645068075, "Asquare": 4.797981521620612, "Asquare_std": 0.9033384435829372, "Kappa": 0.9848904274374487, "Kappa_std": 0.001362094898447509, "alpha": 0.7480317325360633, "alpha_std": 0.006201796596990756, "Lambda": 1766.4065745594075, "Lambda_std": 72.41906806051816}, "power_law": {"D": 0.28934791354229544, "D_std": 0.002334239477615349, "xmin": 1e-07, "xmin_std": 0.0, "V": 0.4600341257669222, "V_std": 0.002269237162168993, "Asquare": 145.82413118931805, "Asquare_std": 4.246878608679295, "Kappa": 1.0469830565996907, "Kappa_std": 0.0023609347009605126, "alpha": 1.176952781005062, "alpha_std": 0.0009015645437558089}, "stretched_exponential": {"D": 0.02411805699931872, "D_std": 0.002073399799070734, "xmin": 1e-07, "xmin_std": 0.0, "V": 0.04594206794228663, "V_std": 0.0046118327393580155, "Asquare": 1.310296634075789, "Asquare_std": 0.43086223578366084, "Kappa": 0.9999829480585966, "Kappa_std": 0.0007612043238192928, "Lambda": 14654.927761118495, "Lambda_std": 492.4323593704978, "beta": 0.4638398143509255, "beta_std": 0.004836167117800351}}