{"alpha": 0.8648102284344382, "alpha_std": 0.012179246507660842, "Lambda": 638.5572500691762, "Lambda_std": 41.44943137969887, "D": 0.05267990626326217, "D_std": 0.002726564258636829, "xmin": 5.000000000000001e-07, "xmin_std": 1.0587911840678754e-22, "V": 0.09927947191247441, "V_std": 0.003957598775720955, "Asquare": 17.980228594060247, "Asquare_std": 7.1972306836273585, "Kappa": 0.9846623501729784, "Kappa_std": 0.000839335989035891}