{"alpha": 0.8387381805584454, "alpha_std": 0.011188361587890695, "Lambda": 1149.697088033372, "Lambda_std": 72.92808274075531, "D": 0.03242668483216429, "D_std": 0.005594271689430653, "xmin": 5.000000000000001e-07, "xmin_std": 1.0587911840678754e-22, "V": 0.06094792217954611, "V_std": 0.01026829955779321, "Asquare": 3.4755609237933145, "Asquare_std": 1.4060583841779182, "Kappa": 0.9914888608890863, "Kappa_std": 0.0018992146470784312}