{"alpha": 0.6505530974174396, "alpha_std": 0.006141800333653328, "Lambda": 84.92520670934499, "Lambda_std": 3.9321485419606743, "D": 0.09342527880126417, "D_std": 0.004295811201643097, "xmin": 1.0000000000000002e-06, "xmin_std": 2.117582368135751e-22, "V": 0.15646185384170344, "V_std": 0.008341452728108614, "Asquare": 4709005.425882363, "Asquare_std": 7056204.379213937, "Kappa": 0.9726571421383772, "Kappa_std": 0.0017821100102281128}