{"alpha": 0.6509989373051345, "alpha_std": 0.006806310854803083, "Lambda": 92.34452035881914, "Lambda_std": 3.421123687851632, "D": 0.039336409321620414, "D_std": 0.003176532644553001, "xmin": 1.0000000000000002e-06, "xmin_std": 2.117582368135751e-22, "V": 0.07107246712279565, "V_std": 0.004999819320285719, "Asquare": 7.233917277519062, "Asquare_std": 0.8865042899267997, "Kappa": 1.0045974769562986, "Kappa_std": 0.000907246051620039}