{"alpha": 0.8043717672141172, "alpha_std": 0.010637252634257776, "Lambda": 1494.2324732542506, "Lambda_std": 55.16840703133499, "D": 0.03594433913866735, "D_std": 0.004662627672180263, "xmin": 5.000000000000001e-07, "xmin_std": 1.0587911840678754e-22, "V": 0.06684914398288873, "V_std": 0.009155887345614774, "Asquare": 2.6943449153481582, "Asquare_std": 0.8281487187461712, "Kappa": 0.991337183580025, "Kappa_std": 0.0014635646889938885}