{"lognormal": {"D": 0.08221606458606841, "D_std": 0.003939147496732577, "xmin": 1e-07, "xmin_std": 0.0, "V": 0.13230738017770602, "V_std": 0.00490287004793961, "Asquare": 1530655.127639147, "Asquare_std": 1411772.8413954352, "Kappa": 1.0175528962076361, "Kappa_std": 0.0013354449171337382, "mu": -10.826491167157617, "mu_std": 0.028274930518219596, "sigma": 2.200164154121338, "sigma_std": 0.027268426691893537}, "exponential": {"D": 0.28550703471578587, "D_std": 0.007062993330335452, "xmin": 1e-07, "xmin_std": 0.0, "V": 0.33926211181413535, "V_std": 0.008793684981146431, "Asquare": 1692674.8624391232, "Asquare_std": 1566586.6377591584, "Kappa": 0.8879124531344891, "Kappa_std": 0.0025069788212385884, "Lambda": 10627.685573273753, "Lambda_std": 150.80362123410035}, "truncated_power_law": {"D": 0.044048494838484234, "D_std": 0.0033146378154938756, "xmin": 1e-07, "xmin_std": 0.0, "V": 0.07978859717132306, "V_std": 0.004917313890711337, "Asquare": 1237472.6407649673, "Asquare_std": 1145097.1947152922, "Kappa": 1.000694572979207, "Kappa_std": 0.0011965984758682637, "alpha": 0.6964464796796023, "alpha_std": 0.008104089165786253, "Lambda": 3581.834122808733, "Lambda_std": 85.26889038653461}, "power_law": {"D": 0.2660894263148905, "D_std": 0.004583587355036548, "xmin": 1e-07, "xmin_std": 0.0, "V": 0.4520054399871044, "V_std": 0.006230678990533982, "Asquare": 546751.454849357, "Asquare_std": 506017.355879845, "Kappa": 1.0857498813245887, "Kappa_std": 0.0023287003877284656, "alpha": 1.1872403325567389, "alpha_std": 0.0008706952932269574}, "stretched_exponential": {"D": 0.05611394729360082, "D_std": 0.0029716153743356557, "xmin": 1e-07, "xmin_std": 0.0, "V": 0.10431060240757979, "V_std": 0.0036555963033193025, "Asquare": 1368027.7971018543, "Asquare_std": 1266338.6363819716, "Kappa": 1.0035618933936088, "Kappa_std": 0.0008813785809404309, "Lambda": 20255.5843070639, "Lambda_std": 565.6882033544952, "beta": 0.5029505352685331, "beta_std": 0.006507599014241375}}