{"alpha": 0.4914466351008563, "alpha_std": 0.03625389173275271, "Lambda": 4281.080392239793, "Lambda_std": 203.58460446815317, "D": 0.03699799536476651, "D_std": 0.005659036510403674, "xmin": 1.0000000000000003e-05, "xmin_std": 1.6940658945086007e-21, "V": 0.06377337889983035, "V_std": 0.008307122340824527, "Asquare": 2.7791656772804916, "Asquare_std": 0.8122464871650391, "Kappa": 1.0040479022220754, "Kappa_std": 0.0006615486369763431}