{"lognormal": {"D": 0.04268432947309771, "D_std": 0.004176548401451767, "xmin": 0.0005000000000000001, "xmin_std": 1.0842021724855044e-19, "V": 0.07896702931593987, "V_std": 0.007893520737869295, "Asquare": 3.7191889828491553, "Asquare_std": 0.6907074276021024, "Kappa": 1.0146367280609652, "Kappa_std": 0.001379076594972533, "mu": -7.195727405294148, "mu_std": 0.2396860668348342, "sigma": 2.33487098929221, "sigma_std": 0.10216270027313636}, "exponential": {"D": 0.3280643224582424, "D_std": 0.010723038313956271, "xmin": 0.0005000000000000001, "xmin_std": 1.0842021724855044e-19, "V": 0.38510649349609494, "V_std": 0.01191809871308252, "Asquare": 592.3917782796194, "Asquare_std": 131.0590908232777, "Kappa": 0.8283175402601486, "Kappa_std": 0.006889522837770879, "Lambda": 82.80292249869957, "Lambda_std": 4.455029010916582}, "truncated_power_law": {"D": 0.02495391813823728, "D_std": 0.005124594013281011, "xmin": 0.0005000000000000001, "xmin_std": 1.0842021724855044e-19, "V": 0.04396203846146077, "V_std": 0.0076476268955798345, "Asquare": 0.72000990732144, "Asquare_std": 0.27387673266621265, "Kappa": 1.0033972908994937, "Kappa_std": 0.0007635046703836752, "alpha": 1.2144606203536583, "alpha_std": 0.020620149539229044, "Lambda": 10.34520651966406, "Lambda_std": 1.0924273452245683}, "power_law": {"D": 0.12185462185724201, "D_std": 0.006697586064354218, "xmin": 0.0005000000000000001, "xmin_std": 1.0842021724855044e-19, "V": 0.12525353944333312, "V_std": 0.006568892289508646, "Asquare": 25.056043863718084, "Asquare_std": 1.761183848056498, "Kappa": 1.0708569946558697, "Kappa_std": 0.0028105269759662946, "alpha": 1.494816027557849, "alpha_std": 0.0076186710269306795}, "stretched_exponential": {"D": 0.037309144744672916, "D_std": 0.005286320156020313, "xmin": 0.0005000000000000001, "xmin_std": 1.0842021724855044e-19, "V": 0.06880484384936689, "V_std": 0.007731569858238273, "Asquare": 2.4273030055756832, "Asquare_std": 0.6135313139395908, "Kappa": 1.0067304084219908, "Kappa_std": 0.0011514655023283755, "Lambda": 2900.456093588345, "Lambda_std": 1122.934969758554, "beta": 0.2791665386980525, "beta_std": 0.016699937967067886}}