{"lognormal": {"D": 0.039082009430474796, "D_std": 0.003483081253472954, "xmin": 1e-07, "xmin_std": 0.0, "V": 0.05937145401799927, "V_std": 0.004425474767105966, "Asquare": 4.065928309226709, "Asquare_std": 0.6997630659632058, "Kappa": 1.0112511676460876, "Kappa_std": 0.0011858868131494381, "mu": -10.104239932045646, "mu_std": 0.029821361614755893, "sigma": 2.3172525298575595, "sigma_std": 0.018879109094396017}, "exponential": {"D": 0.3744240618154329, "D_std": 0.010978244452863875, "xmin": 1e-07, "xmin_std": 0.0, "V": 0.4083352089885649, "V_std": 0.011272685991247307, "Asquare": 57891648.20957969, "Asquare_std": 20761214.796943977, "Kappa": 0.785398598240296, "Kappa_std": 0.006390943907315394, "Lambda": 3049.865706854106, "Lambda_std": 130.46526809718125}, "truncated_power_law": {"D": 0.06173619250287431, "D_std": 0.00513032658605428, "xmin": 1e-07, "xmin_std": 0.0, "V": 0.11686652245368345, "V_std": 0.008150105649269738, "Asquare": 23.910685676389072, "Asquare_std": 4.610540242198459, "Kappa": 0.9738448820631254, "Kappa_std": 0.001742823906557039, "alpha": 0.7951674304604979, "alpha_std": 0.006630184769172949, "Lambda": 739.9237977726576, "Lambda_std": 44.39791422803547}, "power_law": {"D": 0.29517326788711334, "D_std": 0.005199726837830184, "xmin": 1e-07, "xmin_std": 0.0, "V": 0.46088605769147667, "V_std": 0.0054360621309144, "Asquare": 173.22571791375887, "Asquare_std": 4.282234746148145, "Kappa": 1.0586549343841398, "Kappa_std": 0.001868586012936032, "alpha": 1.165404109324577, "alpha_std": 0.00077546753204219}, "stretched_exponential": {"D": 0.025370099944727352, "D_std": 0.003342857205211247, "xmin": 1e-07, "xmin_std": 0.0, "V": 0.0471481888505495, "V_std": 0.006925594000081507, "Asquare": 1.290352307959532, "Asquare_std": 0.39287565691530896, "Kappa": 0.9955392603083512, "Kappa_std": 0.0008981416126919554, "Lambda": 9610.35755407592, "Lambda_std": 307.3947278364878, "beta": 0.429878480264209, "beta_std": 0.004425284036180216}}