{"alpha": 0.7586199765833699, "alpha_std": 0.01627634723616409, "Lambda": 1152.3534830868543, "Lambda_std": 92.85006373286154, "D": 0.05331223551856039, "D_std": 0.006101963225398865, "xmin": 5.000000000000001e-07, "xmin_std": 1.0587911840678754e-22, "V": 0.07805997736803302, "V_std": 0.008971173050013935, "Asquare": 2233.1957705237214, "Asquare_std": 3589.0823379878734, "Kappa": 0.9925460064248153, "Kappa_std": 0.0015371272772304895}