{"lognormal": {"D": 0.04311355890433203, "D_std": 0.0034958982850752662, "xmin": 1e-07, "xmin_std": 0.0, "V": 0.0679317635645556, "V_std": 0.0046919456148844735, "Asquare": 5.340031037651161, "Asquare_std": 0.6893857577367635, "Kappa": 1.01395098278081, "Kappa_std": 0.0007364210189083218, "mu": -10.377737315665726, "mu_std": 0.03892527236990436, "sigma": 2.2116541372939067, "sigma_std": 0.027510330092589668}, "exponential": {"D": 0.3184600945478823, "D_std": 0.00726819329039314, "xmin": 1e-07, "xmin_std": 0.0, "V": 0.3645929668670419, "V_std": 0.007266719251288794, "Asquare": 3157327.8075574315, "Asquare_std": 1933915.8669544072, "Kappa": 0.8351744061382457, "Kappa_std": 0.005428633821900084, "Lambda": 5434.557105893322, "Lambda_std": 203.03737623537106}, "truncated_power_law": {"D": 0.048799034044942194, "D_std": 0.005132539214663176, "xmin": 1e-07, "xmin_std": 0.0, "V": 0.09185148223205766, "V_std": 0.007234863948342156, "Asquare": 7.7999121668806195, "Asquare_std": 1.9041704226904799, "Kappa": 0.9813912586442939, "Kappa_std": 0.0011502406090741653, "alpha": 0.742194380540312, "alpha_std": 0.010156782577284243, "Lambda": 1584.4822078875688, "Lambda_std": 86.71589371044378}, "power_law": {"D": 0.2934729158393946, "D_std": 0.005673155293033814, "xmin": 1e-07, "xmin_std": 0.0, "V": 0.46653989870736945, "V_std": 0.007614318316507379, "Asquare": 158.62764287093918, "Asquare_std": 4.10344378522735, "Kappa": 1.053741893210538, "Kappa_std": 0.0024050081068519055, "alpha": 1.1732856154829205, "alpha_std": 0.0010987030101642658}, "stretched_exponential": {"D": 0.025273125854584723, "D_std": 0.0026846553362576053, "xmin": 1e-07, "xmin_std": 0.0, "V": 0.045708508895594545, "V_std": 0.0038856283932198706, "Asquare": 1.0329178119639162, "Asquare_std": 0.3048057965368845, "Kappa": 0.9975944271974344, "Kappa_std": 0.0005857039530086981, "Lambda": 12937.410935201358, "Lambda_std": 543.509095805247, "beta": 0.46801286962875743, "beta_std": 0.007380233652398181}}