{"alpha": 0.859542475575157, "alpha_std": 0.006620379634052044, "Lambda": 605.8685223062753, "Lambda_std": 30.20486881236263, "D": 0.05008546263906111, "D_std": 0.0033463020680443425, "xmin": 5.000000000000001e-07, "xmin_std": 1.0587911840678754e-22, "V": 0.09212244327154376, "V_std": 0.0042280157771370334, "Asquare": 10.199246647799411, "Asquare_std": 1.3736176806255493, "Kappa": 0.9879561784856495, "Kappa_std": 0.0015387230040471635}