{"alpha": 0.7832458278820023, "alpha_std": 0.014088537404162329, "Lambda": 1012.203284607298, "Lambda_std": 48.68159700521237, "D": 0.04971272632959053, "D_std": 0.0017792545946411385, "xmin": 5.000000000000001e-07, "xmin_std": 1.0587911840678754e-22, "V": 0.08122972372255316, "V_std": 0.003734505251422794, "Asquare": 30.492564185221518, "Asquare_std": 13.381743835961592, "Kappa": 0.9902236884083117, "Kappa_std": 0.0012380308478379632}