{"lognormal": {"D": 0.03873514455262604, "D_std": 0.004293245220502582, "xmin": 1e-07, "xmin_std": 0.0, "V": 0.05986877580672473, "V_std": 0.006513399807285565, "Asquare": 4.037357411766779, "Asquare_std": 0.7423280634801666, "Kappa": 1.012336382001732, "Kappa_std": 0.0008145911802176912, "mu": -10.408795468560585, "mu_std": 0.03787280978770016, "sigma": 2.165380930904452, "sigma_std": 0.018075499543563092}, "exponential": {"D": 0.3193910637244589, "D_std": 0.00571362110463128, "xmin": 1e-07, "xmin_std": 0.0, "V": 0.3687233891293214, "V_std": 0.006453022099090565, "Asquare": 321871.24552394554, "Asquare_std": 385814.1928185105, "Kappa": 0.8374099703229264, "Kappa_std": 0.0038208028625958705, "Lambda": 5886.263352396558, "Lambda_std": 189.57523153000915}, "truncated_power_law": {"D": 0.05376867927673075, "D_std": 0.00395576852166097, "xmin": 1e-07, "xmin_std": 0.0, "V": 0.0978827889105039, "V_std": 0.005476173858803118, "Asquare": 8.383616076363158, "Asquare_std": 1.0869539736844747, "Kappa": 0.9796121014329702, "Kappa_std": 0.0013046357249178384, "alpha": 0.732410080799096, "alpha_std": 0.0070791876887224695, "Lambda": 1768.189422487664, "Lambda_std": 67.1136960760993}, "power_law": {"D": 0.2971840351015931, "D_std": 0.004917836296201483, "xmin": 1e-07, "xmin_std": 0.0, "V": 0.4688289058952938, "V_std": 0.005584391641768016, "Asquare": 169.8201408564982, "Asquare_std": 5.785888600366767, "Kappa": 1.0518005050766797, "Kappa_std": 0.001724482698232242, "alpha": 1.1743376959246903, "alpha_std": 0.0010948365031505003}, "stretched_exponential": {"D": 0.02602479552565254, "D_std": 0.0025288099016488094, "xmin": 1e-07, "xmin_std": 0.0, "V": 0.04768949869153337, "V_std": 0.003969104096775823, "Asquare": 1.1952031586536025, "Asquare_std": 0.2716316785286978, "Kappa": 0.996026209065651, "Kappa_std": 0.0007919717108390188, "Lambda": 13548.450378871546, "Lambda_std": 542.2375060859617, "beta": 0.47672920278586844, "beta_std": 0.005237897178473383}}