{"alpha": 0.6638606592541831, "alpha_std": 0.00935207817895327, "Lambda": 134.44553147865003, "Lambda_std": 7.198894755600831, "D": 0.09329567139472242, "D_std": 0.0034119828535140832, "xmin": 1.0000000000000002e-06, "xmin_std": 2.117582368135751e-22, "V": 0.16355981121452173, "V_std": 0.006101799236790433, "Asquare": 287.48204913577223, "Asquare_std": 285.02539027664835, "Kappa": 0.9687668401168908, "Kappa_std": 0.0014192401001945304}