{"alpha": 0.9981984254503179, "alpha_std": 0.02302472912750532, "Lambda": 676.62388943582, "Lambda_std": 67.26910859634857, "D": 0.03072407350741255, "D_std": 0.00441046972115944, "xmin": 1.0000000000000003e-05, "xmin_std": 1.6940658945086007e-21, "V": 0.05511037714067027, "V_std": 0.007543648210095003, "Asquare": 2.2701001384049597, "Asquare_std": 0.7062574491776921, "Kappa": 1.0005963468592736, "Kappa_std": 0.00043123077676695507}