{"lognormal": {"D": 0.04151569591410459, "D_std": 0.004880071519326816, "xmin": 0.0005000000000000001, "xmin_std": 1.0842021724855044e-19, "V": 0.07457636063460699, "V_std": 0.009075629859834332, "Asquare": 2.312451405383176, "Asquare_std": 0.6685100900481572, "Kappa": 1.010521633233983, "Kappa_std": 0.001328392171126055, "mu": -6.441568672961068, "mu_std": 0.10196899795458751, "sigma": 1.829025546974298, "sigma_std": 0.056250403340548365}, "exponential": {"D": 0.2413458997699267, "D_std": 0.010378435966215984, "xmin": 0.0005000000000000001, "xmin_std": 1.0842021724855044e-19, "V": 0.285567917527067, "V_std": 0.010447409953051337, "Asquare": 349.772110089407, "Asquare_std": 161.87167509888846, "Kappa": 0.8786845562887518, "Kappa_std": 0.005189342540014735, "Lambda": 116.99057706558168, "Lambda_std": 3.95505617056981}, "truncated_power_law": {"D": 0.020440079430611664, "D_std": 0.004162311705963948, "xmin": 0.0005000000000000001, "xmin_std": 1.0842021724855044e-19, "V": 0.03719056309348926, "V_std": 0.007612582564848063, "Asquare": 0.3589059349735611, "Asquare_std": 0.15956249038278988, "Kappa": 1.001789457169591, "Kappa_std": 0.0006195189218140003, "alpha": 1.0811708498099863, "alpha_std": 0.024323215488527873, "Lambda": 24.69512828177711, "Lambda_std": 1.9163748090324322}, "power_law": {"D": 0.14874645920728663, "D_std": 0.00738374968943178, "xmin": 0.0005000000000000001, "xmin_std": 1.0842021724855044e-19, "V": 0.1707983707854091, "V_std": 0.008936081653059562, "Asquare": 31.58040485703652, "Asquare_std": 2.4418584545778983, "Kappa": 1.0767696576258259, "Kappa_std": 0.0033710618586769293, "alpha": 1.5075108757987956, "alpha_std": 0.0063254029198385586}, "stretched_exponential": {"D": 0.03060159972953569, "D_std": 0.005901582071055218, "xmin": 0.0005000000000000001, "xmin_std": 1.0842021724855044e-19, "V": 0.05581237088314554, "V_std": 0.009302833857100758, "Asquare": 1.0605135047324272, "Asquare_std": 0.4880573234964252, "Kappa": 1.0029136173566262, "Kappa_std": 0.0006256887055215616, "Lambda": 709.7165002490556, "Lambda_std": 111.13066809137372, "beta": 0.39533998686167726, "beta_std": 0.015776843788524873}}