{"alpha": 0.9500935025260082, "alpha_std": 0.02476193077492993, "Lambda": 971.7892297411452, "Lambda_std": 84.91446876530695, "D": 0.021150800767909865, "D_std": 0.0035319873118430704, "xmin": 1.0000000000000003e-05, "xmin_std": 1.6940658945086007e-21, "V": 0.039215390175815275, "V_std": 0.006294130406534496, "Asquare": 0.9862832582371468, "Asquare_std": 0.38050353220601973, "Kappa": 1.0005379533432892, "Kappa_std": 0.00038863725161250844}