{"lognormal": {"D": 0.05074823771319218, "D_std": 0.002215173747994108, "xmin": 1e-07, "xmin_std": 0.0, "V": 0.0807947762533716, "V_std": 0.0038918689097223037, "Asquare": 289969.92153350473, "Asquare_std": 320483.16528426134, "Kappa": 1.0147242108463979, "Kappa_std": 0.0007622764008210563, "mu": -9.9623480804862, "mu_std": 0.03239889939608971, "sigma": 2.313006877096656, "sigma_std": 0.0349915717063143}, "exponential": {"D": 0.353830842871244, "D_std": 0.012289920042052743, "xmin": 1e-07, "xmin_std": 0.0, "V": 0.38518138397988966, "V_std": 0.01334442903221192, "Asquare": 100912735.97193679, "Asquare_std": 40548001.26700062, "Kappa": 0.7924988637367913, "Kappa_std": 0.006458470136546143, "Lambda": 2796.0845527394868, "Lambda_std": 104.14902649891124}, "truncated_power_law": {"D": 0.06323754884787955, "D_std": 0.0027333888131748883, "xmin": 1e-07, "xmin_std": 0.0, "V": 0.11276754781030925, "V_std": 0.0038498675704448176, "Asquare": 168900.1397230321, "Asquare_std": 188142.35921765902, "Kappa": 0.9762128941232353, "Kappa_std": 0.0008889850861432003, "alpha": 0.7790998490348321, "alpha_std": 0.01082343761667283, "Lambda": 712.9414272550899, "Lambda_std": 48.2737953684076}, "power_law": {"D": 0.29759014902418823, "D_std": 0.004078510224213538, "xmin": 1e-07, "xmin_std": 0.0, "V": 0.46810091574967316, "V_std": 0.005591750082273647, "Asquare": 58876.46249385261, "Asquare_std": 64412.34593362967, "Kappa": 1.0664987838871962, "Kappa_std": 0.0014646722641133883, "alpha": 1.1617422576764014, "alpha_std": 0.0007524096621396758}, "stretched_exponential": {"D": 0.02372978426429727, "D_std": 0.0016984082287244742, "xmin": 1e-07, "xmin_std": 0.0, "V": 0.043404033371901504, "V_std": 0.002056069441536637, "Asquare": 215050.88892177446, "Asquare_std": 238669.2780859862, "Kappa": 0.9981877983335558, "Kappa_std": 0.0006399031115401856, "Lambda": 8205.402835276485, "Lambda_std": 238.815606401937, "beta": 0.4424337531692536, "beta_std": 0.008946492940508605}}