{"alpha": 0.6123552308711926, "alpha_std": 0.009475917115183424, "Lambda": 81.12168724613454, "Lambda_std": 3.4565853946251446, "D": 0.08419704442376615, "D_std": 0.0022908821614613765, "xmin": 1.0000000000000002e-06, "xmin_std": 2.117582368135751e-22, "V": 0.13980834909948894, "V_std": 0.004051829825131825, "Asquare": 23.472011215032687, "Asquare_std": 3.2466088716890087, "Kappa": 0.9765757602586463, "Kappa_std": 0.00042777273155137073}