{"alpha": 0.9724425453688434, "alpha_std": 0.027030670467848572, "Lambda": 528.6659908954693, "Lambda_std": 70.13827966411439, "D": 0.060097268492182374, "D_std": 0.005912908309933694, "xmin": 1.0000000000000003e-05, "xmin_std": 1.6940658945086007e-21, "V": 0.10084076287319532, "V_std": 0.010262725265896704, "Asquare": 8.57406597868937, "Asquare_std": 2.4260406144985898, "Kappa": 1.0009921296683724, "Kappa_std": 0.0006809965249070325}