{"alpha": 0.7613900761134345, "alpha_std": 0.011852431983033191, "Lambda": 1416.9307993259263, "Lambda_std": 81.26353142567757, "D": 0.0310047455139963, "D_std": 0.00470343794354831, "xmin": 5.000000000000001e-07, "xmin_std": 1.0587911840678754e-22, "V": 0.052257327617238045, "V_std": 0.007207311073407179, "Asquare": 66.0245760130082, "Asquare_std": 71.48775947942659, "Kappa": 0.998816045023112, "Kappa_std": 0.0015297597964251083}