{"lognormal": {"D": 0.07913402592833864, "D_std": 0.0065345220507037295, "xmin": 1e-07, "xmin_std": 0.0, "V": 0.12716637116966764, "V_std": 0.008563971810477829, "Asquare": 147313.29875220612, "Asquare_std": 179837.32305147575, "Kappa": 1.0207856608826282, "Kappa_std": 0.0014626707223303718, "mu": -10.1498691816705, "mu_std": 0.0366516535974624, "sigma": 2.1836671760592177, "sigma_std": 0.02813473109502882}, "exponential": {"D": 0.2805512749305493, "D_std": 0.00761364180355343, "xmin": 1e-07, "xmin_std": 0.0, "V": 0.3053002356786986, "V_std": 0.008446556395295353, "Asquare": 23250548.276763767, "Asquare_std": 17044696.380432345, "Kappa": 0.8643532396977145, "Kappa_std": 0.011088586026865242, "Lambda": 4960.521594895844, "Lambda_std": 341.4310841016936}, "truncated_power_law": {"D": 0.03517733696249406, "D_std": 0.004740929351978912, "xmin": 1e-07, "xmin_std": 0.0, "V": 0.06605850856166125, "V_std": 0.00831494704631729, "Asquare": 94479.51552778891, "Asquare_std": 114606.06559064376, "Kappa": 0.9902397192522383, "Kappa_std": 0.003371779777750607, "alpha": 0.6982416635624089, "alpha_std": 0.013226998114771574, "Lambda": 1629.9479980678677, "Lambda_std": 167.4328821126936}, "power_law": {"D": 0.2932779866488434, "D_std": 0.005942298224239078, "xmin": 1e-07, "xmin_std": 0.0, "V": 0.4855179823916361, "V_std": 0.00640384984679913, "Asquare": 28892.49337156802, "Asquare_std": 35212.660316940666, "Kappa": 1.0706764320043383, "Kappa_std": 0.0016194127915478713, "alpha": 1.166972976655832, "alpha_std": 0.0009726324157398854}, "stretched_exponential": {"D": 0.04207356316774049, "D_std": 0.005198058306190522, "xmin": 1e-07, "xmin_std": 0.0, "V": 0.07062846491156521, "V_std": 0.00834245680940846, "Asquare": 114451.50394324472, "Asquare_std": 139577.8856160035, "Kappa": 1.0044024981956166, "Kappa_std": 0.0014193462192525453, "Lambda": 10121.323824816154, "Lambda_std": 341.6916922184439, "beta": 0.5038990925896711, "beta_std": 0.008445818362492245}}