{"alpha": 0.9922241726899709, "alpha_std": 0.025319831910009662, "Lambda": 689.74043651237, "Lambda_std": 76.81198896791453, "D": 0.02903829776673911, "D_std": 0.004848149993372034, "xmin": 1.0000000000000003e-05, "xmin_std": 1.6940658945086007e-21, "V": 0.05216534787497713, "V_std": 0.00831865066419185, "Asquare": 3.2584043793057673, "Asquare_std": 2.433073545422345, "Kappa": 1.0008637139095464, "Kappa_std": 0.0004306251186092772}