{"lognormal": {"D": 0.09753942541395362, "D_std": 0.005359472613044393, "xmin": 1e-07, "xmin_std": 0.0, "V": 0.15635348030263924, "V_std": 0.005629959229088502, "Asquare": 1805439.7222048633, "Asquare_std": 2172964.195813263, "Kappa": 1.022955560427854, "Kappa_std": 0.0009502171638411963, "mu": -10.356694809758265, "mu_std": 0.03585952623398448, "sigma": 2.1550760939161515, "sigma_std": 0.022077550501813505}, "exponential": {"D": 0.2509151002365452, "D_std": 0.004664801087307109, "xmin": 1e-07, "xmin_std": 0.0, "V": 0.30116218850640725, "V_std": 0.007937444667075839, "Asquare": 2058896.1993007758, "Asquare_std": 2494832.1356014363, "Kappa": 0.9128131506403697, "Kappa_std": 0.003116630468979824, "Lambda": 7546.47009920501, "Lambda_std": 154.23285363413098}, "truncated_power_law": {"D": 0.04654805989680848, "D_std": 0.003906505340682748, "xmin": 1e-07, "xmin_std": 0.0, "V": 0.08995383680915404, "V_std": 0.006070640149154634, "Asquare": 1251822.4295563486, "Asquare_std": 1500255.1038484122, "Kappa": 1.0050345408824157, "Kappa_std": 0.0009993239889218484, "alpha": 0.6377969098674825, "alpha_std": 0.009369519693360027, "Lambda": 2901.6958745691654, "Lambda_std": 73.08665181408247}, "power_law": {"D": 0.2856017163842638, "D_std": 0.004694960401785807, "xmin": 1e-07, "xmin_std": 0.0, "V": 0.48641180823991903, "V_std": 0.006172418611477667, "Asquare": 351172.9440680832, "Asquare_std": 424153.2076221125, "Kappa": 1.0824069108945396, "Kappa_std": 0.0014428791097409275, "alpha": 1.1728443481574318, "alpha_std": 0.0009943318006206661}, "stretched_exponential": {"D": 0.06599145137045569, "D_std": 0.0036604438555808243, "xmin": 1e-07, "xmin_std": 0.0, "V": 0.1190079440774527, "V_std": 0.007102784838336426, "Asquare": 1471981.1345066451, "Asquare_std": 1768336.611639836, "Kappa": 1.0077569563807187, "Kappa_std": 0.0007537329404123646, "Lambda": 12445.415493172382, "Lambda_std": 406.650411557967, "beta": 0.5448501764513812, "beta_std": 0.007635437341106883}}