{"alpha": 0.19773688484634533, "alpha_std": 0.020925888990713782, "Lambda": 14918.75987332746, "Lambda_std": 492.8037045991604, "D": 0.014871408674317448, "D_std": 0.002497600205655544, "xmin": 1.0000000000000002e-06, "xmin_std": 2.117582368135751e-22, "V": 0.025661667583115777, "V_std": 0.00368454883391212, "Asquare": 0.7392275888566894, "Asquare_std": 0.2830976765357816, "Kappa": 1.002413334337075, "Kappa_std": 0.0008556591225885341}