{"lognormal": {"D": 0.04837502709815559, "D_std": 0.004538107757802394, "xmin": 1e-07, "xmin_std": 0.0, "V": 0.07241096203778093, "V_std": 0.00683792536187807, "Asquare": 5.69071521536865, "Asquare_std": 1.0853590794742014, "Kappa": 1.0132346010485818, "Kappa_std": 0.00137867731993271, "mu": -10.01787933682198, "mu_std": 0.026231389375809377, "sigma": 2.2484441413631076, "sigma_std": 0.01959976663170099}, "exponential": {"D": 0.34214180729089294, "D_std": 0.008523257201464667, "xmin": 1e-07, "xmin_std": 0.0, "V": 0.375304979810844, "V_std": 0.009619915855532984, "Asquare": 25345994.053987637, "Asquare_std": 17561778.69149591, "Kappa": 0.8058469774664442, "Kappa_std": 0.006674014982352585, "Lambda": 3279.5245428631156, "Lambda_std": 116.17532947384878}, "truncated_power_law": {"D": 0.056636297581877805, "D_std": 0.005771017746172388, "xmin": 1e-07, "xmin_std": 0.0, "V": 0.10791305933867859, "V_std": 0.010496221311609783, "Asquare": 17.36182063489299, "Asquare_std": 3.905804741892857, "Kappa": 0.975238474083578, "Kappa_std": 0.002031580828805583, "alpha": 0.7612493924564613, "alpha_std": 0.008045578471499889, "Lambda": 888.6871128992127, "Lambda_std": 49.889681572289824}, "power_law": {"D": 0.3018486083969906, "D_std": 0.005354467106585757, "xmin": 1e-07, "xmin_std": 0.0, "V": 0.4723709592007935, "V_std": 0.006940394197846702, "Asquare": 183.6753240892019, "Asquare_std": 5.718696346989555, "Kappa": 1.0608415223576366, "Kappa_std": 0.0018773020587488799, "alpha": 1.1633224776297066, "alpha_std": 0.0006698139994155372}, "stretched_exponential": {"D": 0.025116530386280735, "D_std": 0.003732661808392331, "xmin": 1e-07, "xmin_std": 0.0, "V": 0.04499303842765377, "V_std": 0.005918693142162396, "Asquare": 1.2046129233436482, "Asquare_std": 0.2628064155793997, "Kappa": 0.9965187185248949, "Kappa_std": 0.0011127151289240967, "Lambda": 8817.47363071881, "Lambda_std": 250.37302354669916, "beta": 0.45460145607064034, "beta_std": 0.006016552332055339}}