{"alpha": 0.6525717465828965, "alpha_std": 0.010330653910003202, "Lambda": 135.5642964053985, "Lambda_std": 8.114202846348315, "D": 0.09178581086407954, "D_std": 0.00412065866999318, "xmin": 1.0000000000000002e-06, "xmin_std": 2.117582368135751e-22, "V": 0.1544674827365649, "V_std": 0.005264537955557568, "Asquare": 88040.75925555074, "Asquare_std": 116861.50177991687, "Kappa": 0.9689015510144989, "Kappa_std": 0.0009683414728675762}