{"lognormal": {"D": 0.032788623769088324, "D_std": 0.0030718202197221197, "xmin": 0.0005000000000000001, "xmin_std": 1.0842021724855044e-19, "V": 0.05311923485800809, "V_std": 0.005389410706050587, "Asquare": 1.5911574619371138, "Asquare_std": 0.2630986224225141, "Kappa": 1.008285066432283, "Kappa_std": 0.0009051614819825403, "mu": -6.676132094833292, "mu_std": 0.1058442565450258, "sigma": 2.054448721677708, "sigma_std": 0.05338262728441031}, "exponential": {"D": 0.31497796301963865, "D_std": 0.011304525758368988, "xmin": 0.0005000000000000001, "xmin_std": 1.0842021724855044e-19, "V": 0.36414029144374244, "V_std": 0.011977889517768235, "Asquare": 809.9006119189695, "Asquare_std": 225.94988991163385, "Kappa": 0.8352211248967245, "Kappa_std": 0.005046687140648207, "Lambda": 89.16276094128082, "Lambda_std": 5.272776168793121}, "truncated_power_law": {"D": 0.02757124294614748, "D_std": 0.004582765529214679, "xmin": 0.0005000000000000001, "xmin_std": 1.0842021724855044e-19, "V": 0.04811475390688064, "V_std": 0.00795722190201291, "Asquare": 0.6583959641786861, "Asquare_std": 0.16470028330144215, "Kappa": 1.0009935022985226, "Kappa_std": 0.0005167556734008688, "alpha": 1.1781968200041057, "alpha_std": 0.015657797039367646, "Lambda": 12.96287431074212, "Lambda_std": 1.2781804335060698}, "power_law": {"D": 0.13026438464691142, "D_std": 0.006906068297503863, "xmin": 0.0005000000000000001, "xmin_std": 1.0842021724855044e-19, "V": 0.1356659641952494, "V_std": 0.007972072120530882, "Asquare": 25.079481915507642, "Asquare_std": 2.0084960258786775, "Kappa": 1.0739762696244342, "Kappa_std": 0.002467528176141523, "alpha": 1.493903271908874, "alpha_std": 0.0075263232830851306}, "stretched_exponential": {"D": 0.02635175999505266, "D_std": 0.0025561516870341275, "xmin": 0.0005000000000000001, "xmin_std": 1.0842021724855044e-19, "V": 0.048059522575913345, "V_std": 0.005360725481589942, "Asquare": 0.9355113789173668, "Asquare_std": 0.18440867417216214, "Kappa": 1.002833377650474, "Kappa_std": 0.0006633041880276398, "Lambda": 1391.6326459568286, "Lambda_std": 251.38231231411507, "beta": 0.3192813218907206, "beta_std": 0.01146011289609044}}