{"alpha": 0.6727819925026353, "alpha_std": 0.021465378668754826, "Lambda": 2650.830181639838, "Lambda_std": 115.00193236278824, "D": 0.05599252228797943, "D_std": 0.005332304884629903, "xmin": 5.000000000000001e-07, "xmin_std": 1.0587911840678754e-22, "V": 0.08810496665578746, "V_std": 0.008892461888135195, "Asquare": 5.355553144510857, "Asquare_std": 1.0682076119208606, "Kappa": 1.0100336499723555, "Kappa_std": 0.0010165419968131786}