{"alpha": 0.499201198809259, "alpha_std": 0.03648676017332622, "Lambda": 3972.351617992215, "Lambda_std": 193.44962454676266, "D": 0.0373938700711502, "D_std": 0.0057278011151744666, "xmin": 1.0000000000000003e-05, "xmin_std": 1.6940658945086007e-21, "V": 0.06553911463742379, "V_std": 0.008661846481125264, "Asquare": 3.1017231433370536, "Asquare_std": 0.8900891695597557, "Kappa": 1.0045620029193978, "Kappa_std": 0.0006993531690535109}