{"lognormal": {"D": 0.06654430427606624, "D_std": 0.004114252010987823, "xmin": 1e-07, "xmin_std": 0.0, "V": 0.10839511178565822, "V_std": 0.0079857741458929, "Asquare": 1153449.8571811363, "Asquare_std": 1327348.467197577, "Kappa": 1.0184271415952815, "Kappa_std": 0.001173663771111414, "mu": -9.998592226573011, "mu_std": 0.03800943897297394, "sigma": 2.2476110277685324, "sigma_std": 0.03503472277701443}, "exponential": {"D": 0.3118578551441706, "D_std": 0.009121496259488281, "xmin": 1e-07, "xmin_std": 0.0, "V": 0.3345181290356291, "V_std": 0.010294528339567052, "Asquare": 99165485.75883335, "Asquare_std": 26426229.889885876, "Kappa": 0.8140361523754495, "Kappa_std": 0.0072074968301808545, "Lambda": 3342.9113334677504, "Lambda_std": 138.30217207129112}, "truncated_power_law": {"D": 0.06099856539574587, "D_std": 0.004049490582448901, "xmin": 1e-07, "xmin_std": 0.0, "V": 0.103985362717852, "V_std": 0.006622741117394022, "Asquare": 694502.6674479872, "Asquare_std": 806737.5758793599, "Kappa": 0.9803285266413975, "Kappa_std": 0.001579494925654594, "alpha": 0.7520502851913338, "alpha_std": 0.011391476511961426, "Lambda": 932.3972981194668, "Lambda_std": 63.846677572356874}, "power_law": {"D": 0.2932954484970005, "D_std": 0.005862572932599291, "xmin": 1e-07, "xmin_std": 0.0, "V": 0.4755513723822994, "V_std": 0.007173066337871564, "Asquare": 228937.04658029554, "Asquare_std": 262819.14445901004, "Kappa": 1.0719977718399107, "Kappa_std": 0.0024551234923947314, "alpha": 1.1628237208180399, "alpha_std": 0.0009376462351929894}, "stretched_exponential": {"D": 0.02824710264055602, "D_std": 0.003712696271831867, "xmin": 1e-07, "xmin_std": 0.0, "V": 0.0520427597129409, "V_std": 0.005289321288478808, "Asquare": 873883.6613452655, "Asquare_std": 1012447.1018808986, "Kappa": 1.001724513042653, "Kappa_std": 0.0010934872613781634, "Lambda": 8623.5710488401, "Lambda_std": 307.54154090004744, "beta": 0.46827921749962637, "beta_std": 0.009182763137995273}}