{"alpha": 0.555784244355179, "alpha_std": 0.010651986433626982, "Lambda": 100.87245646266226, "Lambda_std": 2.2747216225849627, "D": 0.05216245603340486, "D_std": 0.00521134112121428, "xmin": 1.0000000000000002e-06, "xmin_std": 2.117582368135751e-22, "V": 0.09268616756415711, "V_std": 0.007034999696506589, "Asquare": 9.92592473641687, "Asquare_std": 1.6623174633346904, "Kappa": 0.994122114296308, "Kappa_std": 0.0013595079310718741}