{"alpha": 0.8393334643543635, "alpha_std": 0.009045954346984563, "Lambda": 1072.8405953376616, "Lambda_std": 79.483930087839, "D": 0.03513892368497058, "D_std": 0.0040895927755597045, "xmin": 5.000000000000001e-07, "xmin_std": 1.0587911840678754e-22, "V": 0.0653815403741209, "V_std": 0.006431856313389311, "Asquare": 509.99462898818047, "Asquare_std": 856.0072549789119, "Kappa": 0.9914444436346092, "Kappa_std": 0.0010009086503204286}