{"alpha": 0.7357982047170417, "alpha_std": 0.011774078758424227, "Lambda": 3474.541363306307, "Lambda_std": 62.05434884101574, "D": 0.043420796737496214, "D_std": 0.0037162165482057257, "xmin": 1.0000000000000002e-06, "xmin_std": 2.117582368135751e-22, "V": 0.07219279233490268, "V_std": 0.005698737958361717, "Asquare": 568614.5043466433, "Asquare_std": 603960.4273204688, "Kappa": 1.0056448919326948, "Kappa_std": 0.000458085929741539}