{"alpha": 0.7779292434921686, "alpha_std": 0.04204441793551849, "Lambda": 1368.072933323821, "Lambda_std": 166.68647956714238, "D": 0.0420506171548129, "D_std": 0.006490823546325003, "xmin": 1.0000000000000003e-05, "xmin_std": 1.6940658945086007e-21, "V": 0.07482725801476026, "V_std": 0.010116378764430285, "Asquare": 76.84394480223362, "Asquare_std": 151.8683399381483, "Kappa": 1.0009995424660267, "Kappa_std": 0.0007474561946190527}