{"alpha": 0.6563708637532453, "alpha_std": 0.011576627935342127, "Lambda": 80.04320691486782, "Lambda_std": 5.009260844392347, "D": 0.0933623754445551, "D_std": 0.0061824213874747316, "xmin": 1.0000000000000002e-06, "xmin_std": 2.117582368135751e-22, "V": 0.16452448858626317, "V_std": 0.010619039607512109, "Asquare": 35.9802730813215, "Asquare_std": 4.6337932770371, "Kappa": 0.9702447779109038, "Kappa_std": 0.0018295734444448428}