{"alpha": 0.7811039127587369, "alpha_std": 0.010891266083939295, "Lambda": 3688.9181740454433, "Lambda_std": 130.6083783556765, "D": 0.035321700374052224, "D_std": 0.0028259602471865817, "xmin": 1.0000000000000002e-06, "xmin_std": 2.117582368135751e-22, "V": 0.06505922200908851, "V_std": 0.00428308613541318, "Asquare": 4349110.227918563, "Asquare_std": 3185008.0940511096, "Kappa": 1.0045690195751085, "Kappa_std": 0.0004262448254315268}