{"lognormal": {"D": 0.04188268391357264, "D_std": 0.0042916672392998585, "xmin": 1e-07, "xmin_std": 0.0, "V": 0.06580878107656755, "V_std": 0.005122098640793434, "Asquare": 5.182393069112512, "Asquare_std": 0.5719164499527948, "Kappa": 1.0131970135043002, "Kappa_std": 0.0009460890602843403, "mu": -10.359160574325985, "mu_std": 0.025983814116492306, "sigma": 2.250225995780311, "sigma_std": 0.027467079774119815}, "exponential": {"D": 0.33751839391864, "D_std": 0.009222278575655819, "xmin": 1e-07, "xmin_std": 0.0, "V": 0.3779501642087117, "V_std": 0.009743048011873446, "Asquare": 14707223.765241766, "Asquare_std": 7074312.540612548, "Kappa": 0.8201544032497774, "Kappa_std": 0.008021655311000877, "Lambda": 4788.734078257728, "Lambda_std": 215.5285000067087}, "truncated_power_law": {"D": 0.0526736672871268, "D_std": 0.003277127811528307, "xmin": 1e-07, "xmin_std": 0.0, "V": 0.1005980985960924, "V_std": 0.00676493400143393, "Asquare": 8375.570563940686, "Asquare_std": 8820.15726694056, "Kappa": 0.9790783511076813, "Kappa_std": 0.0014666051639034598, "alpha": 0.7660814057366498, "alpha_std": 0.011194730983895037, "Lambda": 1296.822425720407, "Lambda_std": 99.53887512631191}, "power_law": {"D": 0.2922228771569514, "D_std": 0.003916189169538825, "xmin": 1e-07, "xmin_std": 0.0, "V": 0.46212042519014923, "V_std": 0.005917274204945108, "Asquare": 157.37700452424937, "Asquare_std": 5.43923224110809, "Kappa": 1.0522822190812904, "Kappa_std": 0.0016817574008722302, "alpha": 1.1726191458195423, "alpha_std": 0.0007023023888679019}, "stretched_exponential": {"D": 0.024610405621225545, "D_std": 0.004023828487602019, "xmin": 1e-07, "xmin_std": 0.0, "V": 0.046329460541580436, "V_std": 0.0070359466676276385, "Asquare": 0.9563657823249094, "Asquare_std": 0.321349978286131, "Kappa": 0.9973463571264464, "Kappa_std": 0.0008889408369026525, "Lambda": 12658.94045897434, "Lambda_std": 335.47159313745544, "beta": 0.45228512410710453, "beta_std": 0.00809689316706569}}