{"lognormal": {"D": 0.04813429465301835, "D_std": 0.004556387070900608, "xmin": 1e-07, "xmin_std": 0.0, "V": 0.07445889510688011, "V_std": 0.005438141988996595, "Asquare": 6.368221561518488, "Asquare_std": 0.9757237024325894, "Kappa": 1.01541891324366, "Kappa_std": 0.0010182986755470334, "mu": -10.525863056138437, "mu_std": 0.04070554044760271, "sigma": 2.238017527899286, "sigma_std": 0.0179847194089525}, "exponential": {"D": 0.32043021597058546, "D_std": 0.008978101222112341, "xmin": 1e-07, "xmin_std": 0.0, "V": 0.3694083723660352, "V_std": 0.008241303647830699, "Asquare": 2159950.6360552027, "Asquare_std": 1680322.9850003547, "Kappa": 0.8466815555855625, "Kappa_std": 0.006608334103316999, "Lambda": 6332.830844249814, "Lambda_std": 250.37456841886163}, "truncated_power_law": {"D": 0.04443998598274504, "D_std": 0.005142717659472295, "xmin": 1e-07, "xmin_std": 0.0, "V": 0.08371517841254753, "V_std": 0.007436681915544488, "Asquare": 4.818715056944461, "Asquare_std": 1.0331427356496157, "Kappa": 0.9843873873369086, "Kappa_std": 0.0016712464158098544, "alpha": 0.745972197486729, "alpha_std": 0.009982221512213155, "Lambda": 1836.497298701956, "Lambda_std": 104.63037285540797}, "power_law": {"D": 0.28930818025655025, "D_std": 0.0035579336894808983, "xmin": 1e-07, "xmin_std": 0.0, "V": 0.45966349236763715, "V_std": 0.005432064504219417, "Asquare": 141.91866046717868, "Asquare_std": 4.3446594293694725, "Kappa": 1.043928802073333, "Kappa_std": 0.001789637025019128, "alpha": 1.1775672453276875, "alpha_std": 0.0012035731541470494}, "stretched_exponential": {"D": 0.023060641145552525, "D_std": 0.0028112354014204087, "xmin": 1e-07, "xmin_std": 0.0, "V": 0.04305996422461787, "V_std": 0.005373147192268097, "Asquare": 1.2212215180701567, "Asquare_std": 0.33698204255655356, "Kappa": 0.9996762310829936, "Kappa_std": 0.0009317140895861628, "Lambda": 15013.662839002554, "Lambda_std": 676.8597738546745, "beta": 0.4655254480738429, "beta_std": 0.007036321688085626}}