{"alpha": 0.7848225304762902, "alpha_std": 0.01606931536682984, "Lambda": 3335.023270391552, "Lambda_std": 122.85509552400183, "D": 0.049063675360456395, "D_std": 0.004169422510979633, "xmin": 5.000000000000001e-07, "xmin_std": 1.0587911840678754e-22, "V": 0.08030802605622563, "V_std": 0.006944469325388945, "Asquare": 6.071274774768226, "Asquare_std": 0.9400623458667234, "Kappa": 1.0051966713034732, "Kappa_std": 0.0005650158804414448}