{"lognormal": {"D": 0.0366955623432054, "D_std": 0.0031742106374485794, "xmin": 1e-07, "xmin_std": 0.0, "V": 0.0554094649498381, "V_std": 0.004721225456008874, "Asquare": 3.7900417103534876, "Asquare_std": 0.7715434570852368, "Kappa": 1.010834273912085, "Kappa_std": 0.0013032998509664808, "mu": -10.421520322044561, "mu_std": 0.04982539536711938, "sigma": 2.2222933086876298, "sigma_std": 0.025369802010182595}, "exponential": {"D": 0.35101981718215636, "D_std": 0.011182371311418025, "xmin": 1e-07, "xmin_std": 0.0, "V": 0.3931161502793054, "V_std": 0.011162240406921925, "Asquare": 1875010.3896007717, "Asquare_std": 1556036.2279878813, "Kappa": 0.8169196590599931, "Kappa_std": 0.008276390490142642, "Lambda": 5135.866396664913, "Lambda_std": 224.6010497248994}, "truncated_power_law": {"D": 0.05913866663171169, "D_std": 0.003913739774897974, "xmin": 1e-07, "xmin_std": 0.0, "V": 0.11035887044627146, "V_std": 0.0076577244115322895, "Asquare": 181408.88254349618, "Asquare_std": 208998.26974463448, "Kappa": 0.9761624402242932, "Kappa_std": 0.002197970711860655, "alpha": 0.7677699022927553, "alpha_std": 0.012163518527512974, "Lambda": 1386.598904653894, "Lambda_std": 95.05739110374739}, "power_law": {"D": 0.2954966046860552, "D_std": 0.005390332793604477, "xmin": 1e-07, "xmin_std": 0.0, "V": 0.46096690901123055, "V_std": 0.006337955010383037, "Asquare": 159.69800814177918, "Asquare_std": 5.430556931788368, "Kappa": 1.0471347082679234, "Kappa_std": 0.00232636605803911, "alpha": 1.1745263328631608, "alpha_std": 0.0014015291544692897}, "stretched_exponential": {"D": 0.03135721235252538, "D_std": 0.0044459252980815, "xmin": 1e-07, "xmin_std": 0.0, "V": 0.05664506564064968, "V_std": 0.006790674660113239, "Asquare": 1.850086588558834, "Asquare_std": 0.5760321250440075, "Kappa": 0.9949774271911508, "Kappa_std": 0.0012528138738697489, "Lambda": 13701.299674136424, "Lambda_std": 736.7467465139953, "beta": 0.4518087699401921, "beta_std": 0.007111136143133295}}