{"lognormal": {"D": 0.050151714173154796, "D_std": 0.005376239234050818, "xmin": 0.0005000000000000001, "xmin_std": 1.0842021724855044e-19, "V": 0.09238062110772126, "V_std": 0.01060723608390857, "Asquare": 3.297047039188972, "Asquare_std": 0.5582582424597133, "Kappa": 1.0130608192618618, "Kappa_std": 0.0009635719875435867, "mu": -7.221398466533725, "mu_std": 0.2027722570344374, "sigma": 2.206950077259217, "sigma_std": 0.07771050681567462}, "exponential": {"D": 0.2958536256565883, "D_std": 0.011031175381946413, "xmin": 0.0005000000000000001, "xmin_std": 1.0842021724855044e-19, "V": 0.3449843431361054, "V_std": 0.012606755831416874, "Asquare": 377.540559611749, "Asquare_std": 37.13360645267891, "Kappa": 0.8490595617747502, "Kappa_std": 0.00545904963369043, "Lambda": 107.42394125023426, "Lambda_std": 3.944886941225443}, "truncated_power_law": {"D": 0.03164059978776848, "D_std": 0.00661081184238064, "xmin": 0.0005000000000000001, "xmin_std": 1.0842021724855044e-19, "V": 0.05798506019399678, "V_std": 0.011903248797214048, "Asquare": 0.7527929823349906, "Asquare_std": 0.28376106824000275, "Kappa": 1.0026698596150951, "Kappa_std": 0.00044516458387243094, "alpha": 1.2115787064478523, "alpha_std": 0.023778341106397958, "Lambda": 15.172689257320664, "Lambda_std": 1.3097125516294439}, "power_law": {"D": 0.12226366091089984, "D_std": 0.007615146152969101, "xmin": 0.0005000000000000001, "xmin_std": 1.0842021724855044e-19, "V": 0.1334994708707372, "V_std": 0.00873214353671023, "Asquare": 20.703774989927293, "Asquare_std": 2.2156760985738337, "Kappa": 1.0656214502703432, "Kappa_std": 0.003248382062150018, "alpha": 1.5240799381617582, "alpha_std": 0.007854301867362995}, "stretched_exponential": {"D": 0.04493114327001333, "D_std": 0.006596522900561436, "xmin": 0.0005000000000000001, "xmin_std": 1.0842021724855044e-19, "V": 0.0805992789427831, "V_std": 0.010218772243583352, "Asquare": 2.1987741244232306, "Asquare_std": 0.45961358730239293, "Kappa": 1.005051043872043, "Kappa_std": 0.0005864235118849105, "Lambda": 2624.289837509862, "Lambda_std": 1103.952169843965, "beta": 0.30005506881681465, "beta_std": 0.016397130742521183}}