{"alpha": 0.547019022257766, "alpha_std": 0.012384517271300945, "Lambda": 99.96913627942124, "Lambda_std": 3.3716810703487634, "D": 0.07385567897887135, "D_std": 0.003288767464035504, "xmin": 1.0000000000000002e-06, "xmin_std": 2.117582368135751e-22, "V": 0.120478555062373, "V_std": 0.00517413110542465, "Asquare": 14.210890132895523, "Asquare_std": 1.2610034820297675, "Kappa": 0.9908009857845161, "Kappa_std": 0.0011269259358915055}