{"alpha": 0.7533600105359628, "alpha_std": 0.009730083880611121, "Lambda": 3640.406288353096, "Lambda_std": 103.2654245924841, "D": 0.038398729468376205, "D_std": 0.0029838986794893966, "xmin": 5.000000000000001e-07, "xmin_std": 1.0587911840678754e-22, "V": 0.07082347967913172, "V_std": 0.0036973407380640434, "Asquare": 5.478143431500473, "Asquare_std": 0.5374751817966547, "Kappa": 1.0045039067598656, "Kappa_std": 0.00046421018886253065}