{"lognormal": {"D": 0.07626687280786709, "D_std": 0.003462135386421306, "xmin": 1e-07, "xmin_std": 0.0, "V": 0.12723876695166658, "V_std": 0.0054714237062213796, "Asquare": 15396323.047846567, "Asquare_std": 6380860.609460594, "Kappa": 1.0192268436699012, "Kappa_std": 0.0006717704877811905, "mu": -11.23375421356318, "mu_std": 0.04185829074034519, "sigma": 2.3605948215599937, "sigma_std": 0.027714802371321005}, "exponential": {"D": 0.3002624998935663, "D_std": 0.004925270956017477, "xmin": 1e-07, "xmin_std": 0.0, "V": 0.3585106797535714, "V_std": 0.0059748621056967596, "Asquare": 18687205.141217157, "Asquare_std": 7775583.55926365, "Kappa": 0.8721035661705594, "Kappa_std": 0.003489250285531572, "Lambda": 13262.773932688531, "Lambda_std": 295.26324334982337}, "truncated_power_law": {"D": 0.03100262588021898, "D_std": 0.002775229266945321, "xmin": 1e-07, "xmin_std": 0.0, "V": 0.0563271724808541, "V_std": 0.0059203443666889215, "Asquare": 12310482.733975992, "Asquare_std": 5117316.997420079, "Kappa": 1.0033366659774718, "Kappa_std": 0.0008148995262896047, "alpha": 0.7569916008582569, "alpha_std": 0.008810078792515181, "Lambda": 3845.0725482849884, "Lambda_std": 114.68289421199594}, "power_law": {"D": 0.24465698046177428, "D_std": 0.004089442411479598, "xmin": 1e-07, "xmin_std": 0.0, "V": 0.4147958423071468, "V_std": 0.005665411769635111, "Asquare": 5777004.932459479, "Asquare_std": 2401519.2625258774, "Kappa": 1.0805176370257574, "Kappa_std": 0.0017014379750048183, "alpha": 1.2001066565213585, "alpha_std": 0.001328554732592648}, "stretched_exponential": {"D": 0.05030163546256099, "D_std": 0.0037691886735563363, "xmin": 1e-07, "xmin_std": 0.0, "V": 0.0880576816804971, "V_std": 0.0068234000925133775, "Asquare": 13893624.666501379, "Asquare_std": 5777478.658668801, "Kappa": 1.005165666307402, "Kappa_std": 0.0005073668203995177, "Lambda": 30029.701387818262, "Lambda_std": 1287.4152571129878, "beta": 0.4586819283646311, "beta_std": 0.006784048792609817}}