{"alpha": 0.626578734061018, "alpha_std": 0.009155977976679466, "Lambda": 82.93586500636371, "Lambda_std": 2.2616274914617573, "D": 0.08583697795872366, "D_std": 0.004261640311040329, "xmin": 1.0000000000000002e-06, "xmin_std": 2.117582368135751e-22, "V": 0.14187312675734431, "V_std": 0.005872863505886607, "Asquare": 16987213.98350936, "Asquare_std": 11908889.719896166, "Kappa": 0.9782835126300528, "Kappa_std": 0.000855011065133341}