{"alpha": 0.566178984289263, "alpha_std": 0.011392814151907918, "Lambda": 93.24122691980028, "Lambda_std": 3.429607869790429, "D": 0.06796670657944438, "D_std": 0.004046447412471961, "xmin": 1.0000000000000002e-06, "xmin_std": 2.117582368135751e-22, "V": 0.10808347393984544, "V_std": 0.004280438313967715, "Asquare": 12.937075759915306, "Asquare_std": 1.0837777324495144, "Kappa": 0.9850517598202831, "Kappa_std": 0.0011417167028763813}