{"alpha": 0.9216306219697145, "alpha_std": 0.027073723818257935, "Lambda": 1141.1577106190687, "Lambda_std": 98.98374615282484, "D": 0.019289676846217255, "D_std": 0.0037592136021822272, "xmin": 1.0000000000000003e-05, "xmin_std": 1.6940658945086007e-21, "V": 0.035551074075535836, "V_std": 0.006590636561764944, "Asquare": 0.7584935122091712, "Asquare_std": 0.3452732107149164, "Kappa": 1.0003860396923716, "Kappa_std": 0.00042147329911037255}