{"alpha": 0.7946219172653375, "alpha_std": 0.01058423199483449, "Lambda": 897.008321202057, "Lambda_std": 64.97538669605888, "D": 0.06025026426645917, "D_std": 0.004507055639287632, "xmin": 1.0000000000000002e-06, "xmin_std": 2.117582368135751e-22, "V": 0.09369762203099724, "V_std": 0.008625296990000114, "Asquare": 55.21903259277364, "Asquare_std": 46.622822594622164, "Kappa": 0.9905920373703138, "Kappa_std": 0.000905719368897229}