{"alpha": 0.5524927696601465, "alpha_std": 0.035194120387559605, "Lambda": 2761.8847617472816, "Lambda_std": 158.1779936280465, "D": 0.03708418107549347, "D_std": 0.006452223261856316, "xmin": 1.0000000000000003e-05, "xmin_std": 1.6940658945086007e-21, "V": 0.06052869831049148, "V_std": 0.009115230098369106, "Asquare": 1.9624641287515094, "Asquare_std": 0.6071102922389675, "Kappa": 1.004362394500356, "Kappa_std": 0.0008640985097484087}