{"alpha": 0.19515072541981093, "alpha_std": 0.02022724172702473, "Lambda": 14685.749827299243, "Lambda_std": 405.83745569274026, "D": 0.013944692059254101, "D_std": 0.0023648467118452727, "xmin": 1.0000000000000002e-06, "xmin_std": 2.117582368135751e-22, "V": 0.022955229622639076, "V_std": 0.0036215539731975924, "Asquare": 0.5636256224081528, "Asquare_std": 0.2738168704323557, "Kappa": 1.0022580442775382, "Kappa_std": 0.0008761026092566521}