{"alpha": 0.7571963516155484, "alpha_std": 0.009734370152458573, "Lambda": 2939.323178592846, "Lambda_std": 93.64555075542327, "D": 0.04623615568327662, "D_std": 0.004501033706563858, "xmin": 5.000000000000001e-07, "xmin_std": 1.0587911840678754e-22, "V": 0.07627526559805717, "V_std": 0.007149829443491724, "Asquare": 4.841890977364832, "Asquare_std": 0.7697090894154367, "Kappa": 1.0057691342571828, "Kappa_std": 0.000743539447670901}