{"alpha": 0.8416266917279414, "alpha_std": 0.01734524425584368, "Lambda": 717.1371419469677, "Lambda_std": 79.89433640158393, "D": 0.05553806744174859, "D_std": 0.0041624828749938945, "xmin": 1.0000000000000002e-06, "xmin_std": 2.117582368135751e-22, "V": 0.09107398056185924, "V_std": 0.006837518472971945, "Asquare": 11.39098613559353, "Asquare_std": 6.545858070303779, "Kappa": 0.9906872466274581, "Kappa_std": 0.0010604912783128803}