{"lognormal": {"D": 0.038688248864143814, "D_std": 0.004668490541778498, "xmin": 0.0005000000000000001, "xmin_std": 1.0842021724855044e-19, "V": 0.06605606772765622, "V_std": 0.008871979841898083, "Asquare": 2.7951325033414465, "Asquare_std": 0.5235606713659152, "Kappa": 1.0123165684772577, "Kappa_std": 0.0015719100387265423, "mu": -6.787905238642398, "mu_std": 0.1981345342410453, "sigma": 2.1859571650590577, "sigma_std": 0.08617460110687712}, "exponential": {"D": 0.32320134219024543, "D_std": 0.012453330275267653, "xmin": 0.0005000000000000001, "xmin_std": 1.0842021724855044e-19, "V": 0.37699003807548437, "V_std": 0.015353199547858302, "Asquare": 575.818943542513, "Asquare_std": 152.8336299168692, "Kappa": 0.8298664171093144, "Kappa_std": 0.007333364073706749, "Lambda": 79.676580299339, "Lambda_std": 3.333703066003548}, "truncated_power_law": {"D": 0.02106142049269937, "D_std": 0.0034911456236748338, "xmin": 0.0005000000000000001, "xmin_std": 1.0842021724855044e-19, "V": 0.03769964084915991, "V_std": 0.005857594745628406, "Asquare": 0.61020278133203, "Asquare_std": 0.16699293801823095, "Kappa": 1.0023236113138045, "Kappa_std": 0.0006485614371601974, "alpha": 1.1772410719370545, "alpha_std": 0.026348147133888476, "Lambda": 11.115364479092985, "Lambda_std": 1.115835490837351}, "power_law": {"D": 0.13642795586286785, "D_std": 0.00864886528350888, "xmin": 0.0005000000000000001, "xmin_std": 1.0842021724855044e-19, "V": 0.13997285639619853, "V_std": 0.009184931286778556, "Asquare": 28.872115693813317, "Asquare_std": 3.1900503922878074, "Kappa": 1.0769608330359834, "Kappa_std": 0.0038772333039062763, "alpha": 1.4814426944794614, "alpha_std": 0.008163054421925334}, "stretched_exponential": {"D": 0.032158512929458385, "D_std": 0.004882401927135827, "xmin": 0.0005000000000000001, "xmin_std": 1.0842021724855044e-19, "V": 0.05765140468151738, "V_std": 0.009158635350289091, "Asquare": 1.6749793761721357, "Asquare_std": 0.3973138411438532, "Kappa": 1.005006324160915, "Kappa_std": 0.0009209172526519125, "Lambda": 1596.4667444456159, "Lambda_std": 567.4094608991232, "beta": 0.3050066330577069, "beta_std": 0.018146933617369108}}