{"alpha": 0.8636896494049949, "alpha_std": 0.010527721973424576, "Lambda": 634.291008926778, "Lambda_std": 69.44577008160527, "D": 0.054873165482365815, "D_std": 0.004924420847799783, "xmin": 1.0000000000000002e-06, "xmin_std": 2.117582368135751e-22, "V": 0.09424963669971376, "V_std": 0.008085838456361443, "Asquare": 29.846253900253526, "Asquare_std": 18.581771434321688, "Kappa": 0.9901236079305449, "Kappa_std": 0.0012793446587113023}