{"alpha": 0.862640650395077, "alpha_std": 0.007165896974627612, "Lambda": 798.2390139140527, "Lambda_std": 48.387770203205314, "D": 0.047077949386055966, "D_std": 0.0035499222608845163, "xmin": 5.000000000000001e-07, "xmin_std": 1.0587911840678754e-22, "V": 0.08706688007788957, "V_std": 0.00619812015219401, "Asquare": 195.0804778619732, "Asquare_std": 238.61066018818235, "Kappa": 0.9865694644497169, "Kappa_std": 0.0011343012683144049}