{"alpha": 0.6904548096313563, "alpha_std": 0.009253310926609396, "Lambda": 86.3346166853687, "Lambda_std": 3.7824371676346558, "D": 0.09954991786794617, "D_std": 0.00403269199092641, "xmin": 1.0000000000000002e-06, "xmin_std": 2.117582368135751e-22, "V": 0.1694696782026432, "V_std": 0.006697726713373945, "Asquare": 83.24973845788318, "Asquare_std": 39.874131682147386, "Kappa": 0.968456983048746, "Kappa_std": 0.0013863636793139842}