{"lognormal": {"D": 0.04532438438306947, "D_std": 0.0034301434501098865, "xmin": 0.0005000000000000001, "xmin_std": 1.0842021724855044e-19, "V": 0.08844322739119628, "V_std": 0.006416459048666898, "Asquare": 4.799374873515139, "Asquare_std": 0.38417357324911316, "Kappa": 1.0167335346860011, "Kappa_std": 0.0006675157812915326, "mu": -7.7256466245868225, "mu_std": 0.3068594239471353, "sigma": 2.5402115867777333, "sigma_std": 0.09041073888226622}, "exponential": {"D": 0.34371489992443316, "D_std": 0.010363586785610612, "xmin": 0.0005000000000000001, "xmin_std": 1.0842021724855044e-19, "V": 0.4010128169059725, "V_std": 0.012013216897301199, "Asquare": 761.4463799321263, "Asquare_std": 134.57743793033927, "Kappa": 0.8141294724180395, "Kappa_std": 0.006312452196115628, "Lambda": 80.09616251528365, "Lambda_std": 3.180623618640021}, "truncated_power_law": {"D": 0.035575922778642945, "D_std": 0.0045184902065965446, "xmin": 0.0005000000000000001, "xmin_std": 1.0842021724855044e-19, "V": 0.05869796503969753, "V_std": 0.006286875183350018, "Asquare": 1.3367341234401577, "Asquare_std": 0.22045465292386054, "Kappa": 1.0048998074837838, "Kappa_std": 0.00036373824427487556, "alpha": 1.2595993627144637, "alpha_std": 0.026695886544526294, "Lambda": 8.326356868221387, "Lambda_std": 0.6162089856044706}, "power_law": {"D": 0.11649724614191226, "D_std": 0.008761336308037165, "xmin": 0.0005000000000000001, "xmin_std": 1.0842021724855044e-19, "V": 0.11924713986884201, "V_std": 0.008232052586696658, "Asquare": 23.02596811995967, "Asquare_std": 3.4768184625742773, "Kappa": 1.0662392715853866, "Kappa_std": 0.004297331644151748, "alpha": 1.5037320477333556, "alpha_std": 0.010753080092972397}, "stretched_exponential": {"D": 0.046501885269783605, "D_std": 0.0038259346682030016, "xmin": 0.0005000000000000001, "xmin_std": 1.0842021724855044e-19, "V": 0.08100270045270871, "V_std": 0.004955441493022281, "Asquare": 3.4551608029487313, "Asquare_std": 0.31717781913023085, "Kappa": 1.0089391091472932, "Kappa_std": 0.0005591615170311564, "Lambda": 7669.713057472358, "Lambda_std": 3723.6625655778535, "beta": 0.24511666614096836, "beta_std": 0.01666895784571527}}