{"lognormal": {"D": 0.04800346040431287, "D_std": 0.004215566479135574, "xmin": 1e-07, "xmin_std": 0.0, "V": 0.07258983087905647, "V_std": 0.0060608322908846666, "Asquare": 6.355213842412632, "Asquare_std": 1.0316049984153437, "Kappa": 1.0145527609208513, "Kappa_std": 0.0011149769414900855, "mu": -10.404259707274946, "mu_std": 0.030784814947795492, "sigma": 2.286173970392972, "sigma_std": 0.0237480797103368}, "exponential": {"D": 0.3379775801784032, "D_std": 0.007782371379634331, "xmin": 1e-07, "xmin_std": 0.0, "V": 0.37732234165172296, "V_std": 0.007628843502413149, "Asquare": 3337246.8417069176, "Asquare_std": 3252922.350976755, "Kappa": 0.8239985798013316, "Kappa_std": 0.007005571971621087, "Lambda": 4998.516991672308, "Lambda_std": 232.20787240824353}, "truncated_power_law": {"D": 0.04566918301313624, "D_std": 0.003998926490795209, "xmin": 1e-07, "xmin_std": 0.0, "V": 0.0863481844403442, "V_std": 0.007409483332693996, "Asquare": 7.435746087204196, "Asquare_std": 1.6506941198466487, "Kappa": 0.9815597607028484, "Kappa_std": 0.0018151680577476758, "alpha": 0.7672598473761599, "alpha_std": 0.009278352742471022, "Lambda": 1350.380495220671, "Lambda_std": 94.50116076414959}, "power_law": {"D": 0.2854455547557319, "D_std": 0.004081853963813618, "xmin": 1e-07, "xmin_std": 0.0, "V": 0.4520301263485037, "V_std": 0.004247598038278005, "Asquare": 158.52518074709658, "Asquare_std": 4.884728905312152, "Kappa": 1.0528975112263015, "Kappa_std": 0.0024882415995496373, "alpha": 1.1737880576138475, "alpha_std": 0.0009221702354665844}, "stretched_exponential": {"D": 0.02314149313546161, "D_std": 0.001960805261922892, "xmin": 1e-07, "xmin_std": 0.0, "V": 0.04321903095290138, "V_std": 0.003658242617414753, "Asquare": 0.8793181273699974, "Asquare_std": 0.19027909695551232, "Kappa": 0.9986011821914472, "Kappa_std": 0.0009605925382837555, "Lambda": 13126.507263660786, "Lambda_std": 500.4535824702163, "beta": 0.4494777609716304, "beta_std": 0.006670160537754147}}