{"alpha": 0.8492759630026987, "alpha_std": 0.009108382617401175, "Lambda": 930.505415842876, "Lambda_std": 52.96541679087987, "D": 0.03713308527334677, "D_std": 0.00349591347732134, "xmin": 5.000000000000001e-07, "xmin_std": 1.0587911840678754e-22, "V": 0.07169644754666311, "V_std": 0.007266953272166273, "Asquare": 5.7128578930599065, "Asquare_std": 1.6058409223262369, "Kappa": 0.9897527501404317, "Kappa_std": 0.0008818613126756957}