{"lognormal": {"D": 0.08693000476479924, "D_std": 0.0036518071473378264, "xmin": 1e-07, "xmin_std": 0.0, "V": 0.13941887666105485, "V_std": 0.0035198647985508883, "Asquare": 626182.3481662484, "Asquare_std": 543388.495069426, "Kappa": 1.0184053410159004, "Kappa_std": 0.0007774189068541378, "mu": -10.744332238851154, "mu_std": 0.05901408413631435, "sigma": 2.2210982815278815, "sigma_std": 0.019068419786912875}, "exponential": {"D": 0.2825875453691615, "D_std": 0.006696642396884807, "xmin": 1e-07, "xmin_std": 0.0, "V": 0.33622714126738307, "V_std": 0.008910781254537519, "Asquare": 688932.2864191497, "Asquare_std": 596690.1085911872, "Kappa": 0.8905547548291762, "Kappa_std": 0.0025063496386129825, "Lambda": 9713.835639160427, "Lambda_std": 381.165714787223}, "truncated_power_law": {"D": 0.04423243231389908, "D_std": 0.0023058949838374015, "xmin": 1e-07, "xmin_std": 0.0, "V": 0.08264717767427028, "V_std": 0.005244621716583157, "Asquare": 506502.77342983487, "Asquare_std": 439553.1907094527, "Kappa": 1.001618118153421, "Kappa_std": 0.0005601867504481424, "alpha": 0.6948777263954966, "alpha_std": 0.010584861100021607, "Lambda": 3275.396973138782, "Lambda_std": 108.21972987248962}, "power_law": {"D": 0.2685462747336687, "D_std": 0.004178247685113767, "xmin": 1e-07, "xmin_std": 0.0, "V": 0.45617085423691456, "V_std": 0.0059899335005146265, "Asquare": 224313.75614357478, "Asquare_std": 194348.80219087814, "Kappa": 1.0842889684064374, "Kappa_std": 0.0031514431776459902, "alpha": 1.18445775609141, "alpha_std": 0.0018243225920868541}, "stretched_exponential": {"D": 0.059268968287623035, "D_std": 0.0047149058073582386, "xmin": 1e-07, "xmin_std": 0.0, "V": 0.10963867155312497, "V_std": 0.007156171786575363, "Asquare": 559316.5188556557, "Asquare_std": 485249.19161903294, "Kappa": 1.0043284933506558, "Kappa_std": 0.0004898375756234217, "Lambda": 18444.220308063334, "Lambda_std": 1066.7778549184054, "beta": 0.502371990316832, "beta_std": 0.008307044496897566}}