{"lognormal": {"D": 0.08719070072829313, "D_std": 0.0028745524483149575, "xmin": 1e-07, "xmin_std": 0.0, "V": 0.1424647615505973, "V_std": 0.005157290782079686, "Asquare": 828715.5550321963, "Asquare_std": 1056461.7884812907, "Kappa": 1.0232965648019572, "Kappa_std": 0.0007403871530012466, "mu": -10.241322028988257, "mu_std": 0.026246615782958643, "sigma": 2.107885722730504, "sigma_std": 0.014750256124966806}, "exponential": {"D": 0.24274468201550037, "D_std": 0.006313587118033459, "xmin": 1e-07, "xmin_std": 0.0, "V": 0.28656208942999745, "V_std": 0.004733569356364823, "Asquare": 1275185.4672661652, "Asquare_std": 1033621.9179020603, "Kappa": 0.9068869948691616, "Kappa_std": 0.00753550793104853, "Lambda": 6742.662442014998, "Lambda_std": 292.2122692927789}, "truncated_power_law": {"D": 0.038100592288409375, "D_std": 0.006028816856639138, "xmin": 1e-07, "xmin_std": 0.0, "V": 0.07330515091534325, "V_std": 0.011659677152798777, "Asquare": 816156.5138729141, "Asquare_std": 672858.9003779967, "Kappa": 1.0009032931694204, "Kappa_std": 0.0025130691325239364, "alpha": 0.6346066784468049, "alpha_std": 0.013089699384713976, "Lambda": 2608.481762185063, "Lambda_std": 182.5250707279663}, "power_law": {"D": 0.29827770894568284, "D_std": 0.004921568277706406, "xmin": 1e-07, "xmin_std": 0.0, "V": 0.5015936759017928, "V_std": 0.004998612361237772, "Asquare": 157151.52644865998, "Asquare_std": 200203.692135174, "Kappa": 1.0745336140080073, "Kappa_std": 0.0020118497089585954, "alpha": 1.1696635841923313, "alpha_std": 0.0007209297055922086}, "stretched_exponential": {"D": 0.059369976162823745, "D_std": 0.004134284116196497, "xmin": 1e-07, "xmin_std": 0.0, "V": 0.10496474939039682, "V_std": 0.008302235380709748, "Asquare": 673490.9415647908, "Asquare_std": 858984.5899787802, "Kappa": 1.0075475993223901, "Kappa_std": 0.000649978027051805, "Lambda": 11259.653068111782, "Lambda_std": 271.673474177897, "beta": 0.5504387640005122, "beta_std": 0.007584891594352914}}