{"lognormal": {"D": 0.04393027733521286, "D_std": 0.0038245969811106627, "xmin": 1e-07, "xmin_std": 0.0, "V": 0.06613231297968725, "V_std": 0.006119476803098705, "Asquare": 5.119059148542159, "Asquare_std": 0.7722202140117123, "Kappa": 1.0128687612959033, "Kappa_std": 0.0008071699046459703, "mu": -10.314396019011825, "mu_std": 0.03219502328813194, "sigma": 2.279734058312752, "sigma_std": 0.016808650147230247}, "exponential": {"D": 0.3519517768312699, "D_std": 0.00581722547303623, "xmin": 1e-07, "xmin_std": 0.0, "V": 0.38919132310821364, "V_std": 0.006482051686465839, "Asquare": 12682449.85751665, "Asquare_std": 7906824.991082805, "Kappa": 0.8095397137461605, "Kappa_std": 0.00644557139554259, "Lambda": 4308.835297490097, "Lambda_std": 173.44018524920202}, "truncated_power_law": {"D": 0.05174398601763499, "D_std": 0.003686799440532127, "xmin": 1e-07, "xmin_std": 0.0, "V": 0.1002825708149819, "V_std": 0.00732839298777183, "Asquare": 14.019288145591181, "Asquare_std": 4.630319130344231, "Kappa": 0.9774308341938589, "Kappa_std": 0.0017046825330365226, "alpha": 0.776994893771507, "alpha_std": 0.005950545459073121, "Lambda": 1122.7995901579225, "Lambda_std": 59.369106329061694}, "power_law": {"D": 0.2884977991263771, "D_std": 0.0034720205048498587, "xmin": 1e-07, "xmin_std": 0.0, "V": 0.45442381774271656, "V_std": 0.003931472101813502, "Asquare": 161.217071854786, "Asquare_std": 4.286255794853241, "Kappa": 1.0528066706027592, "Kappa_std": 0.002599930976001336, "alpha": 1.1712498325695486, "alpha_std": 0.0008697807581725315}, "stretched_exponential": {"D": 0.02473974391263094, "D_std": 0.002682124091693078, "xmin": 1e-07, "xmin_std": 0.0, "V": 0.04593681252885164, "V_std": 0.004494363505487634, "Asquare": 0.9352471633804541, "Asquare_std": 0.21789491755634413, "Kappa": 0.9968776493301054, "Kappa_std": 0.0008150038620185075, "Lambda": 12032.771325750324, "Lambda_std": 378.6740164106187, "beta": 0.44346705677067993, "beta_std": 0.004212431153026725}}