{"alpha": 0.8526003898635895, "alpha_std": 0.012648974542637918, "Lambda": 889.9155947337728, "Lambda_std": 48.08749638497726, "D": 0.04354867499440221, "D_std": 0.0029853241974567442, "xmin": 5.000000000000001e-07, "xmin_std": 1.0587911840678754e-22, "V": 0.07904729591661105, "V_std": 0.005394448855917814, "Asquare": 2246.7047244813994, "Asquare_std": 2357.680480532419, "Kappa": 0.9882504743297144, "Kappa_std": 0.0008039816123321757}