{"lognormal": {"D": 0.037153419660543904, "D_std": 0.004145991980054566, "xmin": 0.0005000000000000001, "xmin_std": 1.0842021724855044e-19, "V": 0.061189370320160176, "V_std": 0.007805998478704065, "Asquare": 2.718803746123121, "Asquare_std": 0.6391904277077062, "Kappa": 1.0118556738610338, "Kappa_std": 0.0014642386879140882, "mu": -7.288896327151886, "mu_std": 0.23462725247474628, "sigma": 2.330342130750071, "sigma_std": 0.0970714588609762}, "exponential": {"D": 0.3417246056137192, "D_std": 0.011986064705302977, "xmin": 0.0005000000000000001, "xmin_std": 1.0842021724855044e-19, "V": 0.39708965390595874, "V_std": 0.013173514410808974, "Asquare": 804.3449476463514, "Asquare_std": 259.43088300207233, "Kappa": 0.8187427672646528, "Kappa_std": 0.005028949453778146, "Lambda": 84.95065068478986, "Lambda_std": 4.428296618223736}, "truncated_power_law": {"D": 0.021281760473553252, "D_std": 0.004408597708046946, "xmin": 0.0005000000000000001, "xmin_std": 1.0842021724855044e-19, "V": 0.035300487115329925, "V_std": 0.007073256358416991, "Asquare": 0.6398324532057611, "Asquare_std": 0.17054127438096583, "Kappa": 1.0026632428622293, "Kappa_std": 0.0004222338383748243, "alpha": 1.243007631641028, "alpha_std": 0.020409166406756246, "Lambda": 9.680733958272214, "Lambda_std": 0.858161231001576}, "power_law": {"D": 0.11351225957766668, "D_std": 0.010055713694091988, "xmin": 0.0005000000000000001, "xmin_std": 1.0842021724855044e-19, "V": 0.11591814664079052, "V_std": 0.010184633108027828, "Asquare": 21.384747734197347, "Asquare_std": 2.4622572069177506, "Kappa": 1.066573379602899, "Kappa_std": 0.003400137234901915, "alpha": 1.505129441355744, "alpha_std": 0.008906772879715205}, "stretched_exponential": {"D": 0.030882506685016596, "D_std": 0.004149234089544712, "xmin": 0.0005000000000000001, "xmin_std": 1.0842021724855044e-19, "V": 0.05413815508723616, "V_std": 0.00684868443103006, "Asquare": 1.8035086259606619, "Asquare_std": 0.5025813751967982, "Kappa": 1.0055782754401927, "Kappa_std": 0.0008426401661801203, "Lambda": 4209.651046354484, "Lambda_std": 2225.3350632366964, "beta": 0.2680625507620374, "beta_std": 0.014928990411936847}}