{"lognormal": {"D": 0.07741727240783595, "D_std": 0.002313907304057688, "xmin": 1e-07, "xmin_std": 0.0, "V": 0.12623194710397928, "V_std": 0.004213654016465657, "Asquare": 851253.0561056761, "Asquare_std": 956135.8944061382, "Kappa": 1.0177612645761815, "Kappa_std": 0.0004892452263433517, "mu": -10.879453399622808, "mu_std": 0.02076853715111007, "sigma": 2.1787748041588286, "sigma_std": 0.01883014704449373}, "exponential": {"D": 0.27360665489431335, "D_std": 0.004480830754897869, "xmin": 1e-07, "xmin_std": 0.0, "V": 0.32637654523168286, "V_std": 0.004977643371851213, "Asquare": 938264.6888030674, "Asquare_std": 1053733.944755261, "Kappa": 0.8872070690944259, "Kappa_std": 0.0028059511922318213, "Lambda": 11492.326439098955, "Lambda_std": 204.96280142293335}, "truncated_power_law": {"D": 0.03396229986736226, "D_std": 0.0033722314096919625, "xmin": 1e-07, "xmin_std": 0.0, "V": 0.06477245626214116, "V_std": 0.006197348420698224, "Asquare": 686858.5953999119, "Asquare_std": 771599.2069450945, "Kappa": 1.000335356163625, "Kappa_std": 0.0007284557517193699, "alpha": 0.6914008506331515, "alpha_std": 0.007080579317486982, "Lambda": 3933.2904021848335, "Lambda_std": 118.93144292721627}, "power_law": {"D": 0.26579722847003806, "D_std": 0.0044877298233377445, "xmin": 1e-07, "xmin_std": 0.0, "V": 0.45086427396368717, "V_std": 0.004998761501173393, "Asquare": 301492.0977480793, "Asquare_std": 338735.5728018904, "Kappa": 1.087350424553184, "Kappa_std": 0.0013899378675304944, "alpha": 1.1891313514080015, "alpha_std": 0.0006510612984329307}, "stretched_exponential": {"D": 0.05014918491647763, "D_std": 0.0028028901164523826, "xmin": 1e-07, "xmin_std": 0.0, "V": 0.09272751195243197, "V_std": 0.004708986639127961, "Asquare": 758737.6055864887, "Asquare_std": 852493.2034498922, "Kappa": 1.003247073494585, "Kappa_std": 0.0003832739430894324, "Lambda": 21554.83473262273, "Lambda_std": 441.5469519015486, "beta": 0.5089070489478141, "beta_std": 0.005684653223542458}}