{"lognormal": {"D": 0.07769630379826575, "D_std": 0.005087755896172273, "xmin": 1e-07, "xmin_std": 0.0, "V": 0.12647849519239382, "V_std": 0.006295256545872997, "Asquare": 21.160964868695043, "Asquare_std": 1.6690147285206067, "Kappa": 1.0165355978550947, "Kappa_std": 0.0006481421310952875, "mu": -10.899521050680017, "mu_std": 0.03614549393524255, "sigma": 2.226050312683806, "sigma_std": 0.026036614109397005}, "exponential": {"D": 0.2871339426230872, "D_std": 0.007114948639702861, "xmin": 1e-07, "xmin_std": 0.0, "V": 0.34701843239839153, "V_std": 0.006169243851551895, "Asquare": 842.4704873684548, "Asquare_std": 70.17866332783564, "Kappa": 0.8826038825843513, "Kappa_std": 0.0037254279157698912, "Lambda": 10919.694056405324, "Lambda_std": 300.27591455723757}, "truncated_power_law": {"D": 0.03761137482536754, "D_std": 0.004253117049153478, "xmin": 1e-07, "xmin_std": 0.0, "V": 0.0717885417882954, "V_std": 0.007723651789290395, "Asquare": 5.3093666459429745, "Asquare_std": 0.7523045445582364, "Kappa": 1.000116561287538, "Kappa_std": 0.0007581542865853767, "alpha": 0.7125480325440089, "alpha_std": 0.009797220790338181, "Lambda": 3536.323055323086, "Lambda_std": 144.71457304675195}, "power_law": {"D": 0.2570350749177723, "D_std": 0.004895632791850958, "xmin": 1e-07, "xmin_std": 0.0, "V": 0.4397137675707941, "V_std": 0.006014467674216076, "Asquare": 217.01704303249548, "Asquare_std": 6.960384308271288, "Kappa": 1.083169720543573, "Kappa_std": 0.0014665381233779948, "alpha": 1.189536944289252, "alpha_std": 0.0011605027297824076}, "stretched_exponential": {"D": 0.05602759758359098, "D_std": 0.00470320033319466, "xmin": 1e-07, "xmin_std": 0.0, "V": 0.10389112058134731, "V_std": 0.007822036803497565, "Asquare": 11.43738843733628, "Asquare_std": 1.397338877721114, "Kappa": 1.0029538972390375, "Kappa_std": 0.0004918143263530842, "Lambda": 21801.21223191078, "Lambda_std": 830.5866951838615, "beta": 0.4902910597609683, "beta_std": 0.008031009858949164}}