{"lognormal": {"D": 0.06435571091397366, "D_std": 0.0038133908321032447, "xmin": 1e-07, "xmin_std": 0.0, "V": 0.10433224259633449, "V_std": 0.004995156184173319, "Asquare": 9.914906650161402, "Asquare_std": 1.1093855046592962, "Kappa": 1.017039648812529, "Kappa_std": 0.001108533762057561, "mu": -9.980182292010392, "mu_std": 0.027130875119936573, "sigma": 2.1649634705774248, "sigma_std": 0.02197646710417877}, "exponential": {"D": 0.30014916438995287, "D_std": 0.009273472159948542, "xmin": 1e-07, "xmin_std": 0.0, "V": 0.3232685496193933, "V_std": 0.01027535667497382, "Asquare": 53298116.33006708, "Asquare_std": 15131109.671468385, "Kappa": 0.8301180430003757, "Kappa_std": 0.010471027871599214, "Lambda": 3733.2149105928584, "Lambda_std": 240.72964251817882}, "truncated_power_law": {"D": 0.05388077370639992, "D_std": 0.007653633037585614, "xmin": 1e-07, "xmin_std": 0.0, "V": 0.09725042611918053, "V_std": 0.010458198233583474, "Asquare": 116.58976125491863, "Asquare_std": 191.59419259367021, "Kappa": 0.9797726084290176, "Kappa_std": 0.0022244257227252377, "alpha": 0.7229451065679833, "alpha_std": 0.01215214882276976, "Lambda": 1138.076773787297, "Lambda_std": 111.1006111265336}, "power_law": {"D": 0.30783774418014037, "D_std": 0.0025920116774420486, "xmin": 1e-07, "xmin_std": 0.0, "V": 0.4950329943303271, "V_std": 0.0038053255674594002, "Asquare": 184.36464714034182, "Asquare_std": 5.522181270483629, "Kappa": 1.0715778853010707, "Kappa_std": 0.00269470527363111, "alpha": 1.1625115981878342, "alpha_std": 0.0007079106803792039}, "stretched_exponential": {"D": 0.02766629356918383, "D_std": 0.0025671254006759668, "xmin": 1e-07, "xmin_std": 0.0, "V": 0.049937217966937994, "V_std": 0.0037539947296095608, "Asquare": 2.1353228148041015, "Asquare_std": 0.3157879275625144, "Kappa": 1.000162709669527, "Kappa_std": 0.0009322988348377603, "Lambda": 8614.85698116758, "Lambda_std": 248.2662875050734, "beta": 0.48819431656564893, "beta_std": 0.008243954157392616}}