{"alpha": 0.5531274871926108, "alpha_std": 0.01021672304422581, "Lambda": 101.2908516101215, "Lambda_std": 3.4136762071191065, "D": 0.07456096078078572, "D_std": 0.004080475667283024, "xmin": 1.0000000000000002e-06, "xmin_std": 2.117582368135751e-22, "V": 0.12447842893250538, "V_std": 0.006468172271372308, "Asquare": 14546003.353993779, "Asquare_std": 13865408.492356459, "Kappa": 0.9880077937798644, "Kappa_std": 0.001104096329383552}