{"lognormal": {"D": 0.04519176014277855, "D_std": 0.0043266085375724805, "xmin": 1e-07, "xmin_std": 0.0, "V": 0.07024307653998649, "V_std": 0.005215500103749175, "Asquare": 5.774541268858839, "Asquare_std": 0.9463883298789286, "Kappa": 1.0142141830182492, "Kappa_std": 0.0012243054278193186, "mu": -10.432335525131151, "mu_std": 0.03358773828992628, "sigma": 2.2705605017123602, "sigma_std": 0.021812615192900568}, "exponential": {"D": 0.33717160778308136, "D_std": 0.007049410077271311, "xmin": 1e-07, "xmin_std": 0.0, "V": 0.3789761166097324, "V_std": 0.007742041446221482, "Asquare": 3147509.2842292446, "Asquare_std": 1947797.628527832, "Kappa": 0.8280221537583614, "Kappa_std": 0.00534822628422827, "Lambda": 5271.537102842816, "Lambda_std": 202.46762190394568}, "truncated_power_law": {"D": 0.0459846699984916, "D_std": 0.0035432797889557847, "xmin": 1e-07, "xmin_std": 0.0, "V": 0.08870157200934362, "V_std": 0.0066884050897954095, "Asquare": 6.9962483286820945, "Asquare_std": 1.8959729631327604, "Kappa": 0.9815437844242888, "Kappa_std": 0.001685615484527024, "alpha": 0.763105481740124, "alpha_std": 0.007306833469714826, "Lambda": 1444.1445504250794, "Lambda_std": 75.26988501642614}, "power_law": {"D": 0.28705717759342314, "D_std": 0.003681994257824738, "xmin": 1e-07, "xmin_std": 0.0, "V": 0.45490775478806433, "V_std": 0.004206184871977592, "Asquare": 155.10407533494862, "Asquare_std": 4.816651740168533, "Kappa": 1.0509489644016214, "Kappa_std": 0.0024875752249643533, "alpha": 1.174663261299218, "alpha_std": 0.0009856813428405487}, "stretched_exponential": {"D": 0.023363195516616676, "D_std": 0.003067850711609162, "xmin": 1e-07, "xmin_std": 0.0, "V": 0.043934600000118895, "V_std": 0.004829233501427394, "Asquare": 1.0012646756398422, "Asquare_std": 0.26731017938445945, "Kappa": 0.9983414878327667, "Kappa_std": 0.0008902499790455212, "Lambda": 13568.970537159967, "Lambda_std": 530.6812524648445, "beta": 0.4527124505383486, "beta_std": 0.005237632677472843}}