{"alpha": 0.7881946238156748, "alpha_std": 0.021914779053769682, "Lambda": 1035.0192496981367, "Lambda_std": 132.54037987787189, "D": 0.05822994258740605, "D_std": 0.006453235635654312, "xmin": 1.0000000000000002e-06, "xmin_std": 2.117582368135751e-22, "V": 0.08563255336972912, "V_std": 0.010005827172548176, "Asquare": 905.6255093716651, "Asquare_std": 1951.1214556953125, "Kappa": 0.9943031934492446, "Kappa_std": 0.000988831699255683}