{"alpha": 0.5319801302628778, "alpha_std": 0.007033974946210113, "Lambda": 105.56603427644875, "Lambda_std": 3.619917260059153, "D": 0.07030528905035076, "D_std": 0.0031727136247637635, "xmin": 1.0000000000000002e-06, "xmin_std": 2.117582368135751e-22, "V": 0.10779582893246087, "V_std": 0.004717902574120189, "Asquare": 14.308853580711652, "Asquare_std": 1.7503615745773615, "Kappa": 0.9856035098308574, "Kappa_std": 0.001350154179431876}