{"lognormal": {"D": 0.03804707394978659, "D_std": 0.00499326777569631, "xmin": 1e-07, "xmin_std": 0.0, "V": 0.0598621580747075, "V_std": 0.0072778164555543645, "Asquare": 3.851629041875248, "Asquare_std": 0.8637370789082663, "Kappa": 1.0114493986101594, "Kappa_std": 0.001201164140907554, "mu": -10.203004914451924, "mu_std": 0.0205799702943759, "sigma": 2.2747255036805534, "sigma_std": 0.025354196930098907}, "exponential": {"D": 0.35889984923103774, "D_std": 0.0075137902155178755, "xmin": 1e-07, "xmin_std": 0.0, "V": 0.39566627651633846, "V_std": 0.008597374576360221, "Asquare": 35106769.99067128, "Asquare_std": 15792929.984174978, "Kappa": 0.7942957101507996, "Kappa_std": 0.005658142400247673, "Lambda": 3667.28604364156, "Lambda_std": 115.77198948668624}, "truncated_power_law": {"D": 0.0615137893640184, "D_std": 0.0033521284251413646, "xmin": 1e-07, "xmin_std": 0.0, "V": 0.11824227672814054, "V_std": 0.005337097454419245, "Asquare": 20.34466859146194, "Asquare_std": 7.173947032282863, "Kappa": 0.9737929370047326, "Kappa_std": 0.0014470463134930158, "alpha": 0.7830977626766576, "alpha_std": 0.007806114230745693, "Lambda": 931.9159621553057, "Lambda_std": 50.3002581454897}, "power_law": {"D": 0.29261870770271126, "D_std": 0.004251404116160703, "xmin": 1e-07, "xmin_std": 0.0, "V": 0.45683920960546553, "V_std": 0.005252404967768725, "Asquare": 171.22862337526584, "Asquare_std": 4.245791546761273, "Kappa": 1.0554235012001092, "Kappa_std": 0.0018754151494955822, "alpha": 1.1681763839302903, "alpha_std": 0.000541318429499357}, "stretched_exponential": {"D": 0.028060711638567916, "D_std": 0.0029633399263924564, "xmin": 1e-07, "xmin_std": 0.0, "V": 0.049844554590803745, "V_std": 0.005119783401998888, "Asquare": 1.1222961155817859, "Asquare_std": 0.30816063488134116, "Kappa": 0.9951327303182476, "Kappa_std": 0.0011147400267085203, "Lambda": 10756.045235097838, "Lambda_std": 248.9847040283368, "beta": 0.4395250083877434, "beta_std": 0.005831381644616069}}