{"alpha": 0.6798075739954699, "alpha_std": 0.007318849724446754, "Lambda": 138.1476524340357, "Lambda_std": 4.994110613771409, "D": 0.09065381366002044, "D_std": 0.00421119666446955, "xmin": 1.0000000000000002e-06, "xmin_std": 2.117582368135751e-22, "V": 0.15594321033596636, "V_std": 0.006063119073011492, "Asquare": 36.542788592176706, "Asquare_std": 2.126932508067126, "Kappa": 0.9716661073337566, "Kappa_std": 0.0010072890988030842}