{"alpha": 0.7477378188360249, "alpha_std": 0.01538220585867026, "Lambda": 2679.9510413852904, "Lambda_std": 96.21254006657466, "D": 0.04443844418727971, "D_std": 0.004964460976719568, "xmin": 5.000000000000001e-07, "xmin_std": 1.0587911840678754e-22, "V": 0.07512084601251276, "V_std": 0.008880544479648526, "Asquare": 4.318457427927713, "Asquare_std": 1.0587479875097991, "Kappa": 1.006588363721885, "Kappa_std": 0.001201379448415474}