{"lognormal": {"D": 0.04325919507348382, "D_std": 0.0036122160962185367, "xmin": 1e-07, "xmin_std": 0.0, "V": 0.06391201403778489, "V_std": 0.006127395625211132, "Asquare": 4.957697216666276, "Asquare_std": 0.9255518072303232, "Kappa": 1.0124668743531866, "Kappa_std": 0.001219213532716227, "mu": -10.063210435482386, "mu_std": 0.030561810213411263, "sigma": 2.319329690943499, "sigma_std": 0.029647357758335165}, "exponential": {"D": 0.3669614499620238, "D_std": 0.008722145943744953, "xmin": 1e-07, "xmin_std": 0.0, "V": 0.4056806085721063, "V_std": 0.009691005946542637, "Asquare": 18091158.8493344, "Asquare_std": 10759461.497953894, "Kappa": 0.7881553062079735, "Kappa_std": 0.005858552143603129, "Lambda": 3001.341745777401, "Lambda_std": 123.431391826073}, "truncated_power_law": {"D": 0.05918409501964002, "D_std": 0.0048475434749385765, "xmin": 1e-07, "xmin_std": 0.0, "V": 0.11504794475438726, "V_std": 0.008774736692901524, "Asquare": 205.17542212373345, "Asquare_std": 145.7135975980718, "Kappa": 0.9744393211768054, "Kappa_std": 0.0016644775169162842, "alpha": 0.7886995585535698, "alpha_std": 0.00831317800715673, "Lambda": 743.4613361158878, "Lambda_std": 46.53655500436179}, "power_law": {"D": 0.29691399028080373, "D_std": 0.003537128553088903, "xmin": 1e-07, "xmin_std": 0.0, "V": 0.46293005067286214, "V_std": 0.004886386566225691, "Asquare": 177.25385013972124, "Asquare_std": 6.019859771516264, "Kappa": 1.059532953895071, "Kappa_std": 0.002244804923186496, "alpha": 1.1643220436216934, "alpha_std": 0.000820774676509808}, "stretched_exponential": {"D": 0.025725267299637655, "D_std": 0.0029097144008500887, "xmin": 1e-07, "xmin_std": 0.0, "V": 0.04512910127445286, "V_std": 0.004671296148408478, "Asquare": 1.1453282790644255, "Asquare_std": 0.2169799422088684, "Kappa": 0.9961775052288677, "Kappa_std": 0.0010073585726553746, "Lambda": 9158.707586640943, "Lambda_std": 355.0370735834337, "beta": 0.4340255302090649, "beta_std": 0.006215880256089287}}