{"alpha": 0.728644676492588, "alpha_std": 0.01783998422683738, "Lambda": 3177.1191286523363, "Lambda_std": 96.13822792771333, "D": 0.049030712396363176, "D_std": 0.004661106925630759, "xmin": 1.0000000000000002e-06, "xmin_std": 2.117582368135751e-22, "V": 0.08636250561653577, "V_std": 0.006213202202813969, "Asquare": 76317.67732769638, "Asquare_std": 128208.73664024193, "Kappa": 1.0062042617959233, "Kappa_std": 0.0005436581000214556}