{"lognormal": {"D": 0.027300818811617257, "D_std": 0.0034764042050331044, "xmin": 0.0005000000000000001, "xmin_std": 1.0842021724855044e-19, "V": 0.04669732557736786, "V_std": 0.005045244159689961, "Asquare": 1.0645830767190527, "Asquare_std": 0.2162922050715496, "Kappa": 1.0072072753232626, "Kappa_std": 0.0009149749715936731, "mu": -6.643310374523558, "mu_std": 0.13059793204064227, "sigma": 1.9839409409546263, "sigma_std": 0.06184487673519696}, "exponential": {"D": 0.30606333380617573, "D_std": 0.012876935117712408, "xmin": 0.0005000000000000001, "xmin_std": 1.0842021724855044e-19, "V": 0.35344199577441826, "V_std": 0.013918825503658225, "Asquare": 2165.277281201562, "Asquare_std": 2558.3645929469276, "Kappa": 0.8384639865658521, "Kappa_std": 0.008157593123746117, "Lambda": 96.5854166745055, "Lambda_std": 4.375504073266027}, "truncated_power_law": {"D": 0.03110634834797007, "D_std": 0.005259257442427029, "xmin": 0.0005000000000000001, "xmin_std": 1.0842021724855044e-19, "V": 0.0515398922885407, "V_std": 0.007778157186240596, "Asquare": 0.7412516180159763, "Asquare_std": 0.24806945222171764, "Kappa": 1.000906744382773, "Kappa_std": 0.0005445490618649116, "alpha": 1.1783024447839474, "alpha_std": 0.023914079201126485, "Lambda": 14.512105959733708, "Lambda_std": 1.6451696565368157}, "power_law": {"D": 0.14014252198537816, "D_std": 0.007891921260634295, "xmin": 0.0005000000000000001, "xmin_std": 1.0842021724855044e-19, "V": 0.14665784679601918, "V_std": 0.008538319149998957, "Asquare": 24.435890961769168, "Asquare_std": 2.178945151266916, "Kappa": 1.0729745514114861, "Kappa_std": 0.003029513692149901, "alpha": 1.5033179724896282, "alpha_std": 0.006550572010415857}, "stretched_exponential": {"D": 0.020738897671415145, "D_std": 0.0032380236691650407, "xmin": 0.0005000000000000001, "xmin_std": 1.0842021724855044e-19, "V": 0.03826958600807957, "V_std": 0.005663939249584943, "Asquare": 0.581970275416276, "Asquare_std": 0.14957263363411136, "Kappa": 1.0023833428348154, "Kappa_std": 0.0005966049306774563, "Lambda": 1358.3984257401537, "Lambda_std": 338.77286357961316, "beta": 0.3295478446718584, "beta_std": 0.016154077236110294}}