{"alpha": 0.824728977151951, "alpha_std": 0.00787036406964911, "Lambda": 751.741966504711, "Lambda_std": 49.73811817257309, "D": 0.05203353137996871, "D_std": 0.0035367353605310374, "xmin": 5.000000000000001e-07, "xmin_std": 1.0587911840678754e-22, "V": 0.09292494316930297, "V_std": 0.0037244786438922735, "Asquare": 12.02241084638761, "Asquare_std": 3.446524740900363, "Kappa": 0.9864481505287379, "Kappa_std": 0.0005269436288320692}