{"alpha": 0.9784371633797369, "alpha_std": 0.023496383536636762, "Lambda": 542.8543005635279, "Lambda_std": 60.22990328362273, "D": 0.051299141063815175, "D_std": 0.005225644255337386, "xmin": 1.0000000000000003e-05, "xmin_std": 1.6940658945086007e-21, "V": 0.08624002521865282, "V_std": 0.008648840222414446, "Asquare": 6.268492084016014, "Asquare_std": 1.2582165056575305, "Kappa": 1.0002526344847686, "Kappa_std": 0.0005516086873389443}