{"alpha": 0.5503480387195526, "alpha_std": 0.01131210793152763, "Lambda": 96.93118508532127, "Lambda_std": 2.508490050793995, "D": 0.05744695115502026, "D_std": 0.004092728835626118, "xmin": 1.0000000000000002e-06, "xmin_std": 2.117582368135751e-22, "V": 0.09887363696358087, "V_std": 0.0036117889386635266, "Asquare": 10.935013762017606, "Asquare_std": 0.8257780539345252, "Kappa": 0.9937729276095336, "Kappa_std": 0.00125274958583972}