{"alpha": 0.8099320085415919, "alpha_std": 0.013363242254951673, "Lambda": 1378.3838926943424, "Lambda_std": 76.03453958029311, "D": 0.02782244038825023, "D_std": 0.0034377751503128612, "xmin": 5.000000000000001e-07, "xmin_std": 1.0587911840678754e-22, "V": 0.051577862993357794, "V_std": 0.006122948510388519, "Asquare": 1.5492550214518266, "Asquare_std": 0.46206951549449027, "Kappa": 0.9939669780833057, "Kappa_std": 0.0010505669484225026}