{"alpha": 0.9274412297596255, "alpha_std": 0.029671517737819016, "Lambda": 691.0871549288371, "Lambda_std": 89.26035017553862, "D": 0.0630623512092334, "D_std": 0.006047919560808479, "xmin": 1.0000000000000003e-05, "xmin_std": 1.6940658945086007e-21, "V": 0.10405742013206984, "V_std": 0.010209042420414606, "Asquare": 12.490024788764604, "Asquare_std": 6.2273500283770655, "Kappa": 0.9998123586925057, "Kappa_std": 0.0007381861186038914}