{"alpha": 0.18951834337731305, "alpha_std": 0.020620601168351783, "Lambda": 14875.659277457593, "Lambda_std": 400.7552622005908, "D": 0.01694939339400498, "D_std": 0.002124917914113142, "xmin": 1.0000000000000002e-06, "xmin_std": 2.117582368135751e-22, "V": 0.028699104058131246, "V_std": 0.004645134080735924, "Asquare": 1.0026614091179733, "Asquare_std": 0.4321700658880537, "Kappa": 1.0032909679836892, "Kappa_std": 0.0009116833363815995}