{"alpha": 0.5373661530328391, "alpha_std": 0.006788582657969754, "Lambda": 106.74255699772247, "Lambda_std": 3.141697270860867, "D": 0.05280245115185243, "D_std": 0.005500929590714695, "xmin": 1.0000000000000002e-06, "xmin_std": 2.117582368135751e-22, "V": 0.09279167741710355, "V_std": 0.008709031868282868, "Asquare": 10.079804570857224, "Asquare_std": 1.6906786868433095, "Kappa": 0.9935484469879855, "Kappa_std": 0.001557897434575121}