{"lognormal": {"D": 0.07701922721142399, "D_std": 0.0036144641286674113, "xmin": 1e-07, "xmin_std": 0.0, "V": 0.12753805015621456, "V_std": 0.004793468644538514, "Asquare": 4442055.503047392, "Asquare_std": 3589913.2528773914, "Kappa": 1.0225208467642966, "Kappa_std": 0.0013518040707452864, "mu": -10.101055793763015, "mu_std": 0.05277552273756776, "sigma": 2.1780755285077484, "sigma_std": 0.02416398142886432}, "exponential": {"D": 0.26166781659359345, "D_std": 0.010167145296649782, "xmin": 1e-07, "xmin_std": 0.0, "V": 0.2847166429963996, "V_std": 0.008375868957025663, "Asquare": 20033119.63841711, "Asquare_std": 9675915.337177182, "Kappa": 0.8632792496738932, "Kappa_std": 0.009562735929563655, "Lambda": 4796.297842889175, "Lambda_std": 267.8563729703305}, "truncated_power_law": {"D": 0.032942644866568796, "D_std": 0.005955617650911243, "xmin": 1e-07, "xmin_std": 0.0, "V": 0.06149345986199608, "V_std": 0.00997210682559509, "Asquare": 3032550.004683106, "Asquare_std": 2416328.644833147, "Kappa": 0.9907238576429014, "Kappa_std": 0.002644842411305266, "alpha": 0.6920680930743066, "alpha_std": 0.016895565841834912, "Lambda": 1599.2247928048632, "Lambda_std": 138.34270960477335}, "power_law": {"D": 0.2966154604190064, "D_std": 0.006059803592287779, "xmin": 1e-07, "xmin_std": 0.0, "V": 0.4892150236889058, "V_std": 0.008833744345834619, "Asquare": 857459.5744430178, "Asquare_std": 691202.2415292276, "Kappa": 1.0750481165113208, "Kappa_std": 0.0032776021766805306, "alpha": 1.165674184241948, "alpha_std": 0.0013892863066370512}, "stretched_exponential": {"D": 0.0364898306527967, "D_std": 0.0044700308834105034, "xmin": 1e-07, "xmin_std": 0.0, "V": 0.06805410293072758, "V_std": 0.007269759058989934, "Asquare": 3513383.0146121434, "Asquare_std": 2875848.7487707143, "Kappa": 1.0053196429748883, "Kappa_std": 0.0009583645781282499, "Lambda": 9652.316017645622, "Lambda_std": 508.39402208044584, "beta": 0.5103589749247689, "beta_std": 0.011416543600815647}}