{"lognormal": {"D": 0.04441320065370156, "D_std": 0.0031636855762417464, "xmin": 1e-07, "xmin_std": 0.0, "V": 0.06979854335232859, "V_std": 0.005346015714707407, "Asquare": 5.740541175315098, "Asquare_std": 0.9116861430543308, "Kappa": 1.013721722939509, "Kappa_std": 0.0009963370146922927, "mu": -10.315349153193086, "mu_std": 0.03320363521326209, "sigma": 2.284315647008991, "sigma_std": 0.016880397917179924}, "exponential": {"D": 0.34593923100146196, "D_std": 0.007832858789828373, "xmin": 1e-07, "xmin_std": 0.0, "V": 0.383467897497063, "V_std": 0.0076524419342740594, "Asquare": 21014376.570550654, "Asquare_std": 11223128.356176196, "Kappa": 0.81211167987218, "Kappa_std": 0.008340053183516613, "Lambda": 4344.192576671228, "Lambda_std": 210.13633628476114}, "truncated_power_law": {"D": 0.05196484995074543, "D_std": 0.005995210260863048, "xmin": 1e-07, "xmin_std": 0.0, "V": 0.09799535943053814, "V_std": 0.009026185164733363, "Asquare": 307.45000365918804, "Asquare_std": 450.37312956124276, "Kappa": 0.9787384766317938, "Kappa_std": 0.0021091243162285984, "alpha": 0.7753663673299881, "alpha_std": 0.006764119298004105, "Lambda": 1138.4464629140043, "Lambda_std": 74.69960092348468}, "power_law": {"D": 0.2911301666884679, "D_std": 0.0017249592497198872, "xmin": 1e-07, "xmin_std": 0.0, "V": 0.45987560954046236, "V_std": 0.003477972973761368, "Asquare": 161.13780971553516, "Asquare_std": 3.5523897083768934, "Kappa": 1.0542817283488541, "Kappa_std": 0.0017816875018831285, "alpha": 1.1712611250241014, "alpha_std": 0.000905410157543339}, "stretched_exponential": {"D": 0.022213777350225117, "D_std": 0.002595131343751491, "xmin": 1e-07, "xmin_std": 0.0, "V": 0.04214131278966792, "V_std": 0.005590744775190278, "Asquare": 0.9605860573689948, "Asquare_std": 0.23685671524797522, "Kappa": 0.9976549004389298, "Kappa_std": 0.0010128619825692288, "Lambda": 12003.318706126422, "Lambda_std": 392.63447435143854, "beta": 0.44493245627804845, "beta_std": 0.0042612332026061095}}