{"lognormal": {"D": 0.044184790978130176, "D_std": 0.005574145725223966, "xmin": 0.0005000000000000001, "xmin_std": 1.0842021724855044e-19, "V": 0.06664733090063982, "V_std": 0.007732210973824468, "Asquare": 3.2631368419035325, "Asquare_std": 0.49862055283510076, "Kappa": 1.012831428724616, "Kappa_std": 0.0011987277559013197, "mu": -6.2745175670395295, "mu_std": 0.1270546216319591, "sigma": 2.0381614272889235, "sigma_std": 0.052159058485520625}, "exponential": {"D": 0.30496360689549107, "D_std": 0.012595192729103762, "xmin": 0.0005000000000000001, "xmin_std": 1.0842021724855044e-19, "V": 0.35947911732437715, "V_std": 0.013936015455387448, "Asquare": 339.11414541656484, "Asquare_std": 56.30375802896916, "Kappa": 0.8475014749665958, "Kappa_std": 0.007456991662497578, "Lambda": 72.11262895910883, "Lambda_std": 3.8488351522369477}, "truncated_power_law": {"D": 0.021569671887832192, "D_std": 0.0026803555528650013, "xmin": 0.0005000000000000001, "xmin_std": 1.0842021724855044e-19, "V": 0.03983909319046159, "V_std": 0.005502065690532452, "Asquare": 0.656592389841128, "Asquare_std": 0.13204478373941575, "Kappa": 1.0017172817387225, "Kappa_std": 0.0005760890716619094, "alpha": 1.0929266174958656, "alpha_std": 0.02852049364483455, "Lambda": 12.63597788399091, "Lambda_std": 1.3137921230662357}, "power_law": {"D": 0.15201625505499844, "D_std": 0.0041466870874563265, "xmin": 0.0005000000000000001, "xmin_std": 1.0842021724855044e-19, "V": 0.15770683809438832, "V_std": 0.006216831053362396, "Asquare": 39.630025393341825, "Asquare_std": 3.963054847639033, "Kappa": 1.089776218115119, "Kappa_std": 0.004417109886502061, "alpha": 1.4517847838270463, "alpha_std": 0.008781934419849653}, "stretched_exponential": {"D": 0.031957936142434605, "D_std": 0.0044426606305337304, "xmin": 0.0005000000000000001, "xmin_std": 1.0842021724855044e-19, "V": 0.05583359362055723, "V_std": 0.007084379052779574, "Asquare": 1.7889846852157514, "Asquare_std": 0.2978125708606831, "Kappa": 1.0043841143671446, "Kappa_std": 0.0007875828763789046, "Lambda": 640.3422216877126, "Lambda_std": 147.29614088770185, "beta": 0.35129430189402033, "beta_std": 0.017183574916708577}}