{"alpha": 0.6534653697262913, "alpha_std": 0.005967617320932777, "Lambda": 150.0448770254482, "Lambda_std": 5.159759865360274, "D": 0.08623738900999516, "D_std": 0.0024599643989079737, "xmin": 1.0000000000000002e-06, "xmin_std": 2.117582368135751e-22, "V": 0.15492415606464874, "V_std": 0.004291819559748552, "Asquare": 36.20354815028454, "Asquare_std": 2.8617840469971596, "Kappa": 0.9704290188960041, "Kappa_std": 0.001052797313070464}