{"lognormal": {"D": 0.04520763688785541, "D_std": 0.0043818179265148905, "xmin": 0.0005000000000000001, "xmin_std": 1.0842021724855044e-19, "V": 0.06586071592067447, "V_std": 0.006318461443422806, "Asquare": 2.0049200555318274, "Asquare_std": 0.42229118205908234, "Kappa": 1.0095685426949426, "Kappa_std": 0.0013516089757702706, "mu": -6.659256669460964, "mu_std": 0.07460549476281393, "sigma": 2.0281263677113968, "sigma_std": 0.05512393911410385}, "exponential": {"D": 0.3099891028414482, "D_std": 0.010610061761097626, "xmin": 0.0005000000000000001, "xmin_std": 1.0842021724855044e-19, "V": 0.3512675138572825, "V_std": 0.012047718561411036, "Asquare": 9829.164733830514, "Asquare_std": 7600.998307159952, "Kappa": 0.8406682273338882, "Kappa_std": 0.005512402172650953, "Lambda": 92.02847494928558, "Lambda_std": 5.632227203624427}, "truncated_power_law": {"D": 0.0274377154136348, "D_std": 0.0064700829313461, "xmin": 0.0005000000000000001, "xmin_std": 1.0842021724855044e-19, "V": 0.04413734144879924, "V_std": 0.00818932019109191, "Asquare": 0.8750458931468348, "Asquare_std": 0.19240604380738335, "Kappa": 1.0018338783895402, "Kappa_std": 0.00046459023706476823, "alpha": 1.1761498262326786, "alpha_std": 0.009982259872758035, "Lambda": 13.637820496550765, "Lambda_std": 1.3094910855457376}, "power_law": {"D": 0.135115118255625, "D_std": 0.007431371889001467, "xmin": 0.0005000000000000001, "xmin_std": 1.0842021724855044e-19, "V": 0.1430888979236377, "V_std": 0.009668228002436163, "Asquare": 26.99554879666905, "Asquare_std": 1.2336489283535625, "Kappa": 1.074186857290807, "Kappa_std": 0.0018414903941561473, "alpha": 1.4970046048311487, "alpha_std": 0.006982183551158377}, "stretched_exponential": {"D": 0.03222983930672992, "D_std": 0.004358887375172689, "xmin": 0.0005000000000000001, "xmin_std": 1.0842021724855044e-19, "V": 0.052391167630100134, "V_std": 0.004767555075350379, "Asquare": 1.135998811350825, "Asquare_std": 0.2565626744189778, "Kappa": 1.0037309227139477, "Kappa_std": 0.0006973612822960213, "Lambda": 1282.3302774445776, "Lambda_std": 141.64828346530626, "beta": 0.3266606071806877, "beta_std": 0.009871243756892552}}