{"alpha": 0.8165670609607452, "alpha_std": 0.013363371604289288, "Lambda": 746.6262638820187, "Lambda_std": 77.90375596414803, "D": 0.05684545936403259, "D_std": 0.004944430388991255, "xmin": 5.000000000000001e-07, "xmin_std": 1.0587911840678754e-22, "V": 0.09326322462232899, "V_std": 0.006446493290226342, "Asquare": 19.426967958313455, "Asquare_std": 7.385761690528729, "Kappa": 0.9887743423297108, "Kappa_std": 0.0006232503948963298}