{"lognormal": {"D": 0.025642543926296068, "D_std": 0.004256917717730905, "xmin": 0.0005000000000000001, "xmin_std": 1.0842021724855044e-19, "V": 0.0457450446160008, "V_std": 0.007291416328673372, "Asquare": 0.8500254800233605, "Asquare_std": 0.21558955456917675, "Kappa": 1.0065044601558, "Kappa_std": 0.0009758496151925634, "mu": -6.4113967616048, "mu_std": 0.10409212527648844, "sigma": 1.775532093925041, "sigma_std": 0.04878930600714104}, "exponential": {"D": 0.255133175672034, "D_std": 0.010075110627213203, "xmin": 0.0005000000000000001, "xmin_std": 1.0842021724855044e-19, "V": 0.30125921631213337, "V_std": 0.010742373942704034, "Asquare": 4945.030010984318, "Asquare_std": 5480.419587589658, "Kappa": 0.866747588013326, "Kappa_std": 0.006716628589399373, "Lambda": 117.58528732368768, "Lambda_std": 5.341262305889842}, "truncated_power_law": {"D": 0.028764594539732923, "D_std": 0.005046578515638044, "xmin": 0.0005000000000000001, "xmin_std": 1.0842021724855044e-19, "V": 0.052033866283449456, "V_std": 0.008254506383290968, "Asquare": 0.7954766490985736, "Asquare_std": 0.319763965714074, "Kappa": 0.9998692733781274, "Kappa_std": 0.0004874088276166218, "alpha": 1.1100844344143606, "alpha_std": 0.027909757581047745, "Lambda": 23.09752111676101, "Lambda_std": 2.25310185240164}, "power_law": {"D": 0.15804264307539345, "D_std": 0.009486190037987712, "xmin": 0.0005000000000000001, "xmin_std": 1.0842021724855044e-19, "V": 0.1787135552932133, "V_std": 0.0104046994055735, "Asquare": 30.340468353322773, "Asquare_std": 2.6834070927942246, "Kappa": 1.0737108950401066, "Kappa_std": 0.00352266647921782, "alpha": 1.5137447509719182, "alpha_std": 0.008082174298536636}, "stretched_exponential": {"D": 0.020715620720146197, "D_std": 0.003341153881839877, "xmin": 0.0005000000000000001, "xmin_std": 1.0842021724855044e-19, "V": 0.0372691367428783, "V_std": 0.004879072891483256, "Asquare": 0.3731156965825527, "Asquare_std": 0.07787947749325645, "Kappa": 1.0014134167926318, "Kappa_std": 0.00043623401296806615, "Lambda": 812.7184157194388, "Lambda_std": 152.32340274925645, "beta": 0.3866410544949706, "beta_std": 0.0164595786974526}}