{"alpha": 0.2015333115243431, "alpha_std": 0.010428145798797828, "Lambda": 14993.223028196498, "Lambda_std": 250.75700470545584, "D": 0.015105622870839535, "D_std": 0.002224305863162456, "xmin": 1.0000000000000002e-06, "xmin_std": 2.117582368135751e-22, "V": 0.02605345092162688, "V_std": 0.004077131801935381, "Asquare": 0.7262683770220665, "Asquare_std": 0.3681717754487806, "Kappa": 1.002623909098533, "Kappa_std": 0.0008302728703107023}