{"lognormal": {"D": 0.04420219853336197, "D_std": 0.003735579698213618, "xmin": 1e-07, "xmin_std": 0.0, "V": 0.06748835503291639, "V_std": 0.004438024080572235, "Asquare": 4.753518479466448, "Asquare_std": 0.530717682295453, "Kappa": 1.0132580914661713, "Kappa_std": 0.0004034678296732181, "mu": -10.3804744773029, "mu_std": 0.02916125285203502, "sigma": 2.1450205211359683, "sigma_std": 0.019807539274758517}, "exponential": {"D": 0.3089834708434454, "D_std": 0.006076342268876094, "xmin": 1e-07, "xmin_std": 0.0, "V": 0.3604332330562049, "V_std": 0.007709724008766726, "Asquare": 243438.57561332904, "Asquare_std": 314244.46358807717, "Kappa": 0.8468850806527449, "Kappa_std": 0.004746549559448547, "Lambda": 6006.040124257618, "Lambda_std": 204.36425531329778}, "truncated_power_law": {"D": 0.04919888947883451, "D_std": 0.003168038486464243, "xmin": 1e-07, "xmin_std": 0.0, "V": 0.09339505493445747, "V_std": 0.0031895226263149805, "Asquare": 6.516957537356623, "Asquare_std": 0.6752975584527111, "Kappa": 0.9813447269281002, "Kappa_std": 0.0009648845147102853, "alpha": 0.7187802168036123, "alpha_std": 0.00894779700265594, "Lambda": 1875.2139790711838, "Lambda_std": 97.46191861993206}, "power_law": {"D": 0.29921207337650074, "D_std": 0.004017762262653018, "xmin": 1e-07, "xmin_std": 0.0, "V": 0.47460698920404243, "V_std": 0.005091360628736333, "Asquare": 159.55395435930367, "Asquare_std": 5.4376239354700235, "Kappa": 1.0528001954670656, "Kappa_std": 0.0022317113110932457, "alpha": 1.1735644671492913, "alpha_std": 0.0008470062504374289}, "stretched_exponential": {"D": 0.026349094651765402, "D_std": 0.002474547591278887, "xmin": 1e-07, "xmin_std": 0.0, "V": 0.04923096788213201, "V_std": 0.0037148939116919567, "Asquare": 1.2767875894919303, "Asquare_std": 0.27322570891853803, "Kappa": 0.9968705107973973, "Kappa_std": 0.0004222742415486018, "Lambda": 13152.10214348542, "Lambda_std": 419.4933276839314, "beta": 0.4859313208507364, "beta_std": 0.00678590387856839}}