{"lognormal": {"D": 0.04918461612055726, "D_std": 0.004762444024502196, "xmin": 0.0005000000000000001, "xmin_std": 1.0842021724855044e-19, "V": 0.09428483503877075, "V_std": 0.008542719173774268, "Asquare": 5.072152131137371, "Asquare_std": 0.9015990650965489, "Kappa": 1.0166623171893652, "Kappa_std": 0.0016447334319509804, "mu": -8.013117410729407, "mu_std": 0.32917045412072016, "sigma": 2.6297514642231996, "sigma_std": 0.1279928888110467}, "exponential": {"D": 0.34884304396041343, "D_std": 0.011192712728479885, "xmin": 0.0005000000000000001, "xmin_std": 1.0842021724855044e-19, "V": 0.40479599734523886, "V_std": 0.012694194914141518, "Asquare": 880.4399907116853, "Asquare_std": 259.43212906186494, "Kappa": 0.8146431120821275, "Kappa_std": 0.010064301200376465, "Lambda": 81.9312513164143, "Lambda_std": 6.6232696379433715}, "truncated_power_law": {"D": 0.03882029168352996, "D_std": 0.007261347854724799, "xmin": 0.0005000000000000001, "xmin_std": 1.0842021724855044e-19, "V": 0.06380118722840245, "V_std": 0.01084070127287286, "Asquare": 1.537602109784164, "Asquare_std": 0.4825466457530038, "Kappa": 1.0046292254620104, "Kappa_std": 0.000828305383948821, "alpha": 1.2758752949574712, "alpha_std": 0.0200599452413112, "Lambda": 8.124539276732085, "Lambda_std": 1.2793442687333099}, "power_law": {"D": 0.11034775096177689, "D_std": 0.006794111095192981, "xmin": 0.0005000000000000001, "xmin_std": 1.0842021724855044e-19, "V": 0.11321601031575981, "V_std": 0.00833558976980198, "Asquare": 19.97456518796159, "Asquare_std": 1.90545204993654, "Kappa": 1.0626187910801308, "Kappa_std": 0.0031037930252894104, "alpha": 1.510646136281411, "alpha_std": 0.00970105326544442}, "stretched_exponential": {"D": 0.04928078413505634, "D_std": 0.00651963792703569, "xmin": 0.0005000000000000001, "xmin_std": 1.0842021724855044e-19, "V": 0.08852246246696854, "V_std": 0.009345797967847012, "Asquare": 3.8481931273846874, "Asquare_std": 0.8081670752156617, "Kappa": 1.0089866946952453, "Kappa_std": 0.0013711448753646106, "Lambda": 12422.319542856398, "Lambda_std": 7424.728983858788, "beta": 0.23286940955364047, "beta_std": 0.017034311502868684}}