{"alpha": 0.7344141623931633, "alpha_std": 0.016197484283548315, "Lambda": 2967.153691305529, "Lambda_std": 106.8162583560643, "D": 0.04533062336522131, "D_std": 0.004322444370173138, "xmin": 5.000000000000001e-07, "xmin_std": 1.0587911840678754e-22, "V": 0.07604434543070579, "V_std": 0.006003524338377416, "Asquare": 4.935889140570622, "Asquare_std": 1.017828708310747, "Kappa": 1.006099517052772, "Kappa_std": 0.0008892065454789877}