{"alpha": 0.763074339744721, "alpha_std": 0.01954216191473522, "Lambda": 1364.212734374818, "Lambda_std": 151.41334840096212, "D": 0.04661486796451839, "D_std": 0.008851146776263778, "xmin": 1.0000000000000002e-06, "xmin_std": 2.117582368135751e-22, "V": 0.07399277834366594, "V_std": 0.01103798203343127, "Asquare": 55191.639103517286, "Asquare_std": 45293.0670263273, "Kappa": 0.9984268977209985, "Kappa_std": 0.0016412609939528862}