{"alpha": 0.7105486277736108, "alpha_std": 0.010284901598018334, "Lambda": 2924.20964516226, "Lambda_std": 115.08734863411092, "D": 0.05482318008629876, "D_std": 0.005194538142388191, "xmin": 1.0000000000000002e-06, "xmin_std": 2.117582368135751e-22, "V": 0.09696611072921432, "V_std": 0.0069064785069863615, "Asquare": 7.3724109114582514, "Asquare_std": 0.7910523986144173, "Kappa": 1.0085143365810865, "Kappa_std": 0.0005039648046146916}