{"alpha": 0.8712016505021525, "alpha_std": 0.03721660040981638, "Lambda": 897.0143065165013, "Lambda_std": 126.1485145473512, "D": 0.06621545819309219, "D_std": 0.006745801912047614, "xmin": 1.0000000000000003e-05, "xmin_std": 1.6940658945086007e-21, "V": 0.10731986796661634, "V_std": 0.011538729545055245, "Asquare": 152.10413490943773, "Asquare_std": 483.5560025473703, "Kappa": 0.9998063697855502, "Kappa_std": 0.0008124946092542982}