{"lognormal": {"D": 0.03340109210951954, "D_std": 0.003637731398687248, "xmin": 0.0005000000000000001, "xmin_std": 1.0842021724855044e-19, "V": 0.049645337027224665, "V_std": 0.005321704792554592, "Asquare": 1.9261393615906441, "Asquare_std": 0.34327116253057977, "Kappa": 1.0091770927567403, "Kappa_std": 0.001077287986883105, "mu": -6.479480290284073, "mu_std": 0.13474787682043304, "sigma": 2.0303800896234376, "sigma_std": 0.06151463184340861}, "exponential": {"D": 0.3129034516163346, "D_std": 0.010225945903269872, "xmin": 0.0005000000000000001, "xmin_std": 1.0842021724855044e-19, "V": 0.36969416219025925, "V_std": 0.014462442778472624, "Asquare": 485.5697329982321, "Asquare_std": 141.5352518698211, "Kappa": 0.8384555704266583, "Kappa_std": 0.006132177666043079, "Lambda": 81.10683912835279, "Lambda_std": 3.90668114434956}, "truncated_power_law": {"D": 0.030054270630767193, "D_std": 0.00783167767378325, "xmin": 0.0005000000000000001, "xmin_std": 1.0842021724855044e-19, "V": 0.05271444747405081, "V_std": 0.011650755204573973, "Asquare": 0.9534342833859416, "Asquare_std": 0.3213542335891773, "Kappa": 1.0009900792528936, "Kappa_std": 0.0006812239527280723, "alpha": 1.1443944014368026, "alpha_std": 0.020884792490238353, "Lambda": 12.647479596310161, "Lambda_std": 1.1007659091618016}, "power_law": {"D": 0.1527596020241828, "D_std": 0.006043165135039156, "xmin": 0.0005000000000000001, "xmin_std": 1.0842021724855044e-19, "V": 0.1577202129481155, "V_std": 0.005845077735767396, "Asquare": 30.51744388920079, "Asquare_std": 2.536626123029793, "Kappa": 1.0800540423178755, "Kappa_std": 0.003370609818252852, "alpha": 1.4755765368371727, "alpha_std": 0.00754805439885264}, "stretched_exponential": {"D": 0.026469992663237775, "D_std": 0.0031376042193838093, "xmin": 0.0005000000000000001, "xmin_std": 1.0842021724855044e-19, "V": 0.045200060682188216, "V_std": 0.005656935935467661, "Asquare": 1.198022864487521, "Asquare_std": 0.3042130183145589, "Kappa": 1.0032143844085726, "Kappa_std": 0.0007304622757595008, "Lambda": 999.479777234862, "Lambda_std": 232.4092677567176, "beta": 0.33233482897222955, "beta_std": 0.014649663041674484}}