{"alpha": 0.6137617404203487, "alpha_std": 0.008282220693188862, "Lambda": 100.56018616964522, "Lambda_std": 2.153238497789004, "D": 0.041453414826048696, "D_std": 0.004403557644150005, "xmin": 1.0000000000000002e-06, "xmin_std": 2.117582368135751e-22, "V": 0.06632166122413119, "V_std": 0.006434356023802142, "Asquare": 6.017608601596927, "Asquare_std": 0.947315329226887, "Kappa": 1.0041490391709225, "Kappa_std": 0.0008006890115301952}