{"lognormal": {"D": 0.049108955799040774, "D_std": 0.006942345161640902, "xmin": 0.0005000000000000001, "xmin_std": 1.0842021724855044e-19, "V": 0.08807551346891748, "V_std": 0.01054685749498015, "Asquare": 3.948772246043479, "Asquare_std": 0.7828162729810946, "Kappa": 1.0147873264884366, "Kappa_std": 0.0012941006301814728, "mu": -6.9265190864515045, "mu_std": 0.18362370605573722, "sigma": 2.2480905261857878, "sigma_std": 0.06303582382378647}, "exponential": {"D": 0.31139687564517243, "D_std": 0.006196506871079238, "xmin": 0.0005000000000000001, "xmin_std": 1.0842021724855044e-19, "V": 0.3641768461382558, "V_std": 0.006063265216231321, "Asquare": 599.5429845390951, "Asquare_std": 455.84747276142286, "Kappa": 0.8391741029274333, "Kappa_std": 0.0051096769353937204, "Lambda": 82.3441182911483, "Lambda_std": 2.844933527550474}, "truncated_power_law": {"D": 0.0272824993298726, "D_std": 0.006170559563385486, "xmin": 0.0005000000000000001, "xmin_std": 1.0842021724855044e-19, "V": 0.050392034442307734, "V_std": 0.010753588030196777, "Asquare": 0.760780723487144, "Asquare_std": 0.2503717937606227, "Kappa": 1.0029558741347955, "Kappa_std": 0.0004347084507654937, "alpha": 1.1759062968050236, "alpha_std": 0.024398165479509452, "Lambda": 11.665700541937149, "Lambda_std": 0.7235204423678031}, "power_law": {"D": 0.13122172804523552, "D_std": 0.008026485436027657, "xmin": 0.0005000000000000001, "xmin_std": 1.0842021724855044e-19, "V": 0.13786146254069492, "V_std": 0.009324483265847663, "Asquare": 27.49696971561455, "Asquare_std": 2.7779370612843364, "Kappa": 1.0755957615072855, "Kappa_std": 0.0037248822470948508, "alpha": 1.4846361433583055, "alpha_std": 0.0089221339978921}, "stretched_exponential": {"D": 0.0423097669440886, "D_std": 0.00582705688853172, "xmin": 0.0005000000000000001, "xmin_std": 1.0842021724855044e-19, "V": 0.07980777762283356, "V_std": 0.01162073004594443, "Asquare": 2.5185501044502816, "Asquare_std": 0.6051024907560333, "Kappa": 1.0059693863386605, "Kappa_std": 0.0006923232467436823, "Lambda": 1714.1958134247652, "Lambda_std": 792.094745860968, "beta": 0.3020731811759251, "beta_std": 0.013706469111188191}}