{"lognormal": {"D": 0.04531063036002307, "D_std": 0.004928759398532501, "xmin": 0.0005000000000000001, "xmin_std": 1.0842021724855044e-19, "V": 0.0672405271220595, "V_std": 0.0070423108903628386, "Asquare": 2.045368631895413, "Asquare_std": 0.45604213725192944, "Kappa": 1.0098838891452195, "Kappa_std": 0.0008218506702207216, "mu": -6.495451235678241, "mu_std": 0.0654910350112492, "sigma": 1.9729584864660563, "sigma_std": 0.048141045523692486}, "exponential": {"D": 0.2954321024043288, "D_std": 0.010507159303439734, "xmin": 0.0005000000000000001, "xmin_std": 1.0842021724855044e-19, "V": 0.3368326921251905, "V_std": 0.011725682617350046, "Asquare": 7203.959905682792, "Asquare_std": 4564.727968980928, "Kappa": 0.8479544620744093, "Kappa_std": 0.007708389213581716, "Lambda": 90.73150034871352, "Lambda_std": 3.977668057484964}, "truncated_power_law": {"D": 0.023761167566834926, "D_std": 0.004514443446035175, "xmin": 0.0005000000000000001, "xmin_std": 1.0842021724855044e-19, "V": 0.04093244721377009, "V_std": 0.006350335521380269, "Asquare": 0.8768521191718464, "Asquare_std": 0.5006241503874903, "Kappa": 1.0016918577589307, "Kappa_std": 0.0005430478240723464, "alpha": 1.141989732317816, "alpha_std": 0.018075391926350905, "Lambda": 14.876697131902077, "Lambda_std": 1.594153035096833}, "power_law": {"D": 0.13951802497138632, "D_std": 0.004015108704366384, "xmin": 0.0005000000000000001, "xmin_std": 1.0842021724855044e-19, "V": 0.1480335219371322, "V_std": 0.0063421260290674655, "Asquare": 29.577036166421017, "Asquare_std": 1.1016524799790741, "Kappa": 1.0785932675174623, "Kappa_std": 0.0013428309312952791, "alpha": 1.4877198676677774, "alpha_std": 0.0029216129528245776}, "stretched_exponential": {"D": 0.03125369237000836, "D_std": 0.004935042753962051, "xmin": 0.0005000000000000001, "xmin_std": 1.0842021724855044e-19, "V": 0.05223914556139444, "V_std": 0.008441490941270741, "Asquare": 1.1039458037693481, "Asquare_std": 0.43385099429849744, "Kappa": 1.0035621378375077, "Kappa_std": 0.0006001809545812439, "Lambda": 942.2600794691843, "Lambda_std": 133.0314775457578, "beta": 0.34590303284287477, "beta_std": 0.01282173805234647}}