{"lognormal": {"D": 0.08509961482541376, "D_std": 0.00305097326220173, "xmin": 1e-07, "xmin_std": 0.0, "V": 0.13302065906757288, "V_std": 0.005073421967034018, "Asquare": 689504.6404218095, "Asquare_std": 336746.5634854832, "Kappa": 1.0176926677928309, "Kappa_std": 0.0008759572098348969, "mu": -10.842945506526192, "mu_std": 0.04621525678619532, "sigma": 2.238409002814424, "sigma_std": 0.030565080081862952}, "exponential": {"D": 0.28837691761341755, "D_std": 0.006695587429088847, "xmin": 1e-07, "xmin_std": 0.0, "V": 0.33979508016993476, "V_std": 0.006668288285825296, "Asquare": 864023.5612199518, "Asquare_std": 430220.6682082798, "Kappa": 0.8856030970576606, "Kappa_std": 0.004247846592072408, "Lambda": 10261.164080756767, "Lambda_std": 173.2441648964556}, "truncated_power_law": {"D": 0.04625630363578852, "D_std": 0.0032005966102049777, "xmin": 1e-07, "xmin_std": 0.0, "V": 0.08014613729309979, "V_std": 0.006485921304397773, "Asquare": 471965.4231130965, "Asquare_std": 230561.23224352463, "Kappa": 1.0008093428733726, "Kappa_std": 0.0008610503469308812, "alpha": 0.711183194270969, "alpha_std": 0.012718420978605871, "Lambda": 3326.831239488445, "Lambda_std": 115.2548134867538}, "power_law": {"D": 0.2605852269307917, "D_std": 0.006687002263970422, "xmin": 1e-07, "xmin_std": 0.0, "V": 0.44246453784370815, "V_std": 0.00981920956641394, "Asquare": 165247.4220339412, "Asquare_std": 84728.88388984714, "Kappa": 1.080317434441416, "Kappa_std": 0.0019478797684649336, "alpha": 1.1875715480508373, "alpha_std": 0.0013777044598548796}, "stretched_exponential": {"D": 0.05662070035032407, "D_std": 0.0028247374280624734, "xmin": 1e-07, "xmin_std": 0.0, "V": 0.11095679430300343, "V_std": 0.005844951186029002, "Asquare": 559141.394137214, "Asquare_std": 272888.46963265946, "Kappa": 1.004033449102667, "Kappa_std": 0.0005952100128835732, "Lambda": 20435.807608654824, "Lambda_std": 913.4004250096822, "beta": 0.49037638905194464, "beta_std": 0.010005848742838292}}