{"alpha": 0.8876931577873648, "alpha_std": 0.01615064553480448, "Lambda": 727.8482559546879, "Lambda_std": 66.59382611138696, "D": 0.04179876491894806, "D_std": 0.005374292556711784, "xmin": 1.0000000000000002e-06, "xmin_std": 2.117582368135751e-22, "V": 0.07662740437436857, "V_std": 0.009173701491828487, "Asquare": 151.4937530158646, "Asquare_std": 194.68355749700555, "Kappa": 0.9908988009260546, "Kappa_std": 0.0007647471882631744}