{"lognormal": {"D": 0.04672277752684597, "D_std": 0.005225171042026075, "xmin": 0.0005000000000000001, "xmin_std": 1.0842021724855044e-19, "V": 0.0895976099171912, "V_std": 0.010452774522741104, "Asquare": 2.940481413995524, "Asquare_std": 0.6457781496112112, "Kappa": 1.0128542982640165, "Kappa_std": 0.0012407459215729385, "mu": -7.273344027732181, "mu_std": 0.24094260733001707, "sigma": 2.2241410746097126, "sigma_std": 0.10741336583665127}, "exponential": {"D": 0.30346440327959046, "D_std": 0.014764755486902915, "xmin": 0.0005000000000000001, "xmin_std": 1.0842021724855044e-19, "V": 0.35747008119795015, "V_std": 0.01670811102571236, "Asquare": 2930.3099104379644, "Asquare_std": 3291.3943395073766, "Kappa": 0.8442231901787816, "Kappa_std": 0.008030421480050048, "Lambda": 106.30018712409897, "Lambda_std": 5.674732175006856}, "truncated_power_law": {"D": 0.03449805234898971, "D_std": 0.006555806275214034, "xmin": 0.0005000000000000001, "xmin_std": 1.0842021724855044e-19, "V": 0.05520639966349913, "V_std": 0.010432416067847177, "Asquare": 0.6368122814097997, "Asquare_std": 0.2524610320942661, "Kappa": 1.0027184013362977, "Kappa_std": 0.0005602446677505194, "alpha": 1.223573728045833, "alpha_std": 0.025327180346524876, "Lambda": 14.411140177178575, "Lambda_std": 1.850856349987338}, "power_law": {"D": 0.11767416620904025, "D_std": 0.00855194220682113, "xmin": 0.0005000000000000001, "xmin_std": 1.0842021724855044e-19, "V": 0.12944523495688834, "V_std": 0.009322431596389924, "Asquare": 19.65433525590626, "Asquare_std": 2.0420813717507076, "Kappa": 1.0646607720404915, "Kappa_std": 0.0027957401279246137, "alpha": 1.5257337387480499, "alpha_std": 0.007593943910807627}, "stretched_exponential": {"D": 0.046923153611856915, "D_std": 0.006653410495644942, "xmin": 0.0005000000000000001, "xmin_std": 1.0842021724855044e-19, "V": 0.07903551220715065, "V_std": 0.010862383729897555, "Asquare": 1.9362807870166185, "Asquare_std": 0.5609669692349505, "Kappa": 1.0052951643222532, "Kappa_std": 0.0008782352905734668, "Lambda": 3075.953203772249, "Lambda_std": 1320.7508201400358, "beta": 0.29328101671849177, "beta_std": 0.020213557190210632}}