{"alpha": 0.4707339426763009, "alpha_std": 0.03668712281755045, "Lambda": 4329.007877337619, "Lambda_std": 203.8373660575576, "D": 0.03153251989805837, "D_std": 0.00539546235876912, "xmin": 1.0000000000000003e-05, "xmin_std": 1.6940658945086007e-21, "V": 0.055985340731794855, "V_std": 0.008560105521677406, "Asquare": 1.748838055341648, "Asquare_std": 0.5991973549336944, "Kappa": 1.0036418855975766, "Kappa_std": 0.0006868327195142533}