{"lognormal": {"D": 0.033781469900898045, "D_std": 0.003855003938094945, "xmin": 0.0005000000000000001, "xmin_std": 1.0842021724855044e-19, "V": 0.05314705569725873, "V_std": 0.005146839070644351, "Asquare": 1.562549358288212, "Asquare_std": 0.2896769208044093, "Kappa": 1.0085072553932553, "Kappa_std": 0.0010173941647262164, "mu": -6.7921624639822324, "mu_std": 0.1288880819258777, "sigma": 2.0921265729875, "sigma_std": 0.05550725781752455}, "exponential": {"D": 0.3167375128589713, "D_std": 0.01206003917956737, "xmin": 0.0005000000000000001, "xmin_std": 1.0842021724855044e-19, "V": 0.36684259618697623, "V_std": 0.012327865582906267, "Asquare": 1042.5544181965715, "Asquare_std": 411.70875265916317, "Kappa": 0.8323783521822286, "Kappa_std": 0.004109535657988009, "Lambda": 90.56530786354617, "Lambda_std": 2.962000519892405}, "truncated_power_law": {"D": 0.024593081926316863, "D_std": 0.005201742980201952, "xmin": 0.0005000000000000001, "xmin_std": 1.0842021724855044e-19, "V": 0.04310921458308476, "V_std": 0.007675671323133453, "Asquare": 0.5782613273749229, "Asquare_std": 0.12077219261804947, "Kappa": 1.0012835949991121, "Kappa_std": 0.00035818088767249865, "alpha": 1.1953305642289411, "alpha_std": 0.01861873171795895, "Lambda": 12.520467236438162, "Lambda_std": 0.8356269936757377}, "power_law": {"D": 0.12643699687730137, "D_std": 0.007989859583209892, "xmin": 0.0005000000000000001, "xmin_std": 1.0842021724855044e-19, "V": 0.13205746732114704, "V_std": 0.00948624936112768, "Asquare": 23.249708540682775, "Asquare_std": 1.898023079527934, "Kappa": 1.071739751012441, "Kappa_std": 0.0029045647704978622, "alpha": 1.4998702198182075, "alpha_std": 0.006560666751840152}, "stretched_exponential": {"D": 0.025055172660318193, "D_std": 0.003183720989366773, "xmin": 0.0005000000000000001, "xmin_std": 1.0842021724855044e-19, "V": 0.04607545567539163, "V_std": 0.004728695501642115, "Asquare": 0.9152985471548407, "Asquare_std": 0.19066176015714636, "Kappa": 1.0030659721174655, "Kappa_std": 0.00048196612653386836, "Lambda": 1710.0329556687975, "Lambda_std": 376.2579278479426, "beta": 0.3096167360777255, "beta_std": 0.011759121610276162}}