{"alpha": 0.7245533053681409, "alpha_std": 0.008736839914243864, "Lambda": 2547.7932977379355, "Lambda_std": 90.58340775161818, "D": 0.03829289835055013, "D_std": 0.005130050676676515, "xmin": 5.000000000000001e-07, "xmin_std": 1.0587911840678754e-22, "V": 0.06437005720112501, "V_std": 0.008994850216346391, "Asquare": 3.1184104698687882, "Asquare_std": 0.9361285399101413, "Kappa": 1.007186355313236, "Kappa_std": 0.001055058319335058}