{"lognormal": {"D": 0.0790077506162696, "D_std": 0.004438237551228103, "xmin": 1e-07, "xmin_std": 0.0, "V": 0.12877408227832812, "V_std": 0.006776153876652669, "Asquare": 485564.31424276857, "Asquare_std": 689390.5832298972, "Kappa": 1.0171118835069266, "Kappa_std": 0.0010085844168105874, "mu": -11.023291903038775, "mu_std": 0.049985640440496006, "sigma": 2.2312442956428393, "sigma_std": 0.020041923829799888}, "exponential": {"D": 0.28998049370408735, "D_std": 0.008616109303407208, "xmin": 1e-07, "xmin_std": 0.0, "V": 0.3467616075608214, "V_std": 0.008822556983728306, "Asquare": 554970.7968831004, "Asquare_std": 786719.9047396133, "Kappa": 0.8821367022496741, "Kappa_std": 0.004053867130511644, "Lambda": 12332.486837332252, "Lambda_std": 428.0646866039545}, "truncated_power_law": {"D": 0.03795512381184882, "D_std": 0.0027569227213285136, "xmin": 1e-07, "xmin_std": 0.0, "V": 0.06738683223299524, "V_std": 0.0029870379518078852, "Asquare": 386000.5226467121, "Asquare_std": 547706.1070446869, "Kappa": 1.0008704860513862, "Kappa_std": 0.0009209971425995225, "alpha": 0.7178092604106332, "alpha_std": 0.010583275162079762, "Lambda": 3956.7697543674294, "Lambda_std": 146.51875177595198}, "power_law": {"D": 0.2559006583294796, "D_std": 0.0032996399685433233, "xmin": 1e-07, "xmin_std": 0.0, "V": 0.4346667975491833, "V_std": 0.0051822308128269086, "Asquare": 175003.44680666958, "Asquare_std": 248140.43534929596, "Kappa": 1.0836008697480508, "Kappa_std": 0.002354761486140458, "alpha": 1.193761823303299, "alpha_std": 0.0017105548337594007}, "stretched_exponential": {"D": 0.05003230044752309, "D_std": 0.002024262632149862, "xmin": 1e-07, "xmin_std": 0.0, "V": 0.09757797613153993, "V_std": 0.003406107589511731, "Asquare": 430783.8255321638, "Asquare_std": 611316.1648728533, "Kappa": 1.0034229385292361, "Kappa_std": 0.0005919274126642579, "Lambda": 24858.347496743016, "Lambda_std": 1367.7012151328458, "beta": 0.48855038545132573, "beta_std": 0.008186004667599044}}