{"alpha": 0.6832173045883013, "alpha_std": 0.008645539125265741, "Lambda": 78.89753906364476, "Lambda_std": 5.4576576854664065, "D": 0.0987029692271384, "D_std": 0.004524203235396364, "xmin": 1.0000000000000002e-06, "xmin_std": 2.117582368135751e-22, "V": 0.17806510999489958, "V_std": 0.0059795824648752735, "Asquare": 53.096959161604026, "Asquare_std": 15.370987875661923, "Kappa": 0.9670847230590212, "Kappa_std": 0.0010135834833344733}