{"alpha": 0.19451249026824108, "alpha_std": 0.019081422911278585, "Lambda": 14740.712052180363, "Lambda_std": 307.0268289563428, "D": 0.01378453231003759, "D_std": 0.002052252149079753, "xmin": 1.0000000000000002e-06, "xmin_std": 2.117582368135751e-22, "V": 0.024032336716280512, "V_std": 0.0031656947337517357, "Asquare": 0.6309185167503272, "Asquare_std": 0.24116699544677145, "Kappa": 1.00245393710463, "Kappa_std": 0.0007914814978961461}