{"lognormal": {"D": 0.08352074981530903, "D_std": 0.005182040773994959, "xmin": 1e-07, "xmin_std": 0.0, "V": 0.13656544455288447, "V_std": 0.006261544368680337, "Asquare": 3578417.7078613443, "Asquare_std": 3173634.9407277517, "Kappa": 1.0217087248530943, "Kappa_std": 0.0008316981627417473, "mu": -10.50402579253502, "mu_std": 0.04531327278256521, "sigma": 2.2003041168414503, "sigma_std": 0.024610838582314627}, "exponential": {"D": 0.2663101326459108, "D_std": 0.006974686035063952, "xmin": 1e-07, "xmin_std": 0.0, "V": 0.31880094927017505, "V_std": 0.006698128139371403, "Asquare": 4208442.369465861, "Asquare_std": 3751060.428299018, "Kappa": 0.8970466385026807, "Kappa_std": 0.0028401318285638005, "Lambda": 7949.325284514288, "Lambda_std": 268.5430288623227}, "truncated_power_law": {"D": 0.03413996189161793, "D_std": 0.003178740846891151, "xmin": 1e-07, "xmin_std": 0.0, "V": 0.06420736226943041, "V_std": 0.005291001722919904, "Asquare": 2407756.8293542694, "Asquare_std": 2147600.62009848, "Kappa": 1.0020287705398967, "Kappa_std": 0.0012611825141634063, "alpha": 0.6741477694801163, "alpha_std": 0.007985975930570377, "Lambda": 2806.2664564332144, "Lambda_std": 92.27744921604852}, "power_law": {"D": 0.2731015509960829, "D_std": 0.005038542887142202, "xmin": 1e-07, "xmin_std": 0.0, "V": 0.46604206232181894, "V_std": 0.006551108085916084, "Asquare": 706683.604866633, "Asquare_std": 629347.1968531689, "Kappa": 1.0767750836251095, "Kappa_std": 0.002812354378794561, "alpha": 1.1770546362655234, "alpha_std": 0.0013185523755153}, "stretched_exponential": {"D": 0.050869157396333145, "D_std": 0.004623830658535683, "xmin": 1e-07, "xmin_std": 0.0, "V": 0.09634687107914716, "V_std": 0.007061571146001149, "Asquare": 2865209.043735294, "Asquare_std": 2555366.559164111, "Kappa": 1.006531907326319, "Kappa_std": 0.0008246736614497159, "Lambda": 14374.927463943386, "Lambda_std": 634.5253531218452, "beta": 0.5167769579523339, "beta_std": 0.006527158453670131}}