{"lognormal": {"D": 0.035568667255342794, "D_std": 0.003103922752745256, "xmin": 0.0005000000000000001, "xmin_std": 1.0842021724855044e-19, "V": 0.06579640587153593, "V_std": 0.006318502561692377, "Asquare": 1.7548681741535082, "Asquare_std": 0.3576675893757917, "Kappa": 1.010138610542063, "Kappa_std": 0.0009381288432304815, "mu": -6.539646440026854, "mu_std": 0.13393450584598024, "sigma": 1.9535484273302122, "sigma_std": 0.06542954975838074}, "exponential": {"D": 0.27194568112486134, "D_std": 0.01195852740708773, "xmin": 0.0005000000000000001, "xmin_std": 1.0842021724855044e-19, "V": 0.31807418509432106, "V_std": 0.01400571057426842, "Asquare": 398.6494511727842, "Asquare_std": 177.8561403276962, "Kappa": 0.8554936799673458, "Kappa_std": 0.005562376114645947, "Lambda": 99.96388940882235, "Lambda_std": 4.47885821557486}, "truncated_power_law": {"D": 0.021306831762264195, "D_std": 0.0028666080277783114, "xmin": 0.0005000000000000001, "xmin_std": 1.0842021724855044e-19, "V": 0.03728812581661413, "V_std": 0.0038998794996310754, "Asquare": 0.32879675721944557, "Asquare_std": 0.09069614705625846, "Kappa": 1.001480554940849, "Kappa_std": 0.00042678147185598445, "alpha": 1.1284852000389005, "alpha_std": 0.02214441227540126, "Lambda": 17.61769843579613, "Lambda_std": 1.4349462605030594}, "power_law": {"D": 0.14619163460910337, "D_std": 0.006489360205325652, "xmin": 0.0005000000000000001, "xmin_std": 1.0842021724855044e-19, "V": 0.15881357583772557, "V_std": 0.00685249236320832, "Asquare": 28.76616191004814, "Asquare_std": 2.6567582257704494, "Kappa": 1.0777330387657489, "Kappa_std": 0.0029833189388026107, "alpha": 1.4964111073256137, "alpha_std": 0.007718326266210445}, "stretched_exponential": {"D": 0.027472748224915085, "D_std": 0.004299359330068077, "xmin": 0.0005000000000000001, "xmin_std": 1.0842021724855044e-19, "V": 0.04988217512768971, "V_std": 0.006858602359414262, "Asquare": 0.7954165373476382, "Asquare_std": 0.26806349533614177, "Kappa": 1.002984722428582, "Kappa_std": 0.0005180588063555698, "Lambda": 927.0372417352344, "Lambda_std": 189.20099121563217, "beta": 0.3558855902305165, "beta_std": 0.01567167829859714}}