{"alpha": 0.5809933154942852, "alpha_std": 0.010101748794106072, "Lambda": 89.72928879149488, "Lambda_std": 3.4690811219195963, "D": 0.08089064252757187, "D_std": 0.003838880146204771, "xmin": 1.0000000000000002e-06, "xmin_std": 2.117582368135751e-22, "V": 0.13153377148423476, "V_std": 0.006330501742788859, "Asquare": 17.984435539976076, "Asquare_std": 2.030692950141706, "Kappa": 0.981027757991294, "Kappa_std": 0.0015522766018816261}