{"lognormal": {"D": 0.2044026650343434, "D_std": 0.0008904894707768267, "xmin": 1.0000000000000002e-06, "xmin_std": 2.117582368135751e-22, "V": 0.264183692351491, "V_std": 0.002074830365464114, "Asquare": 446812287.11419904, "Asquare_std": 41282836.47512458, "Kappa": 1.0033806152850968, "Kappa_std": 7.438139782864323e-05, "mu": -10.826757258407625, "mu_std": 0.001646483639419784, "sigma": 0.8311820838555402, "sigma_std": 0.004302866407485518}, "exponential": {"D": 0.3887406644412779, "D_std": 0.011610823845639419, "xmin": 1.0000000000000002e-06, "xmin_std": 2.117582368135751e-22, "V": 0.51858538999249, "V_std": 0.006734257338174647, "Asquare": 3258202078.300601, "Asquare_std": 246439515.45608675, "Kappa": 0.9944962109106326, "Kappa_std": 0.00042150122486339783, "Lambda": 15455.494164590244, "Lambda_std": 625.5610097678364}, "truncated_power_law": {"D": 0.3960958317026012, "D_std": 0.0027109925099667287, "xmin": 1.0000000000000002e-06, "xmin_std": 2.117582368135751e-22, "V": 0.6315318171217705, "V_std": 0.0029095800246795402, "Asquare": 149554297.41470656, "Asquare_std": 20384070.26328237, "Kappa": 0.9901602656776347, "Kappa_std": 0.00037065757270154026, "alpha": 0.9793143124845086, "alpha_std": 0.01110510728189774, "Lambda": 2183.2725348967037, "Lambda_std": 162.16541422940122}, "power_law": {"D": 0.5371180703515976, "D_std": 0.0001994737204109574, "xmin": 1.0000000000000002e-06, "xmin_std": 2.117582368135751e-22, "V": 0.7277063970393185, "V_std": 0.000383615166937811, "Asquare": 61.167234526367075, "Asquare_std": 0.785109067099457, "Kappa": 0.9328908453853991, "Kappa_std": 0.000523043353014553, "alpha": 1.3345298135484056, "alpha_std": 0.0001871489944231474}, "stretched_exponential": {"D": 0.3814615560995326, "D_std": 0.0009275272486919815, "xmin": 1.0000000000000002e-06, "xmin_std": 2.117582368135751e-22, "V": 0.5263055942309962, "V_std": 0.0018206587825263063, "Asquare": 258070358.14613527, "Asquare_std": 21018742.16330014, "Kappa": 0.9999620670634798, "Kappa_std": 5.721376723081276e-05, "Lambda": 48118.45131677395, "Lambda_std": 343.9773448652003, "beta": 0.5519498873508225, "beta_std": 0.005259212620544125}}