{"lognormal": {"D": 0.04283202266165461, "D_std": 0.004637554289486204, "xmin": 0.0005000000000000001, "xmin_std": 1.0842021724855044e-19, "V": 0.06460977080742332, "V_std": 0.007616689912140876, "Asquare": 2.978690373833858, "Asquare_std": 0.6382164929252315, "Kappa": 1.0114881559445459, "Kappa_std": 0.0009792887190343486, "mu": -6.3959258868975, "mu_std": 0.1368270821374621, "sigma": 2.057151237208649, "sigma_std": 0.07131909156802721}, "exponential": {"D": 0.3130292403496262, "D_std": 0.01382990557776034, "xmin": 0.0005000000000000001, "xmin_std": 1.0842021724855044e-19, "V": 0.3683668894252722, "V_std": 0.01599401200980692, "Asquare": 472.3440269466173, "Asquare_std": 121.78557761317155, "Kappa": 0.8423429822306489, "Kappa_std": 0.006584893137205036, "Lambda": 75.09460485741982, "Lambda_std": 2.2458238506948702}, "truncated_power_law": {"D": 0.02731595014394539, "D_std": 0.0047390318398440765, "xmin": 0.0005000000000000001, "xmin_std": 1.0842021724855044e-19, "V": 0.04606714142578848, "V_std": 0.006998974903015881, "Asquare": 0.7694312940274344, "Asquare_std": 0.20161155670780512, "Kappa": 1.0011848360518205, "Kappa_std": 0.00043229629986188, "alpha": 1.1192824555028476, "alpha_std": 0.024480192816892853, "Lambda": 12.328977225851883, "Lambda_std": 1.1796011620209839}, "power_law": {"D": 0.14537908651681913, "D_std": 0.008370577937373325, "xmin": 0.0005000000000000001, "xmin_std": 1.0842021724855044e-19, "V": 0.14993138802695452, "V_std": 0.009078406383562308, "Asquare": 35.26114794990142, "Asquare_std": 3.0983477235107313, "Kappa": 1.0846909207306363, "Kappa_std": 0.0033593539763860886, "alpha": 1.4617553301198398, "alpha_std": 0.005377167153499344}, "stretched_exponential": {"D": 0.03203616269769379, "D_std": 0.005168148173803547, "xmin": 0.0005000000000000001, "xmin_std": 1.0842021724855044e-19, "V": 0.056909043488842195, "V_std": 0.010725052877974933, "Asquare": 1.7437502772084563, "Asquare_std": 0.5024503504406783, "Kappa": 1.003944284384625, "Kappa_std": 0.0006208250569055776, "Lambda": 813.4358547374709, "Lambda_std": 210.355581576733, "beta": 0.3386769554984249, "beta_std": 0.0174882828014323}}