{"lognormal": {"D": 0.07829459198295381, "D_std": 0.005245948611974832, "xmin": 1e-07, "xmin_std": 0.0, "V": 0.13059968605634611, "V_std": 0.007696640115358519, "Asquare": 973030.7205540581, "Asquare_std": 1570874.4956116176, "Kappa": 1.0214557431773086, "Kappa_std": 0.0011751814008626883, "mu": -10.087902219274236, "mu_std": 0.02866286719186126, "sigma": 2.152195715733657, "sigma_std": 0.025827628742848514}, "exponential": {"D": 0.268418546693307, "D_std": 0.010701601388281374, "xmin": 1e-07, "xmin_std": 0.0, "V": 0.2861692332578147, "V_std": 0.010697742700600458, "Asquare": 22549373.104217265, "Asquare_std": 13798217.66326997, "Kappa": 0.8589766271149031, "Kappa_std": 0.011138405089808694, "Lambda": 4679.030139887123, "Lambda_std": 286.6330222248478}, "truncated_power_law": {"D": 0.044454984297608316, "D_std": 0.007569924751816016, "xmin": 1e-07, "xmin_std": 0.0, "V": 0.07628071907685405, "V_std": 0.00931932118668869, "Asquare": 949590.7403000311, "Asquare_std": 954657.6319683795, "Kappa": 0.9882172893965142, "Kappa_std": 0.0026044197842418266, "alpha": 0.6955993840309362, "alpha_std": 0.015548319541905458, "Lambda": 1546.216265583363, "Lambda_std": 153.73226188880315}, "power_law": {"D": 0.29781253961900306, "D_std": 0.004883057839072984, "xmin": 1e-07, "xmin_std": 0.0, "V": 0.4920602359519293, "V_std": 0.005962247408751102, "Asquare": 187672.8768735599, "Asquare_std": 302343.9582215677, "Kappa": 1.0747019028786007, "Kappa_std": 0.003025165401507395, "alpha": 1.1653671305426865, "alpha_std": 0.0007531350473339738}, "stretched_exponential": {"D": 0.04210630533024595, "D_std": 0.004376929972276516, "xmin": 1e-07, "xmin_std": 0.0, "V": 0.07386505130802846, "V_std": 0.00707082974354317, "Asquare": 754326.43970197, "Asquare_std": 1212506.1833198362, "Kappa": 1.0049748915947743, "Kappa_std": 0.0010181054026673804, "Lambda": 9620.338690480652, "Lambda_std": 265.7068360977194, "beta": 0.5113488511090786, "beta_std": 0.009882725032705776}}