{"alpha": 0.8667890392412945, "alpha_std": 0.00961205767098406, "Lambda": 676.638171117568, "Lambda_std": 61.36453737278941, "D": 0.04751008905419363, "D_std": 0.004050885591855798, "xmin": 5.000000000000001e-07, "xmin_std": 1.0587911840678754e-22, "V": 0.09060757615365338, "V_std": 0.007151092647162029, "Asquare": 12.373182900817387, "Asquare_std": 3.6543597910924754, "Kappa": 0.9879696181419068, "Kappa_std": 0.0009786516874213326}