{"alpha": 0.675946653326467, "alpha_std": 0.004530781724144857, "Lambda": 130.25652006322397, "Lambda_std": 5.1614226875658265, "D": 0.0918443741647089, "D_std": 0.003305106356734922, "xmin": 1.0000000000000002e-06, "xmin_std": 2.117582368135751e-22, "V": 0.15862516089750106, "V_std": 0.004654981040650705, "Asquare": 37.07541122579685, "Asquare_std": 2.856449976359436, "Kappa": 0.9708226519592194, "Kappa_std": 0.0015356755966824474}