{"alpha": 1.0151495086208289, "alpha_std": 0.023780136804952404, "Lambda": 605.7133551655513, "Lambda_std": 67.36731693709615, "D": 0.028740520092484987, "D_std": 0.0048002336138495555, "xmin": 1.0000000000000003e-05, "xmin_std": 1.6940658945086007e-21, "V": 0.05277807080205161, "V_std": 0.008534468459463984, "Asquare": 18.972287514023808, "Asquare_std": 44.35035267728108, "Kappa": 1.0007506812913438, "Kappa_std": 0.0004984502222727378}