{"lognormal": {"D": 0.209271145732909, "D_std": 0.001001475258278879, "xmin": 1.0000000000000002e-06, "xmin_std": 2.117582368135751e-22, "V": 0.2749882624640695, "V_std": 0.0023928887948616974, "Asquare": 421595378.7977586, "Asquare_std": 33524776.41265674, "Kappa": 1.0035945669298723, "Kappa_std": 7.385779966768174e-05, "mu": -10.83396882701886, "mu_std": 0.0014034106605740008, "sigma": 0.8398692468594641, "sigma_std": 0.0049151438362718975}, "exponential": {"D": 0.4124387665716145, "D_std": 0.010653440434887848, "xmin": 1.0000000000000002e-06, "xmin_std": 2.117582368135751e-22, "V": 0.5353439789673353, "V_std": 0.006108614763274337, "Asquare": 2860138862.645976, "Asquare_std": 247204377.15938854, "Kappa": 0.9926089414557755, "Kappa_std": 0.0005353766735738633, "Lambda": 14572.634729428048, "Lambda_std": 577.0314073472325}, "truncated_power_law": {"D": 0.40650972643036243, "D_std": 0.0034190948221730446, "xmin": 1.0000000000000002e-06, "xmin_std": 2.117582368135751e-22, "V": 0.6480474989751581, "V_std": 0.0036506132893169233, "Asquare": 104064232.61350583, "Asquare_std": 18175516.843785368, "Kappa": 0.987215812739113, "Kappa_std": 0.0006830963578516031, "alpha": 1.015316291141875, "alpha_std": 0.013022976841912889, "Lambda": 1724.3618121140148, "Lambda_std": 168.40821592971346}, "power_law": {"D": 0.5379674139381477, "D_std": 0.00017233733841074092, "xmin": 1.0000000000000002e-06, "xmin_std": 2.117582368135751e-22, "V": 0.7283796641771823, "V_std": 0.00026134821131706243, "Asquare": 54.7226644095815, "Asquare_std": 0.7947200501071054, "Kappa": 0.9326719304022884, "Kappa_std": 0.0005113373269768916, "alpha": 1.3353274238232697, "alpha_std": 0.0001619993323202405}, "stretched_exponential": {"D": 0.38617010384983375, "D_std": 0.0011709782062998056, "xmin": 1.0000000000000002e-06, "xmin_std": 2.117582368135751e-22, "V": 0.5389307505994481, "V_std": 0.0024711910979669633, "Asquare": 208074710.28489774, "Asquare_std": 15591049.742814777, "Kappa": 0.9995711747969608, "Kappa_std": 7.676068523256335e-05, "Lambda": 49817.56817954022, "Lambda_std": 501.2102435144881, "beta": 0.5370849265710101, "beta_std": 0.006258148544845172}}