{"lognormal": {"D": 0.040550026052055675, "D_std": 0.00777472446586867, "xmin": 0.0005000000000000001, "xmin_std": 1.0842021724855044e-19, "V": 0.07350768394892195, "V_std": 0.013544405469667002, "Asquare": 2.1146748571640863, "Asquare_std": 0.6685379689737926, "Kappa": 1.010245351629641, "Kappa_std": 0.0015164573490192227, "mu": -6.547587275176014, "mu_std": 0.12404951211541206, "sigma": 1.8697131455068863, "sigma_std": 0.06652464874447155}, "exponential": {"D": 0.2520808618925125, "D_std": 0.0076118765820752015, "xmin": 0.0005000000000000001, "xmin_std": 1.0842021724855044e-19, "V": 0.2937260270385616, "V_std": 0.009272683817040868, "Asquare": 468.42906125700273, "Asquare_std": 189.0327242512395, "Kappa": 0.8725950709620667, "Kappa_std": 0.004807248135823538, "Lambda": 117.30837256553298, "Lambda_std": 5.487536730204369}, "truncated_power_law": {"D": 0.020407945943072582, "D_std": 0.005773545606641626, "xmin": 0.0005000000000000001, "xmin_std": 1.0842021724855044e-19, "V": 0.03769349690566794, "V_std": 0.010377710377669491, "Asquare": 0.3131123034536062, "Asquare_std": 0.21024878142187425, "Kappa": 1.001699753308317, "Kappa_std": 0.0007800949683119438, "alpha": 1.111513676718687, "alpha_std": 0.02128707111917386, "Lambda": 22.924986821695903, "Lambda_std": 1.9443958043258462}, "power_law": {"D": 0.14092590196732274, "D_std": 0.007210299270629382, "xmin": 0.0005000000000000001, "xmin_std": 1.0842021724855044e-19, "V": 0.16107882926958744, "V_std": 0.007482748045485826, "Asquare": 28.941213881750922, "Asquare_std": 1.9387574350101373, "Kappa": 1.073757273385627, "Kappa_std": 0.0027048040084785823, "alpha": 1.5136426726614831, "alpha_std": 0.00755542739869228}, "stretched_exponential": {"D": 0.030920558469898052, "D_std": 0.007909648036246292, "xmin": 0.0005000000000000001, "xmin_std": 1.0842021724855044e-19, "V": 0.057591504315752794, "V_std": 0.01409900792011776, "Asquare": 0.9856944182213854, "Asquare_std": 0.48461627015703707, "Kappa": 1.003029315615946, "Kappa_std": 0.0008237640525834435, "Lambda": 866.5260911390172, "Lambda_std": 154.12492941867802, "beta": 0.3776108884157817, "beta_std": 0.015356751999126728}}