{"alpha": 0.8490827790127611, "alpha_std": 0.01034433977334149, "Lambda": 672.9750233433707, "Lambda_std": 40.716160971871616, "D": 0.04977078792566276, "D_std": 0.0017658588872974928, "xmin": 5.000000000000001e-07, "xmin_std": 1.0587911840678754e-22, "V": 0.09553176516059667, "V_std": 0.004901784294688388, "Asquare": 23.801303048996477, "Asquare_std": 15.59027723383749, "Kappa": 0.9860660482629532, "Kappa_std": 0.0013175330057472844}