{"alpha": 0.7035335554361097, "alpha_std": 0.01111825512637528, "Lambda": 2279.6202294003765, "Lambda_std": 114.52070075601308, "D": 0.04010562613217454, "D_std": 0.0029959218634543713, "xmin": 5.000000000000001e-07, "xmin_std": 1.0587911840678754e-22, "V": 0.06496874919817386, "V_std": 0.003863879063334431, "Asquare": 2.9230047129834893, "Asquare_std": 0.2879988690031232, "Kappa": 1.008112161345415, "Kappa_std": 0.0006861123657292789}