{"alpha": 0.8022093328700057, "alpha_std": 0.015228199907252807, "Lambda": 1653.335125869679, "Lambda_std": 115.09314634368305, "D": 0.029486943756298088, "D_std": 0.0028316628505946437, "xmin": 5.000000000000001e-07, "xmin_std": 1.0587911840678754e-22, "V": 0.05545187614229473, "V_std": 0.005693223183153628, "Asquare": 1.5101223166389355, "Asquare_std": 0.6086873526609519, "Kappa": 0.9933478441731627, "Kappa_std": 0.001231602736978564}