{"lognormal": {"D": 0.08107487894475182, "D_std": 0.0031289818043738664, "xmin": 1e-07, "xmin_std": 0.0, "V": 0.13245214750861647, "V_std": 0.005068971358745664, "Asquare": 581610.9442105193, "Asquare_std": 1102334.0301318185, "Kappa": 1.0181756803806408, "Kappa_std": 0.0006833971238562847, "mu": -10.775361410480823, "mu_std": 0.058785171920134285, "sigma": 2.2244707907069645, "sigma_std": 0.029552093087283425}, "exponential": {"D": 0.283933284926998, "D_std": 0.0075559071586286004, "xmin": 1e-07, "xmin_std": 0.0, "V": 0.3423077728743328, "V_std": 0.00908886835842421, "Asquare": 729752.3706627473, "Asquare_std": 1385901.2732626745, "Kappa": 0.8866432743664558, "Kappa_std": 0.004904165776562822, "Lambda": 9849.442766363267, "Lambda_std": 372.6853478661379}, "truncated_power_law": {"D": 0.04038387088640314, "D_std": 0.0029120497338139422, "xmin": 1e-07, "xmin_std": 0.0, "V": 0.07546381545595668, "V_std": 0.004174310854097678, "Asquare": 382211.57563171565, "Asquare_std": 725038.7867013648, "Kappa": 1.0009409589171858, "Kappa_std": 0.0007502677742936014, "alpha": 0.7011789959472636, "alpha_std": 0.014225187743155216, "Lambda": 3271.5406920195323, "Lambda_std": 159.69672273129547}, "power_law": {"D": 0.26348453526493665, "D_std": 0.0048468474593365415, "xmin": 1e-07, "xmin_std": 0.0, "V": 0.4500047821844527, "V_std": 0.008302770289754676, "Asquare": 118683.45148041772, "Asquare_std": 225225.42884109385, "Kappa": 1.0835642199741122, "Kappa_std": 0.0025439060426120097, "alpha": 1.1854404787899657, "alpha_std": 0.0018220627112516489}, "stretched_exponential": {"D": 0.057658395864170334, "D_std": 0.0026711862927165726, "xmin": 1e-07, "xmin_std": 0.0, "V": 0.10497195818283511, "V_std": 0.004092785196361107, "Asquare": 460186.74289466563, "Asquare_std": 873417.0323039688, "Kappa": 1.0040220796906396, "Kappa_std": 0.0004338753733769755, "Lambda": 19084.094061942178, "Lambda_std": 1146.2586510213766, "beta": 0.4976374673740801, "beta_std": 0.011321610750249357}}