{"lognormal": {"D": 0.03637322197146999, "D_std": 0.0068483487806608855, "xmin": 0.0005000000000000001, "xmin_std": 1.0842021724855044e-19, "V": 0.05710232207895414, "V_std": 0.010260651759039865, "Asquare": 2.571686966675215, "Asquare_std": 0.7006628764695477, "Kappa": 1.0109822469042984, "Kappa_std": 0.001625339181906354, "mu": -6.410700362099732, "mu_std": 0.11638843585496308, "sigma": 2.051411343010142, "sigma_std": 0.06284985015175604}, "exponential": {"D": 0.31270659060257056, "D_std": 0.01365747354372319, "xmin": 0.0005000000000000001, "xmin_std": 1.0842021724855044e-19, "V": 0.36689991173175296, "V_std": 0.014951472867267088, "Asquare": 391.71827665035545, "Asquare_std": 44.851121317631495, "Kappa": 0.8379190729468673, "Kappa_std": 0.004787977953294093, "Lambda": 75.80592037419669, "Lambda_std": 3.6862446112969454}, "truncated_power_law": {"D": 0.025047294925672113, "D_std": 0.00537459496484061, "xmin": 0.0005000000000000001, "xmin_std": 1.0842021724855044e-19, "V": 0.04513968830850292, "V_std": 0.010819138682392003, "Asquare": 0.8540981419090397, "Asquare_std": 0.3056016677329514, "Kappa": 1.0015068780207168, "Kappa_std": 0.0006550743817003916, "alpha": 1.1275328228027928, "alpha_std": 0.017643383841712667, "Lambda": 12.160516076489229, "Lambda_std": 1.026164856796347}, "power_law": {"D": 0.14894935147346988, "D_std": 0.008241624777258505, "xmin": 0.0005000000000000001, "xmin_std": 1.0842021724855044e-19, "V": 0.15302702464169568, "V_std": 0.009184172545972879, "Asquare": 36.0238464349982, "Asquare_std": 2.4307090642108697, "Kappa": 1.084804577652654, "Kappa_std": 0.0030583301509106422, "alpha": 1.4644691312819482, "alpha_std": 0.0067257446948066684}, "stretched_exponential": {"D": 0.027674477803232206, "D_std": 0.004772223126400094, "xmin": 0.0005000000000000001, "xmin_std": 1.0842021724855044e-19, "V": 0.04944022210391018, "V_std": 0.009256293400906137, "Asquare": 1.4839716424006608, "Asquare_std": 0.4877095395827945, "Kappa": 1.003946257912816, "Kappa_std": 0.0008443076006114512, "Lambda": 845.3822826917236, "Lambda_std": 178.25581441717577, "beta": 0.33616945154198585, "beta_std": 0.012865425151307609}}