{"alpha": 0.8168088978565388, "alpha_std": 0.013580433539646114, "Lambda": 735.45027614753, "Lambda_std": 67.01672475492863, "D": 0.06255268204944467, "D_std": 0.0031174383296577604, "xmin": 5.000000000000001e-07, "xmin_std": 1.0587911840678754e-22, "V": 0.10279778171750235, "V_std": 0.007022691516919548, "Asquare": 14.601218393201279, "Asquare_std": 1.6556302082268162, "Kappa": 0.9862481267800426, "Kappa_std": 0.0010967465535409763}