{"lognormal": {"D": 0.03374132762044687, "D_std": 0.005256840789134354, "xmin": 0.0005000000000000001, "xmin_std": 1.0842021724855044e-19, "V": 0.06027765607871286, "V_std": 0.009177344821264257, "Asquare": 1.4086242002155789, "Asquare_std": 0.5326012520877252, "Kappa": 1.0089107292448618, "Kappa_std": 0.00157424866316063, "mu": -6.441341710159621, "mu_std": 0.07777337514682581, "sigma": 1.8359151978074095, "sigma_std": 0.05866998095637254}, "exponential": {"D": 0.25711303685649245, "D_std": 0.005729859997585532, "xmin": 0.0005000000000000001, "xmin_std": 1.0842021724855044e-19, "V": 0.30218652079578795, "V_std": 0.008224977476660563, "Asquare": 437.5789215856092, "Asquare_std": 197.9748524909685, "Kappa": 0.8675294691774097, "Kappa_std": 0.006106459689429368, "Lambda": 112.35021979784283, "Lambda_std": 6.601211790805259}, "truncated_power_law": {"D": 0.02371026844256392, "D_std": 0.004968126086444253, "xmin": 0.0005000000000000001, "xmin_std": 1.0842021724855044e-19, "V": 0.04120859695069733, "V_std": 0.006512272422813761, "Asquare": 0.4090001502869984, "Asquare_std": 0.1405851323586861, "Kappa": 1.0010070761557364, "Kappa_std": 0.0006487312920552372, "alpha": 1.1041224184027458, "alpha_std": 0.016377297721938647, "Lambda": 22.06548117447013, "Lambda_std": 2.1611419851827227}, "power_law": {"D": 0.15022505739162212, "D_std": 0.0068745686634060525, "xmin": 0.0005000000000000001, "xmin_std": 1.0842021724855044e-19, "V": 0.1685117137394771, "V_std": 0.009353036521575745, "Asquare": 29.531567784774353, "Asquare_std": 1.794502180504561, "Kappa": 1.076515658564327, "Kappa_std": 0.0026480152917408442, "alpha": 1.5063385125155047, "alpha_std": 0.0078843481681774}, "stretched_exponential": {"D": 0.0233470332209638, "D_std": 0.00651562919238661, "xmin": 0.0005000000000000001, "xmin_std": 1.0842021724855044e-19, "V": 0.04231886687568477, "V_std": 0.010395912211056029, "Asquare": 0.5648668120841911, "Asquare_std": 0.31966225665894643, "Kappa": 1.002392120476976, "Kappa_std": 0.0006771977357593031, "Lambda": 777.6761859743626, "Lambda_std": 85.44042858070353, "beta": 0.38217266295594265, "beta_std": 0.012235057218231232}}