{"alpha": 0.8461963680529244, "alpha_std": 0.012429368745348616, "Lambda": 971.782611487055, "Lambda_std": 62.11124518245307, "D": 0.035742708007910885, "D_std": 0.002702922356328224, "xmin": 5.000000000000001e-07, "xmin_std": 1.0587911840678754e-22, "V": 0.06788851530533639, "V_std": 0.005404465464393919, "Asquare": 14.364971744620386, "Asquare_std": 15.382241918617394, "Kappa": 0.991061073987319, "Kappa_std": 0.000944561482905733}