{"alpha": 0.815053623008118, "alpha_std": 0.008217007840180373, "Lambda": 1513.8501065880762, "Lambda_std": 73.23068538650088, "D": 0.030312828512272304, "D_std": 0.004692905797903343, "xmin": 5.000000000000001e-07, "xmin_std": 1.0587911840678754e-22, "V": 0.05807005760829705, "V_std": 0.008381749286795694, "Asquare": 1.8336727249789717, "Asquare_std": 0.4953569514821953, "Kappa": 0.9926177455714994, "Kappa_std": 0.0011549745991699123}