{"lognormal": {"D": 0.04838675337976221, "D_std": 0.005470079917906417, "xmin": 0.0005000000000000001, "xmin_std": 1.0842021724855044e-19, "V": 0.09218354828720136, "V_std": 0.008363424256812758, "Asquare": 4.233458103575696, "Asquare_std": 0.6715074660362877, "Kappa": 1.0151606261903592, "Kappa_std": 0.001014065397390644, "mu": -8.191709503379363, "mu_std": 0.34983455905096217, "sigma": 2.6335327891022566, "sigma_std": 0.09510815556188906}, "exponential": {"D": 0.3515439290709375, "D_std": 0.011427883195717163, "xmin": 0.0005000000000000001, "xmin_std": 1.0842021724855044e-19, "V": 0.4057648680115677, "V_std": 0.010875716861716091, "Asquare": 1124.8396562097892, "Asquare_std": 299.105894723875, "Kappa": 0.8126365359342191, "Kappa_std": 0.005700166837894253, "Lambda": 88.48821614749625, "Lambda_std": 2.3152974546382863}, "truncated_power_law": {"D": 0.04049633092730139, "D_std": 0.006752443869183251, "xmin": 0.0005000000000000001, "xmin_std": 1.0842021724855044e-19, "V": 0.06540875875115464, "V_std": 0.01007990371690596, "Asquare": 1.3143138798841212, "Asquare_std": 0.3257140515715721, "Kappa": 1.004034189226061, "Kappa_std": 0.00038075534429910516, "alpha": 1.2980025321276558, "alpha_std": 0.025069360341269453, "Lambda": 8.326640938924651, "Lambda_std": 0.6008160527796211}, "power_law": {"D": 0.10979243515881891, "D_std": 0.010448401600638526, "xmin": 0.0005000000000000001, "xmin_std": 1.0842021724855044e-19, "V": 0.11222843770711355, "V_std": 0.010804593256668167, "Asquare": 16.909961162422768, "Asquare_std": 2.2394276216983, "Kappa": 1.0588988287561858, "Kappa_std": 0.003857489315803374, "alpha": 1.5253522620130684, "alpha_std": 0.010030317552966328}, "stretched_exponential": {"D": 0.051492117305078855, "D_std": 0.006370602403773156, "xmin": 0.0005000000000000001, "xmin_std": 1.0842021724855044e-19, "V": 0.08792451389662873, "V_std": 0.009330551203331759, "Asquare": 3.243782553764702, "Asquare_std": 0.5671336559812096, "Kappa": 1.0080377242958651, "Kappa_std": 0.0005108795542369942, "Lambda": 20144.254685443266, "Lambda_std": 16822.781529089676, "beta": 0.22679279763271812, "beta_std": 0.014559311502032445}}