{"lognormal": {"D": 0.05926041939943194, "D_std": 0.004029453957154676, "xmin": 1e-07, "xmin_std": 0.0, "V": 0.09339611307340231, "V_std": 0.006156028538188709, "Asquare": 8.513449239758945, "Asquare_std": 1.227401218549888, "Kappa": 1.0162887317258953, "Kappa_std": 0.001453623595194097, "mu": -9.92668272930957, "mu_std": 0.03444987555254642, "sigma": 2.2104547122179494, "sigma_std": 0.026275959878417205}, "exponential": {"D": 0.31625983385922785, "D_std": 0.011573801814810413, "xmin": 1e-07, "xmin_std": 0.0, "V": 0.3492986266699163, "V_std": 0.012440524632120899, "Asquare": 12308392.039205395, "Asquare_std": 6095529.700826692, "Kappa": 0.8191534669727595, "Kappa_std": 0.007438043070747668, "Lambda": 3330.5404527615283, "Lambda_std": 168.759244995194}, "truncated_power_law": {"D": 0.05856903148863213, "D_std": 0.006533937652437092, "xmin": 1e-07, "xmin_std": 0.0, "V": 0.10243059937159746, "V_std": 0.010298567890044323, "Asquare": 43.44399693044387, "Asquare_std": 17.476117542011, "Kappa": 0.9782930878016469, "Kappa_std": 0.001991230854544181, "alpha": 0.7347354434573627, "alpha_std": 0.01066922568213365, "Lambda": 977.7212159214232, "Lambda_std": 75.23537177648763}, "power_law": {"D": 0.31093543472959106, "D_std": 0.0042305078819474115, "xmin": 1e-07, "xmin_std": 0.0, "V": 0.4877505909983725, "V_std": 0.0050169871792721836, "Asquare": 191.25954271258544, "Asquare_std": 6.012016152821188, "Kappa": 1.070583050410728, "Kappa_std": 0.0022295056840155774, "alpha": 1.1610607929017693, "alpha_std": 0.0008575954033293697}, "stretched_exponential": {"D": 0.025870257154230036, "D_std": 0.003383106002001715, "xmin": 1e-07, "xmin_std": 0.0, "V": 0.04737828848354815, "V_std": 0.005831721474795414, "Asquare": 1.6136166870333888, "Asquare_std": 0.27797498120647085, "Kappa": 0.9989342946100941, "Kappa_std": 0.0011314733671769523, "Lambda": 8052.454240236097, "Lambda_std": 277.27137748891465, "beta": 0.4761757964204024, "beta_std": 0.00797086881849755}}