{"alpha": 0.831552155887562, "alpha_std": 0.012665748150126865, "Lambda": 686.9953194535425, "Lambda_std": 60.25693737245128, "D": 0.0532187257433118, "D_std": 0.005225644257718182, "xmin": 5.000000000000001e-07, "xmin_std": 1.0587911840678754e-22, "V": 0.09671949766396049, "V_std": 0.010175090809125391, "Asquare": 60.8149533138576, "Asquare_std": 97.01773676867897, "Kappa": 0.9857278872822081, "Kappa_std": 0.0014352744147533747}