{"alpha": 0.7540197549539392, "alpha_std": 0.024721194822037343, "Lambda": 1364.0265339317598, "Lambda_std": 172.9235051921514, "D": 0.046533540988274794, "D_std": 0.00704791189983002, "xmin": 5.000000000000001e-07, "xmin_std": 1.0587911840678754e-22, "V": 0.07326536055676379, "V_std": 0.009127647793405472, "Asquare": 61698.609518711455, "Asquare_std": 76866.82132785549, "Kappa": 0.9972306236701707, "Kappa_std": 0.0021114269776168664}