{"alpha": 0.6647612074487151, "alpha_std": 0.02174863186942799, "Lambda": 2326.486767467578, "Lambda_std": 169.82783941069104, "D": 0.05023471459101826, "D_std": 0.006596343445496892, "xmin": 1.0000000000000002e-06, "xmin_std": 2.117582368135751e-22, "V": 0.08143181413707751, "V_std": 0.00841605876224605, "Asquare": 177745.1818643759, "Asquare_std": 193310.72240183712, "Kappa": 1.0069976643966243, "Kappa_std": 0.0016011557656029599}