{"lognormal": {"D": 0.04051719230781233, "D_std": 0.0054264808659234024, "xmin": 1e-07, "xmin_std": 0.0, "V": 0.061093384998714896, "V_std": 0.007744874788655157, "Asquare": 3.869968904256548, "Asquare_std": 0.8262095376668419, "Kappa": 1.0110819241781919, "Kappa_std": 0.0012171974359993592, "mu": -10.092865984684558, "mu_std": 0.021974770569376537, "sigma": 2.261969019098458, "sigma_std": 0.01951490281767722}, "exponential": {"D": 0.3573596224066067, "D_std": 0.011568432543282004, "xmin": 1e-07, "xmin_std": 0.0, "V": 0.3929967857420046, "V_std": 0.012019547712483583, "Asquare": 28258880.307789586, "Asquare_std": 8328280.08696259, "Kappa": 0.7919487268204214, "Kappa_std": 0.006484696648374508, "Lambda": 3278.6755792715135, "Lambda_std": 115.78955426763481}, "truncated_power_law": {"D": 0.06507057476147321, "D_std": 0.0037322111090941166, "xmin": 1e-07, "xmin_std": 0.0, "V": 0.12370269229644133, "V_std": 0.007212108357259809, "Asquare": 19.836386138222558, "Asquare_std": 2.9115081491649364, "Kappa": 0.9725645310171332, "Kappa_std": 0.0014413070528773255, "alpha": 0.7794960570881538, "alpha_std": 0.009211750577047597, "Lambda": 839.4963057822351, "Lambda_std": 52.12018493783629}, "power_law": {"D": 0.29956398112509824, "D_std": 0.0032504515740705672, "xmin": 1e-07, "xmin_std": 0.0, "V": 0.4653838383766599, "V_std": 0.004709917707403768, "Asquare": 179.29609465914206, "Asquare_std": 4.494146935459133, "Kappa": 1.0577723036185211, "Kappa_std": 0.0020188177287121744, "alpha": 1.1652537196318824, "alpha_std": 0.000576361050857056}, "stretched_exponential": {"D": 0.02952426180769809, "D_std": 0.0030937129025900983, "xmin": 1e-07, "xmin_std": 0.0, "V": 0.05069448701015673, "V_std": 0.0077362320567866995, "Asquare": 1.465205264972224, "Asquare_std": 0.36826471675245914, "Kappa": 0.9948089599844581, "Kappa_std": 0.0008819907823452438, "Lambda": 9594.572818865232, "Lambda_std": 252.34115761135766, "beta": 0.44210276977836116, "beta_std": 0.006932971532241537}}