{"alpha": 0.5483285971900717, "alpha_std": 0.010411378502662513, "Lambda": 102.40119986491861, "Lambda_std": 4.373490360958424, "D": 0.06197033666295383, "D_std": 0.003853303065243654, "xmin": 1.0000000000000002e-06, "xmin_std": 2.117582368135751e-22, "V": 0.10559597414299463, "V_std": 0.005155176417506757, "Asquare": 11.913636671406843, "Asquare_std": 1.2372515968060036, "Kappa": 0.9897229868272985, "Kappa_std": 0.001058419238876464}