{"alpha": 0.8973915852059726, "alpha_std": 0.033520331771359345, "Lambda": 814.7347717397239, "Lambda_std": 108.3009840643992, "D": 0.05576401175767132, "D_std": 0.006444844764981832, "xmin": 1.0000000000000003e-05, "xmin_std": 1.6940658945086007e-21, "V": 0.0916392495176039, "V_std": 0.010275489631046145, "Asquare": 12.513021602442612, "Asquare_std": 21.814930145076758, "Kappa": 1.0003922144393744, "Kappa_std": 0.0006566163739168701}