{"alpha": 0.7932315043669488, "alpha_std": 0.024607964856272948, "Lambda": 959.7401709800358, "Lambda_std": 144.87374115290544, "D": 0.050529962005086956, "D_std": 0.008672124028960972, "xmin": 5.000000000000001e-07, "xmin_std": 1.0587911840678754e-22, "V": 0.07953918919080727, "V_std": 0.014463640923525357, "Asquare": 792.630858746905, "Asquare_std": 1873.596359447402, "Kappa": 0.992432883035853, "Kappa_std": 0.002103899065947267}