{"alpha": 1.03439957888995, "alpha_std": 0.02024202303508957, "Lambda": 430.8830014228759, "Lambda_std": 44.952291656269736, "D": 0.03528317526333233, "D_std": 0.004933727026032913, "xmin": 1.0000000000000003e-05, "xmin_std": 1.6940658945086007e-21, "V": 0.06258710613134771, "V_std": 0.008158600660175524, "Asquare": 2.9001583786497376, "Asquare_std": 0.9367227709932283, "Kappa": 1.000644440300198, "Kappa_std": 0.00045844922273341574}