{"alpha": 0.4381840907475681, "alpha_std": 0.036944056150187324, "Lambda": 3770.1850609387384, "Lambda_std": 175.1160990360686, "D": 0.0431371376042586, "D_std": 0.006084264087994815, "xmin": 1.0000000000000003e-05, "xmin_std": 1.6940658945086007e-21, "V": 0.07430043737460287, "V_std": 0.009141025093655778, "Asquare": 355446.4089449251, "Asquare_std": 791780.9363838366, "Kappa": 1.0062523685403235, "Kappa_std": 0.0008954665910313994}