{"lognormal": {"D": 0.21600916002991336, "D_std": 0.000590332911002541, "xmin": 1.0000000000000002e-06, "xmin_std": 2.117582368135751e-22, "V": 0.28702058080198245, "V_std": 0.0013263287839982538, "Asquare": 358115720.59790844, "Asquare_std": 16894684.246895988, "Kappa": 1.003761511321397, "Kappa_std": 5.2100162673641314e-05, "mu": -10.83236769174286, "mu_std": 0.0009157421775436555, "sigma": 0.8669941909618611, "sigma_std": 0.002677380676483315}, "exponential": {"D": 0.4267657078977087, "D_std": 0.007230510272282516, "xmin": 1.0000000000000002e-06, "xmin_std": 2.117582368135751e-22, "V": 0.5433711227501659, "V_std": 0.004341779973482403, "Asquare": 3582616795.892202, "Asquare_std": 144481094.82342812, "Kappa": 0.9927441154045009, "Kappa_std": 0.000440947757015669, "Lambda": 13776.519052881413, "Lambda_std": 363.74817644691757}, "truncated_power_law": {"D": 0.4091855976890054, "D_std": 0.0032119704009122944, "xmin": 1.0000000000000002e-06, "xmin_std": 2.117582368135751e-22, "V": 0.634277414353549, "V_std": 0.003128425963925728, "Asquare": 96732872.58278632, "Asquare_std": 18303175.47858613, "Kappa": 0.9877438263143719, "Kappa_std": 0.0007501000955810881, "alpha": 1.02618605592264, "alpha_std": 0.01185418906869588, "Lambda": 1580.5854092031827, "Lambda_std": 144.807533485412}, "power_law": {"D": 0.5377384175373543, "D_std": 0.00011171863207515285, "xmin": 1.0000000000000002e-06, "xmin_std": 2.117582368135751e-22, "V": 0.7184886002258326, "V_std": 0.00038440588669462445, "Asquare": 57.332963590514396, "Asquare_std": 0.5969532338597129, "Kappa": 0.9336809980599936, "Kappa_std": 0.00023669920221224022, "alpha": 1.335112211003943, "alpha_std": 0.00010495655214719319}, "stretched_exponential": {"D": 0.38654996620667, "D_std": 0.0010072812767689934, "xmin": 1.0000000000000002e-06, "xmin_std": 2.117582368135751e-22, "V": 0.5262410557120394, "V_std": 0.0016128556895221126, "Asquare": 196690419.5372161, "Asquare_std": 13941441.093377175, "Kappa": 0.9998522900148146, "Kappa_std": 5.4838308937163916e-05, "Lambda": 50185.81744908072, "Lambda_std": 446.3734742322787, "beta": 0.526868948899607, "beta_std": 0.004487673602665682}}