{"alpha": 0.6483625247366509, "alpha_std": 0.016246985678313654, "Lambda": 2715.886125679071, "Lambda_std": 109.52640658673823, "D": 0.055236542951660514, "D_std": 0.002879663059904727, "xmin": 1.0000000000000002e-06, "xmin_std": 2.117582368135751e-22, "V": 0.09121425322944723, "V_std": 0.006321732749409739, "Asquare": 5.053092567922453, "Asquare_std": 0.591482781868488, "Kappa": 1.0095413174593628, "Kappa_std": 0.0005952579434402921}