{"alpha": 0.6436683179640129, "alpha_std": 0.009015690863917543, "Lambda": 82.9132224908818, "Lambda_std": 4.233632557694534, "D": 0.08955480966590769, "D_std": 0.005829018598240312, "xmin": 1.0000000000000002e-06, "xmin_std": 2.117582368135751e-22, "V": 0.14935961013131188, "V_std": 0.008012501015461426, "Asquare": 9743143.262409639, "Asquare_std": 7701345.5628489265, "Kappa": 0.9752137533930908, "Kappa_std": 0.0010238098202053631}